timestamp,value,point_code,point_index,point_type
2025-07-02 22:00:00,184.54754638671875,20MCS-UNITMW,2075,0
2025-07-02 22:00:01,183.81027221679688,20MCS-UNITMW,2075,0
2025-07-02 22:00:02,184.00848388671875,20MCS-UNITMW,2075,0
2025-07-02 22:00:03,184.16702270507812,20MCS-UNITMW,2075,0
2025-07-02 22:00:04,183.25531005859375,20MCS-UNITMW,2075,0
2025-07-02 22:00:05,183.65170288085938,20MCS-UNITMW,2075,0
2025-07-02 22:00:06,183.96884155273438,20MCS-UNITMW,2075,0
2025-07-02 22:00:07,183.53280639648438,20MCS-UNITMW,2075,0
2025-07-02 22:00:08,183.57241821289062,20MCS-UNITMW,2075,0
2025-07-02 22:00:09,183.45352172851562,20MCS-UNITMW,2075,0
2025-07-02 22:00:10,184.24630737304688,20MCS-UNITMW,2075,0
2025-07-02 22:00:11,184.24630737304688,20MCS-UNITMW,2075,0
2025-07-02 22:00:12,184.00848388671875,20MCS-UNITMW,2075,0
2025-07-02 22:00:13,184.24630737304688,20MCS-UNITMW,2075,0
2025-07-02 22:00:14,183.53280639648438,20MCS-UNITMW,2075,0
2025-07-02 22:00:15,183.96884155273438,20MCS-UNITMW,2075,0
2025-07-02 22:00:16,183.7706298828125,20MCS-UNITMW,2075,0
2025-07-02 22:00:17,183.84991455078125,20MCS-UNITMW,2075,0
2025-07-02 22:00:18,183.37423706054688,20MCS-UNITMW,2075,0
2025-07-02 22:00:19,183.4931640625,20MCS-UNITMW,2075,0
2025-07-02 22:00:20,184.16702270507812,20MCS-UNITMW,2075,0
2025-07-02 22:00:21,184.60577392578125,20MCS-UNITMW,2075,0
2025-07-02 22:00:22,184.6427001953125,20MCS-UNITMW,2075,0
2025-07-02 22:00:23,184.24630737304688,20MCS-UNITMW,2075,0
2025-07-02 22:00:24,184.04812622070312,20MCS-UNITMW,2075,0
2025-07-02 22:00:25,184.63861083984375,20MCS-UNITMW,2075,0
2025-07-02 22:00:26,184.6885986328125,20MCS-UNITMW,2075,0
2025-07-02 22:00:27,184.76162719726562,20MCS-UNITMW,2075,0
2025-07-02 22:00:28,184.6427001953125,20MCS-UNITMW,2075,0
2025-07-02 22:00:29,185.26522827148438,20MCS-UNITMW,2075,0
2025-07-02 22:00:30,185.26998901367188,20MCS-UNITMW,2075,0
2025-07-02 22:00:31,185.15802001953125,20MCS-UNITMW,2075,0
2025-07-02 22:00:32,184.28594970703125,20MCS-UNITMW,2075,0
2025-07-02 22:00:33,185.07876586914062,20MCS-UNITMW,2075,0
2025-07-02 22:00:34,185.3958740234375,20MCS-UNITMW,2075,0
2025-07-02 22:00:35,185.554443359375,20MCS-UNITMW,2075,0
2025-07-02 22:00:36,184.92019653320312,20MCS-UNITMW,2075,0
2025-07-02 22:00:37,185.27694702148438,20MCS-UNITMW,2075,0
2025-07-02 22:00:38,185.43551635742188,20MCS-UNITMW,2075,0
2025-07-02 22:00:39,185.75262451171875,20MCS-UNITMW,2075,0
2025-07-02 22:00:40,185.98129272460938,20MCS-UNITMW,2075,0
2025-07-02 22:00:41,185.11837768554688,20MCS-UNITMW,2075,0
2025-07-02 22:00:42,185.27694702148438,20MCS-UNITMW,2075,0
2025-07-02 22:00:43,185.79226684570312,20MCS-UNITMW,2075,0
2025-07-02 22:00:44,185.47515869140625,20MCS-UNITMW,2075,0
2025-07-02 22:00:45,185.895751953125,20MCS-UNITMW,2075,0
2025-07-02 22:00:46,185.07876586914062,20MCS-UNITMW,2075,0
2025-07-02 22:00:47,185.27694702148438,20MCS-UNITMW,2075,0
2025-07-02 22:00:48,185.98532104492188,20MCS-UNITMW,2075,0
2025-07-02 22:00:49,185.554443359375,20MCS-UNITMW,2075,0
2025-07-02 22:00:50,185.99697875976562,20MCS-UNITMW,2075,0
2025-07-02 22:00:51,185.554443359375,20MCS-UNITMW,2075,0
2025-07-02 22:00:52,184.99948120117188,20MCS-UNITMW,2075,0
2025-07-02 22:00:53,185.3958740234375,20MCS-UNITMW,2075,0
2025-07-02 22:00:54,185.95083618164062,20MCS-UNITMW,2075,0
2025-07-02 22:00:55,186.06976318359375,20MCS-UNITMW,2075,0
2025-07-02 22:00:56,185.75262451171875,20MCS-UNITMW,2075,0
2025-07-02 22:00:57,185.75262451171875,20MCS-UNITMW,2075,0
2025-07-02 22:00:58,186.24200439453125,20MCS-UNITMW,2075,0
2025-07-02 22:00:59,186.12152099609375,20MCS-UNITMW,2075,0
2025-07-02 22:01:00,185.87155151367188,20MCS-UNITMW,2075,0
2025-07-02 22:01:01,185.79226684570312,20MCS-UNITMW,2075,0
2025-07-02 22:01:02,186.14328002929688,20MCS-UNITMW,2075,0
2025-07-02 22:01:03,186.426513671875,20MCS-UNITMW,2075,0
2025-07-02 22:01:04,186.03012084960938,20MCS-UNITMW,2075,0
2025-07-02 22:01:05,186.109375,20MCS-UNITMW,2075,0
2025-07-02 22:01:06,186.03012084960938,20MCS-UNITMW,2075,0
2025-07-02 22:01:07,185.67333984375,20MCS-UNITMW,2075,0
2025-07-02 22:01:08,185.27694702148438,20MCS-UNITMW,2075,0
2025-07-02 22:01:09,186.0179443359375,20MCS-UNITMW,2075,0
2025-07-02 22:01:10,186.1368408203125,20MCS-UNITMW,2075,0
2025-07-02 22:01:11,185.67333984375,20MCS-UNITMW,2075,0
2025-07-02 22:01:12,185.75262451171875,20MCS-UNITMW,2075,0
2025-07-02 22:01:13,185.554443359375,20MCS-UNITMW,2075,0
2025-07-02 22:01:14,185.87155151367188,20MCS-UNITMW,2075,0
2025-07-02 22:01:15,185.15802001953125,20MCS-UNITMW,2075,0
2025-07-02 22:01:16,185.87155151367188,20MCS-UNITMW,2075,0
2025-07-02 22:01:17,185.554443359375,20MCS-UNITMW,2075,0
2025-07-02 22:01:18,185.554443359375,20MCS-UNITMW,2075,0
2025-07-02 22:01:19,185.79226684570312,20MCS-UNITMW,2075,0
2025-07-02 22:01:20,185.67333984375,20MCS-UNITMW,2075,0
2025-07-02 22:01:21,185.61019897460938,20MCS-UNITMW,2075,0
2025-07-02 22:01:22,185.47515869140625,20MCS-UNITMW,2075,0
2025-07-02 22:01:23,185.85946655273438,20MCS-UNITMW,2075,0
2025-07-02 22:01:24,185.72897338867188,20MCS-UNITMW,2075,0
2025-07-02 22:01:25,185.43551635742188,20MCS-UNITMW,2075,0
2025-07-02 22:01:26,185.91363525390625,20MCS-UNITMW,2075,0
2025-07-02 22:01:27,185.554443359375,20MCS-UNITMW,2075,0
2025-07-02 22:01:28,186.03775024414062,20MCS-UNITMW,2075,0
2025-07-02 22:01:29,185.95083618164062,20MCS-UNITMW,2075,0
2025-07-02 22:01:30,185.27694702148438,20MCS-UNITMW,2075,0
2025-07-02 22:01:31,185.2373046875,20MCS-UNITMW,2075,0
2025-07-02 22:01:32,185.19766235351562,20MCS-UNITMW,2075,0
2025-07-02 22:01:33,185.75262451171875,20MCS-UNITMW,2075,0
2025-07-02 22:01:34,186.62469482421875,20MCS-UNITMW,2075,0
2025-07-02 22:01:35,185.51480102539062,20MCS-UNITMW,2075,0
2025-07-02 22:01:36,185.67333984375,20MCS-UNITMW,2075,0
2025-07-02 22:01:37,185.51480102539062,20MCS-UNITMW,2075,0
2025-07-02 22:01:38,185.98516845703125,20MCS-UNITMW,2075,0
2025-07-02 22:01:39,185.75262451171875,20MCS-UNITMW,2075,0
2025-07-02 22:01:40,185.43551635742188,20MCS-UNITMW,2075,0
2025-07-02 22:01:41,185.59405517578125,20MCS-UNITMW,2075,0
2025-07-02 22:01:42,185.71298217773438,20MCS-UNITMW,2075,0
2025-07-02 22:01:43,184.80126953125,20MCS-UNITMW,2075,0
2025-07-02 22:01:44,184.84091186523438,20MCS-UNITMW,2075,0
2025-07-02 22:01:45,184.9598388671875,20MCS-UNITMW,2075,0
2025-07-02 22:01:46,184.92019653320312,20MCS-UNITMW,2075,0
2025-07-02 22:01:47,185.75262451171875,20MCS-UNITMW,2075,0
2025-07-02 22:01:48,185.554443359375,20MCS-UNITMW,2075,0
2025-07-02 22:01:49,184.9598388671875,20MCS-UNITMW,2075,0
2025-07-02 22:01:50,185.15802001953125,20MCS-UNITMW,2075,0
2025-07-02 22:01:51,184.92019653320312,20MCS-UNITMW,2075,0
2025-07-02 22:01:52,185.2373046875,20MCS-UNITMW,2075,0
2025-07-02 22:01:53,184.76162719726562,20MCS-UNITMW,2075,0
2025-07-02 22:01:54,184.68234252929688,20MCS-UNITMW,2075,0
2025-07-02 22:01:55,185.07876586914062,20MCS-UNITMW,2075,0
2025-07-02 22:01:56,185.1109619140625,20MCS-UNITMW,2075,0
2025-07-02 22:01:57,185.15802001953125,20MCS-UNITMW,2075,0
2025-07-02 22:01:58,184.76162719726562,20MCS-UNITMW,2075,0
2025-07-02 22:01:59,183.92919921875,20MCS-UNITMW,2075,0
2025-07-02 22:02:00,184.16702270507812,20MCS-UNITMW,2075,0
2025-07-02 22:02:01,184.04812622070312,20MCS-UNITMW,2075,0
2025-07-02 22:02:02,183.92919921875,20MCS-UNITMW,2075,0
2025-07-02 22:02:03,184.28594970703125,20MCS-UNITMW,2075,0
2025-07-02 22:02:04,183.73098754882812,20MCS-UNITMW,2075,0
2025-07-02 22:02:05,183.88955688476562,20MCS-UNITMW,2075,0
2025-07-02 22:02:06,184.12738037109375,20MCS-UNITMW,2075,0
2025-07-02 22:02:07,184.00848388671875,20MCS-UNITMW,2075,0
2025-07-02 22:02:08,183.7706298828125,20MCS-UNITMW,2075,0
2025-07-02 22:02:09,183.57241821289062,20MCS-UNITMW,2075,0
2025-07-02 22:02:10,183.73098754882812,20MCS-UNITMW,2075,0
2025-07-02 22:02:11,183.69134521484375,20MCS-UNITMW,2075,0
2025-07-02 22:02:12,183.87548828125,20MCS-UNITMW,2075,0
2025-07-02 22:02:13,183.72509765625,20MCS-UNITMW,2075,0
2025-07-02 22:02:14,183.65170288085938,20MCS-UNITMW,2075,0
2025-07-02 22:02:15,183.92282104492188,20MCS-UNITMW,2075,0
2025-07-02 22:02:16,183.92919921875,20MCS-UNITMW,2075,0
2025-07-02 22:02:17,183.82241821289062,20MCS-UNITMW,2075,0
2025-07-02 22:02:18,183.05709838867188,20MCS-UNITMW,2075,0
2025-07-02 22:02:19,182.77963256835938,20MCS-UNITMW,2075,0
2025-07-02 22:02:20,183.25531005859375,20MCS-UNITMW,2075,0
2025-07-02 22:02:21,182.8985595703125,20MCS-UNITMW,2075,0
2025-07-02 22:02:22,183.176025390625,20MCS-UNITMW,2075,0
2025-07-02 22:02:23,183.13128662109375,20MCS-UNITMW,2075,0
2025-07-02 22:02:24,182.26431274414062,20MCS-UNITMW,2075,0
2025-07-02 22:02:25,182.66070556640625,20MCS-UNITMW,2075,0
2025-07-02 22:02:26,182.97784423828125,20MCS-UNITMW,2075,0
2025-07-02 22:02:27,182.81927490234375,20MCS-UNITMW,2075,0
2025-07-02 22:02:28,182.42288208007812,20MCS-UNITMW,2075,0
2025-07-02 22:02:29,182.26431274414062,20MCS-UNITMW,2075,0
2025-07-02 22:02:30,182.77105712890625,20MCS-UNITMW,2075,0
2025-07-02 22:02:31,182.53121948242188,20MCS-UNITMW,2075,0
2025-07-02 22:02:32,182.3355712890625,20MCS-UNITMW,2075,0
2025-07-02 22:02:33,181.63006591796875,20MCS-UNITMW,2075,0
2025-07-02 22:02:34,181.35260009765625,20MCS-UNITMW,2075,0
2025-07-02 22:02:35,182.4625244140625,20MCS-UNITMW,2075,0
2025-07-02 22:02:36,182.45730590820312,20MCS-UNITMW,2075,0
2025-07-02 22:02:37,182.5814208984375,20MCS-UNITMW,2075,0
2025-07-02 22:02:38,181.867919921875,20MCS-UNITMW,2075,0
2025-07-02 22:02:39,181.35260009765625,20MCS-UNITMW,2075,0
2025-07-02 22:02:40,181.63006591796875,20MCS-UNITMW,2075,0
2025-07-02 22:02:41,181.78863525390625,20MCS-UNITMW,2075,0
2025-07-02 22:02:42,180.71835327148438,20MCS-UNITMW,2075,0
2025-07-02 22:02:43,180.63906860351562,20MCS-UNITMW,2075,0
2025-07-02 22:02:44,181.47152709960938,20MCS-UNITMW,2075,0
2025-07-02 22:02:45,181.60214233398438,20MCS-UNITMW,2075,0
2025-07-02 22:02:46,181.35260009765625,20MCS-UNITMW,2075,0
2025-07-02 22:02:47,181.23367309570312,20MCS-UNITMW,2075,0
2025-07-02 22:02:48,180.44088745117188,20MCS-UNITMW,2075,0
2025-07-02 22:02:49,181.07510375976562,20MCS-UNITMW,2075,0
2025-07-02 22:02:50,181.431884765625,20MCS-UNITMW,2075,0
2025-07-02 22:02:51,180.75799560546875,20MCS-UNITMW,2075,0
2025-07-02 22:02:52,180.6787109375,20MCS-UNITMW,2075,0
2025-07-02 22:02:53,180.59942626953125,20MCS-UNITMW,2075,0
2025-07-02 22:02:54,180.90322875976562,20MCS-UNITMW,2075,0
2025-07-02 22:02:55,180.44088745117188,20MCS-UNITMW,2075,0
2025-07-02 22:02:56,180.48052978515625,20MCS-UNITMW,2075,0
2025-07-02 22:02:57,180.55978393554688,20MCS-UNITMW,2075,0
2025-07-02 22:02:58,180.28231811523438,20MCS-UNITMW,2075,0
2025-07-02 22:02:59,180.36160278320312,20MCS-UNITMW,2075,0
2025-07-02 22:03:00,180.73001098632812,20MCS-UNITMW,2075,0
2025-07-02 22:03:01,180.63906860351562,20MCS-UNITMW,2075,0
2025-07-02 22:03:02,180.24267578125,20MCS-UNITMW,2075,0
2025-07-02 22:03:03,180.0841064453125,20MCS-UNITMW,2075,0
2025-07-02 22:03:04,180.29483032226562,20MCS-UNITMW,2075,0
2025-07-02 22:03:05,179.72735595703125,20MCS-UNITMW,2075,0
2025-07-02 22:03:06,179.9652099609375,20MCS-UNITMW,2075,0
2025-07-02 22:03:07,179.806640625,20MCS-UNITMW,2075,0
2025-07-02 22:03:08,179.68771362304688,20MCS-UNITMW,2075,0
2025-07-02 22:03:09,179.44989013671875,20MCS-UNITMW,2075,0
2025-07-02 22:03:10,179.72735595703125,20MCS-UNITMW,2075,0
2025-07-02 22:03:11,179.88592529296875,20MCS-UNITMW,2075,0
2025-07-02 22:03:12,179.25167846679688,20MCS-UNITMW,2075,0
2025-07-02 22:03:13,178.9345703125,20MCS-UNITMW,2075,0
2025-07-02 22:03:14,179.2120361328125,20MCS-UNITMW,2075,0
2025-07-02 22:03:15,179.01382446289062,20MCS-UNITMW,2075,0
2025-07-02 22:03:16,178.9345703125,20MCS-UNITMW,2075,0
2025-07-02 22:03:17,179.23001098632812,20MCS-UNITMW,2075,0
2025-07-02 22:03:18,178.89492797851562,20MCS-UNITMW,2075,0
2025-07-02 22:03:19,178.85528564453125,20MCS-UNITMW,2075,0
2025-07-02 22:03:20,179.76699829101562,20MCS-UNITMW,2075,0
2025-07-02 22:03:21,180.10641479492188,20MCS-UNITMW,2075,0
2025-07-02 22:03:22,179.92556762695312,20MCS-UNITMW,2075,0
2025-07-02 22:03:23,179.8154296875,20MCS-UNITMW,2075,0
2025-07-02 22:03:24,179.053466796875,20MCS-UNITMW,2075,0
2025-07-02 22:03:25,179.41024780273438,20MCS-UNITMW,2075,0
2025-07-02 22:03:26,178.3399658203125,20MCS-UNITMW,2075,0
2025-07-02 22:03:27,177.9039306640625,20MCS-UNITMW,2075,0
2025-07-02 22:03:28,177.9039306640625,20MCS-UNITMW,2075,0
2025-07-02 22:03:29,178.30032348632812,20MCS-UNITMW,2075,0
2025-07-02 22:03:30,178.7596435546875,20MCS-UNITMW,2075,0
2025-07-02 22:03:31,179.52914428710938,20MCS-UNITMW,2075,0
2025-07-02 22:03:32,179.84628295898438,20MCS-UNITMW,2075,0
2025-07-02 22:03:33,179.48953247070312,20MCS-UNITMW,2075,0
2025-07-02 22:03:34,177.82464599609375,20MCS-UNITMW,2075,0
2025-07-02 22:03:35,178.14175415039062,20MCS-UNITMW,2075,0
2025-07-02 22:03:36,177.1507568359375,20MCS-UNITMW,2075,0
2025-07-02 22:03:37,177.62643432617188,20MCS-UNITMW,2075,0
2025-07-02 22:03:38,178.26068115234375,20MCS-UNITMW,2075,0
2025-07-02 22:03:39,178.57778930664062,20MCS-UNITMW,2075,0
2025-07-02 22:03:40,178.74069213867188,20MCS-UNITMW,2075,0
2025-07-02 22:03:41,178.81564331054688,20MCS-UNITMW,2075,0
2025-07-02 22:03:42,178.81564331054688,20MCS-UNITMW,2075,0
2025-07-02 22:03:43,178.37960815429688,20MCS-UNITMW,2075,0
2025-07-02 22:03:44,178.14175415039062,20MCS-UNITMW,2075,0
2025-07-02 22:03:45,178.10211181640625,20MCS-UNITMW,2075,0
2025-07-02 22:03:46,177.70571899414062,20MCS-UNITMW,2075,0
2025-07-02 22:03:47,177.309326171875,20MCS-UNITMW,2075,0
2025-07-02 22:03:48,178.65707397460938,20MCS-UNITMW,2075,0
2025-07-02 22:03:49,178.73635864257812,20MCS-UNITMW,2075,0
2025-07-02 22:03:50,179.37060546875,20MCS-UNITMW,2075,0
2025-07-02 22:03:51,179.88592529296875,20MCS-UNITMW,2075,0
2025-07-02 22:03:52,180.13034057617188,20MCS-UNITMW,2075,0
2025-07-02 22:03:53,178.65707397460938,20MCS-UNITMW,2075,0
2025-07-02 22:03:54,178.85528564453125,20MCS-UNITMW,2075,0
2025-07-02 22:03:55,178.7760009765625,20MCS-UNITMW,2075,0
2025-07-02 22:03:56,179.2120361328125,20MCS-UNITMW,2075,0
2025-07-02 22:03:57,179.08200073242188,20MCS-UNITMW,2075,0
2025-07-02 22:03:58,178.7760009765625,20MCS-UNITMW,2075,0
2025-07-02 22:03:59,179.13275146484375,20MCS-UNITMW,2075,0
2025-07-02 22:04:00,180.16339111328125,20MCS-UNITMW,2075,0
2025-07-02 22:04:01,179.48953247070312,20MCS-UNITMW,2075,0
2025-07-02 22:04:02,179.33096313476562,20MCS-UNITMW,2075,0
2025-07-02 22:04:03,179.37060546875,20MCS-UNITMW,2075,0
2025-07-02 22:04:04,178.97421264648438,20MCS-UNITMW,2075,0
2025-07-02 22:04:05,179.7054443359375,20MCS-UNITMW,2075,0
2025-07-02 22:04:06,179.01382446289062,20MCS-UNITMW,2075,0
2025-07-02 22:04:07,180.36160278320312,20MCS-UNITMW,2075,0
2025-07-02 22:04:08,179.88592529296875,20MCS-UNITMW,2075,0
2025-07-02 22:04:09,179.84173583984375,20MCS-UNITMW,2075,0
2025-07-02 22:04:10,180.05133056640625,20MCS-UNITMW,2075,0
2025-07-02 22:04:11,180.40130615234375,20MCS-UNITMW,2075,0
2025-07-02 22:04:12,180.44088745117188,20MCS-UNITMW,2075,0
2025-07-02 22:04:13,180.28231811523438,20MCS-UNITMW,2075,0
2025-07-02 22:04:14,179.72735595703125,20MCS-UNITMW,2075,0
2025-07-02 22:04:15,179.92556762695312,20MCS-UNITMW,2075,0
2025-07-02 22:04:16,180.55352783203125,20MCS-UNITMW,2075,0
2025-07-02 22:04:17,180.04446411132812,20MCS-UNITMW,2075,0
2025-07-02 22:04:18,180.6787109375,20MCS-UNITMW,2075,0
2025-07-02 22:04:19,179.76699829101562,20MCS-UNITMW,2075,0
2025-07-02 22:04:20,180.24267578125,20MCS-UNITMW,2075,0
2025-07-02 22:04:21,180.04446411132812,20MCS-UNITMW,2075,0
2025-07-02 22:04:22,180.16339111328125,20MCS-UNITMW,2075,0
2025-07-02 22:04:23,180.79763793945312,20MCS-UNITMW,2075,0
2025-07-02 22:04:24,181.24627685546875,20MCS-UNITMW,2075,0
2025-07-02 22:04:25,180.95620727539062,20MCS-UNITMW,2075,0
2025-07-02 22:04:26,181.03546142578125,20MCS-UNITMW,2075,0
2025-07-02 22:04:27,181.22396850585938,20MCS-UNITMW,2075,0
2025-07-02 22:04:28,181.35260009765625,20MCS-UNITMW,2075,0
2025-07-02 22:04:29,180.87692260742188,20MCS-UNITMW,2075,0
2025-07-02 22:04:30,181.36212158203125,20MCS-UNITMW,2075,0
2025-07-02 22:04:31,180.95620727539062,20MCS-UNITMW,2075,0
2025-07-02 22:04:32,181.07510375976562,20MCS-UNITMW,2075,0
2025-07-02 22:04:33,181.39224243164062,20MCS-UNITMW,2075,0
2025-07-02 22:04:34,181.35800170898438,20MCS-UNITMW,2075,0
2025-07-02 22:04:35,181.74899291992188,20MCS-UNITMW,2075,0
2025-07-02 22:04:36,181.74899291992188,20MCS-UNITMW,2075,0
2025-07-02 22:04:37,181.23367309570312,20MCS-UNITMW,2075,0
2025-07-02 22:04:38,181.19403076171875,20MCS-UNITMW,2075,0
2025-07-02 22:04:39,181.53274536132812,20MCS-UNITMW,2075,0
2025-07-02 22:04:40,181.15438842773438,20MCS-UNITMW,2075,0
2025-07-02 22:04:41,181.47152709960938,20MCS-UNITMW,2075,0
2025-07-02 22:04:42,181.78863525390625,20MCS-UNITMW,2075,0
2025-07-02 22:04:43,181.03546142578125,20MCS-UNITMW,2075,0
2025-07-02 22:04:44,181.31295776367188,20MCS-UNITMW,2075,0
2025-07-02 22:04:45,181.19403076171875,20MCS-UNITMW,2075,0
2025-07-02 22:04:46,181.19403076171875,20MCS-UNITMW,2075,0
2025-07-02 22:04:47,181.2733154296875,20MCS-UNITMW,2075,0
2025-07-02 22:04:48,181.39224243164062,20MCS-UNITMW,2075,0
2025-07-02 22:04:49,181.65933227539062,20MCS-UNITMW,2075,0
2025-07-02 22:04:50,181.63006591796875,20MCS-UNITMW,2075,0
2025-07-02 22:04:51,181.867919921875,20MCS-UNITMW,2075,0
2025-07-02 22:04:52,181.60052490234375,20MCS-UNITMW,2075,0
2025-07-02 22:04:53,182.02725219726562,20MCS-UNITMW,2075,0
2025-07-02 22:04:54,180.8372802734375,20MCS-UNITMW,2075,0
2025-07-02 22:04:55,181.03546142578125,20MCS-UNITMW,2075,0
2025-07-02 22:04:56,181.55078125,20MCS-UNITMW,2075,0
2025-07-02 22:04:57,181.23367309570312,20MCS-UNITMW,2075,0
2025-07-02 22:04:58,181.94720458984375,20MCS-UNITMW,2075,0
2025-07-02 22:04:59,181.35260009765625,20MCS-UNITMW,2075,0
2025-07-02 22:05:00,181.59042358398438,20MCS-UNITMW,2075,0
2025-07-02 22:05:01,182.13348388671875,20MCS-UNITMW,2075,0
2025-07-02 22:05:02,181.35260009765625,20MCS-UNITMW,2075,0
2025-07-02 22:05:03,181.78863525390625,20MCS-UNITMW,2075,0
2025-07-02 22:05:04,181.63006591796875,20MCS-UNITMW,2075,0
2025-07-02 22:05:05,182.08200073242188,20MCS-UNITMW,2075,0
2025-07-02 22:05:06,182.29473876953125,20MCS-UNITMW,2075,0
2025-07-02 22:05:07,182.5814208984375,20MCS-UNITMW,2075,0
2025-07-02 22:05:08,182.38323974609375,20MCS-UNITMW,2075,0
2025-07-02 22:05:09,182.875244140625,20MCS-UNITMW,2075,0
2025-07-02 22:05:10,182.85891723632812,20MCS-UNITMW,2075,0
2025-07-02 22:05:11,182.81927490234375,20MCS-UNITMW,2075,0
2025-07-02 22:05:12,182.76040649414062,20MCS-UNITMW,2075,0
2025-07-02 22:05:13,182.62106323242188,20MCS-UNITMW,2075,0
2025-07-02 22:05:14,182.38323974609375,20MCS-UNITMW,2075,0
2025-07-02 22:05:15,182.77963256835938,20MCS-UNITMW,2075,0
2025-07-02 22:05:16,182.50216674804688,20MCS-UNITMW,2075,0
2025-07-02 22:05:17,183.14224243164062,20MCS-UNITMW,2075,0
2025-07-02 22:05:18,182.54180908203125,20MCS-UNITMW,2075,0
2025-07-02 22:05:19,182.1453857421875,20MCS-UNITMW,2075,0
2025-07-02 22:05:20,182.8985595703125,20MCS-UNITMW,2075,0
2025-07-02 22:05:21,182.1453857421875,20MCS-UNITMW,2075,0
2025-07-02 22:05:22,182.8985595703125,20MCS-UNITMW,2075,0
2025-07-02 22:05:23,182.739990234375,20MCS-UNITMW,2075,0
2025-07-02 22:05:24,183.25531005859375,20MCS-UNITMW,2075,0
2025-07-02 22:05:25,182.97784423828125,20MCS-UNITMW,2075,0
2025-07-02 22:05:26,182.77963256835938,20MCS-UNITMW,2075,0
2025-07-02 22:05:27,183.29495239257812,20MCS-UNITMW,2075,0
2025-07-02 22:05:28,183.13638305664062,20MCS-UNITMW,2075,0
2025-07-02 22:05:29,183.25531005859375,20MCS-UNITMW,2075,0
2025-07-02 22:05:30,183.677734375,20MCS-UNITMW,2075,0
2025-07-02 22:05:31,182.85891723632812,20MCS-UNITMW,2075,0
2025-07-02 22:05:32,182.66070556640625,20MCS-UNITMW,2075,0
2025-07-02 22:05:33,183.13638305664062,20MCS-UNITMW,2075,0
2025-07-02 22:05:34,182.8985595703125,20MCS-UNITMW,2075,0
2025-07-02 22:05:35,182.50216674804688,20MCS-UNITMW,2075,0
2025-07-02 22:05:36,182.1453857421875,20MCS-UNITMW,2075,0
2025-07-02 22:05:37,182.739990234375,20MCS-UNITMW,2075,0
2025-07-02 22:05:38,182.26431274414062,20MCS-UNITMW,2075,0
2025-07-02 22:05:39,182.85891723632812,20MCS-UNITMW,2075,0
2025-07-02 22:05:40,182.97198486328125,20MCS-UNITMW,2075,0
2025-07-02 22:05:41,182.70034790039062,20MCS-UNITMW,2075,0
2025-07-02 22:05:42,182.10574340820312,20MCS-UNITMW,2075,0
2025-07-02 22:05:43,182.303955078125,20MCS-UNITMW,2075,0
2025-07-02 22:05:44,183.09890747070312,20MCS-UNITMW,2075,0
2025-07-02 22:05:45,183.30938720703125,20MCS-UNITMW,2075,0
2025-07-02 22:05:46,183.05709838867188,20MCS-UNITMW,2075,0
2025-07-02 22:05:47,182.303955078125,20MCS-UNITMW,2075,0
2025-07-02 22:05:48,182.06610107421875,20MCS-UNITMW,2075,0
2025-07-02 22:05:49,182.38323974609375,20MCS-UNITMW,2075,0
2025-07-02 22:05:50,182.5814208984375,20MCS-UNITMW,2075,0
2025-07-02 22:05:51,182.91738891601562,20MCS-UNITMW,2075,0
2025-07-02 22:05:52,183.15850830078125,20MCS-UNITMW,2075,0
2025-07-02 22:05:53,183.09674072265625,20MCS-UNITMW,2075,0
2025-07-02 22:05:54,183.31307983398438,20MCS-UNITMW,2075,0
2025-07-02 22:05:55,182.739990234375,20MCS-UNITMW,2075,0
2025-07-02 22:05:56,182.739990234375,20MCS-UNITMW,2075,0
2025-07-02 22:05:57,182.54180908203125,20MCS-UNITMW,2075,0
2025-07-02 22:05:58,182.54180908203125,20MCS-UNITMW,2075,0
2025-07-02 22:05:59,182.856689453125,20MCS-UNITMW,2075,0
2025-07-02 22:06:00,182.91900634765625,20MCS-UNITMW,2075,0
2025-07-02 22:06:01,182.50216674804688,20MCS-UNITMW,2075,0
2025-07-02 22:06:02,183.0927734375,20MCS-UNITMW,2075,0
2025-07-02 22:06:03,183.05709838867188,20MCS-UNITMW,2075,0
2025-07-02 22:06:04,182.95126342773438,20MCS-UNITMW,2075,0
2025-07-02 22:06:05,182.62298583984375,20MCS-UNITMW,2075,0
2025-07-02 22:06:06,182.5814208984375,20MCS-UNITMW,2075,0
2025-07-02 22:06:07,182.63943481445312,20MCS-UNITMW,2075,0
2025-07-02 22:06:08,182.38323974609375,20MCS-UNITMW,2075,0
2025-07-02 22:06:09,182.5814208984375,20MCS-UNITMW,2075,0
2025-07-02 22:06:10,182.62106323242188,20MCS-UNITMW,2075,0
2025-07-02 22:06:11,182.4625244140625,20MCS-UNITMW,2075,0
2025-07-02 22:06:12,182.38323974609375,20MCS-UNITMW,2075,0
2025-07-02 22:06:13,182.81927490234375,20MCS-UNITMW,2075,0
2025-07-02 22:06:14,182.81927490234375,20MCS-UNITMW,2075,0
2025-07-02 22:06:15,182.81927490234375,20MCS-UNITMW,2075,0
2025-07-02 22:06:16,182.62106323242188,20MCS-UNITMW,2075,0
2025-07-02 22:06:17,182.739990234375,20MCS-UNITMW,2075,0
2025-07-02 22:06:18,182.62106323242188,20MCS-UNITMW,2075,0
2025-07-02 22:06:19,182.77963256835938,20MCS-UNITMW,2075,0
2025-07-02 22:06:20,183.02456665039062,20MCS-UNITMW,2075,0
2025-07-02 22:06:21,182.26431274414062,20MCS-UNITMW,2075,0
2025-07-02 22:06:22,182.38323974609375,20MCS-UNITMW,2075,0
2025-07-02 22:06:23,182.22467041015625,20MCS-UNITMW,2075,0
2025-07-02 22:06:24,181.74899291992188,20MCS-UNITMW,2075,0
2025-07-02 22:06:25,181.66970825195312,20MCS-UNITMW,2075,0
2025-07-02 22:06:26,182.06610107421875,20MCS-UNITMW,2075,0
2025-07-02 22:06:27,181.98684692382812,20MCS-UNITMW,2075,0
2025-07-02 22:06:28,182.18502807617188,20MCS-UNITMW,2075,0
2025-07-02 22:06:29,182.26431274414062,20MCS-UNITMW,2075,0
2025-07-02 22:06:30,182.38323974609375,20MCS-UNITMW,2075,0
2025-07-02 22:06:31,181.74899291992188,20MCS-UNITMW,2075,0
2025-07-02 22:06:32,181.59042358398438,20MCS-UNITMW,2075,0
2025-07-02 22:06:33,180.995849609375,20MCS-UNITMW,2075,0
2025-07-02 22:06:34,181.35260009765625,20MCS-UNITMW,2075,0
2025-07-02 22:06:35,181.94720458984375,20MCS-UNITMW,2075,0
2025-07-02 22:06:36,181.59042358398438,20MCS-UNITMW,2075,0
2025-07-02 22:06:37,181.59042358398438,20MCS-UNITMW,2075,0
2025-07-02 22:06:38,180.995849609375,20MCS-UNITMW,2075,0
2025-07-02 22:06:39,180.48052978515625,20MCS-UNITMW,2075,0
2025-07-02 22:06:40,180.995849609375,20MCS-UNITMW,2075,0
2025-07-02 22:06:41,180.5201416015625,20MCS-UNITMW,2075,0
2025-07-02 22:06:42,180.87692260742188,20MCS-UNITMW,2075,0
2025-07-02 22:06:43,180.95620727539062,20MCS-UNITMW,2075,0
2025-07-02 22:06:44,181.07510375976562,20MCS-UNITMW,2075,0
2025-07-02 22:06:45,180.6787109375,20MCS-UNITMW,2075,0
2025-07-02 22:06:46,180.79763793945312,20MCS-UNITMW,2075,0
2025-07-02 22:06:47,180.94998168945312,20MCS-UNITMW,2075,0
2025-07-02 22:06:48,180.84332275390625,20MCS-UNITMW,2075,0
2025-07-02 22:06:49,180.44088745117188,20MCS-UNITMW,2075,0
2025-07-02 22:06:50,180.32196044921875,20MCS-UNITMW,2075,0
2025-07-02 22:06:51,180.90603637695312,20MCS-UNITMW,2075,0
2025-07-02 22:06:52,180.7298583984375,20MCS-UNITMW,2075,0
2025-07-02 22:06:53,180.32196044921875,20MCS-UNITMW,2075,0
2025-07-02 22:06:54,180.48052978515625,20MCS-UNITMW,2075,0
2025-07-02 22:06:55,180.28231811523438,20MCS-UNITMW,2075,0
2025-07-02 22:06:56,180.20303344726562,20MCS-UNITMW,2075,0
2025-07-02 22:06:57,180.28231811523438,20MCS-UNITMW,2075,0
2025-07-02 22:06:58,179.56878662109375,20MCS-UNITMW,2075,0
2025-07-02 22:06:59,180.24267578125,20MCS-UNITMW,2075,0
2025-07-02 22:07:00,179.33096313476562,20MCS-UNITMW,2075,0
2025-07-02 22:07:01,179.76699829101562,20MCS-UNITMW,2075,0
2025-07-02 22:07:02,179.2120361328125,20MCS-UNITMW,2075,0
2025-07-02 22:07:03,179.13275146484375,20MCS-UNITMW,2075,0
2025-07-02 22:07:04,179.44989013671875,20MCS-UNITMW,2075,0
2025-07-02 22:07:05,179.17239379882812,20MCS-UNITMW,2075,0
2025-07-02 22:07:06,179.49163818359375,20MCS-UNITMW,2075,0
2025-07-02 22:07:07,179.33096313476562,20MCS-UNITMW,2075,0
2025-07-02 22:07:08,178.97421264648438,20MCS-UNITMW,2075,0
2025-07-02 22:07:09,179.37060546875,20MCS-UNITMW,2075,0
2025-07-02 22:07:10,178.3399658203125,20MCS-UNITMW,2075,0
2025-07-02 22:07:11,178.3399658203125,20MCS-UNITMW,2075,0
2025-07-02 22:07:12,179.12295532226562,20MCS-UNITMW,2075,0
2025-07-02 22:07:13,179.13275146484375,20MCS-UNITMW,2075,0
2025-07-02 22:07:14,179.2120361328125,20MCS-UNITMW,2075,0
2025-07-02 22:07:15,179.053466796875,20MCS-UNITMW,2075,0
2025-07-02 22:07:16,179.29132080078125,20MCS-UNITMW,2075,0
2025-07-02 22:07:17,178.73635864257812,20MCS-UNITMW,2075,0
2025-07-02 22:07:18,178.181396484375,20MCS-UNITMW,2075,0
2025-07-02 22:07:19,177.54714965820312,20MCS-UNITMW,2075,0
2025-07-02 22:07:20,177.26968383789062,20MCS-UNITMW,2075,0
2025-07-02 22:07:21,177.94357299804688,20MCS-UNITMW,2075,0
2025-07-02 22:07:22,177.94357299804688,20MCS-UNITMW,2075,0
2025-07-02 22:07:23,178.49850463867188,20MCS-UNITMW,2075,0
2025-07-02 22:07:24,178.53814697265625,20MCS-UNITMW,2075,0
2025-07-02 22:07:25,178.26068115234375,20MCS-UNITMW,2075,0
2025-07-02 22:07:26,177.86428833007812,20MCS-UNITMW,2075,0
2025-07-02 22:07:27,177.86428833007812,20MCS-UNITMW,2075,0
2025-07-02 22:07:28,177.94357299804688,20MCS-UNITMW,2075,0
2025-07-02 22:07:29,178.02841186523438,20MCS-UNITMW,2075,0
2025-07-02 22:07:30,178.18621826171875,20MCS-UNITMW,2075,0
2025-07-02 22:07:31,177.98318481445312,20MCS-UNITMW,2075,0
2025-07-02 22:07:32,177.66607666015625,20MCS-UNITMW,2075,0
2025-07-02 22:07:33,177.11111450195312,20MCS-UNITMW,2075,0
2025-07-02 22:07:34,177.5867919921875,20MCS-UNITMW,2075,0
2025-07-02 22:07:35,177.66607666015625,20MCS-UNITMW,2075,0
2025-07-02 22:07:36,177.309326171875,20MCS-UNITMW,2075,0
2025-07-02 22:07:37,177.4678955078125,20MCS-UNITMW,2075,0
2025-07-02 22:07:38,176.83364868164062,20MCS-UNITMW,2075,0
2025-07-02 22:07:39,176.75436401367188,20MCS-UNITMW,2075,0
2025-07-02 22:07:40,177.015380859375,20MCS-UNITMW,2075,0
2025-07-02 22:07:41,176.67507934570312,20MCS-UNITMW,2075,0
2025-07-02 22:07:42,176.873291015625,20MCS-UNITMW,2075,0
2025-07-02 22:07:43,176.873291015625,20MCS-UNITMW,2075,0
2025-07-02 22:07:44,176.75436401367188,20MCS-UNITMW,2075,0
2025-07-02 22:07:45,177.064453125,20MCS-UNITMW,2075,0
2025-07-02 22:07:46,177.26968383789062,20MCS-UNITMW,2075,0
2025-07-02 22:07:47,176.914306640625,20MCS-UNITMW,2075,0
2025-07-02 22:07:48,175.72372436523438,20MCS-UNITMW,2075,0
2025-07-02 22:07:49,175.32733154296875,20MCS-UNITMW,2075,0
2025-07-02 22:07:50,175.92193603515625,20MCS-UNITMW,2075,0
2025-07-02 22:07:51,175.92193603515625,20MCS-UNITMW,2075,0
2025-07-02 22:07:52,175.64443969726562,20MCS-UNITMW,2075,0
2025-07-02 22:07:53,175.48587036132812,20MCS-UNITMW,2075,0
2025-07-02 22:07:54,175.92193603515625,20MCS-UNITMW,2075,0
2025-07-02 22:07:55,176.2786865234375,20MCS-UNITMW,2075,0
2025-07-02 22:07:56,175.56515502929688,20MCS-UNITMW,2075,0
2025-07-02 22:07:57,174.85165405273438,20MCS-UNITMW,2075,0
2025-07-02 22:07:58,175.16876220703125,20MCS-UNITMW,2075,0
2025-07-02 22:07:59,175.28768920898438,20MCS-UNITMW,2075,0
2025-07-02 22:08:00,175.04983520507812,20MCS-UNITMW,2075,0
2025-07-02 22:08:01,175.48587036132812,20MCS-UNITMW,2075,0
2025-07-02 22:08:02,174.93093872070312,20MCS-UNITMW,2075,0
2025-07-02 22:08:03,174.57415771484375,20MCS-UNITMW,2075,0
2025-07-02 22:08:04,174.494873046875,20MCS-UNITMW,2075,0
2025-07-02 22:08:05,174.6534423828125,20MCS-UNITMW,2075,0
2025-07-02 22:08:06,175.12911987304688,20MCS-UNITMW,2075,0
2025-07-02 22:08:07,175.248046875,20MCS-UNITMW,2075,0
2025-07-02 22:08:08,175.04983520507812,20MCS-UNITMW,2075,0
2025-07-02 22:08:09,174.6534423828125,20MCS-UNITMW,2075,0
2025-07-02 22:08:10,174.70672607421875,20MCS-UNITMW,2075,0
2025-07-02 22:08:11,174.61380004882812,20MCS-UNITMW,2075,0
2025-07-02 22:08:12,174.85562133789062,20MCS-UNITMW,2075,0
2025-07-02 22:08:13,174.45523071289062,20MCS-UNITMW,2075,0
2025-07-02 22:08:14,174.25704956054688,20MCS-UNITMW,2075,0
2025-07-02 22:08:15,174.494873046875,20MCS-UNITMW,2075,0
2025-07-02 22:08:16,174.6534423828125,20MCS-UNITMW,2075,0
2025-07-02 22:08:17,174.6534423828125,20MCS-UNITMW,2075,0
2025-07-02 22:08:18,174.69308471679688,20MCS-UNITMW,2075,0
2025-07-02 22:08:19,174.53451538085938,20MCS-UNITMW,2075,0
2025-07-02 22:08:20,174.494873046875,20MCS-UNITMW,2075,0
2025-07-02 22:08:21,174.494873046875,20MCS-UNITMW,2075,0
2025-07-02 22:08:22,174.33633422851562,20MCS-UNITMW,2075,0
2025-07-02 22:08:23,174.72470092773438,20MCS-UNITMW,2075,0
2025-07-02 22:08:24,174.17776489257812,20MCS-UNITMW,2075,0
2025-07-02 22:08:25,174.57415771484375,20MCS-UNITMW,2075,0
2025-07-02 22:08:26,174.17776489257812,20MCS-UNITMW,2075,0
2025-07-02 22:08:27,174.6534423828125,20MCS-UNITMW,2075,0
2025-07-02 22:08:28,174.70010375976562,20MCS-UNITMW,2075,0
2025-07-02 22:08:29,174.69308471679688,20MCS-UNITMW,2075,0
2025-07-02 22:08:30,174.87139892578125,20MCS-UNITMW,2075,0
2025-07-02 22:08:31,174.17776489257812,20MCS-UNITMW,2075,0
2025-07-02 22:08:32,174.2174072265625,20MCS-UNITMW,2075,0
2025-07-02 22:08:33,173.7813720703125,20MCS-UNITMW,2075,0
2025-07-02 22:08:34,174.64617919921875,20MCS-UNITMW,2075,0
2025-07-02 22:08:35,174.3759765625,20MCS-UNITMW,2075,0
2025-07-02 22:08:36,174.84463500976562,20MCS-UNITMW,2075,0
2025-07-02 22:08:37,174.53451538085938,20MCS-UNITMW,2075,0
2025-07-02 22:08:38,174.3759765625,20MCS-UNITMW,2075,0
2025-07-02 22:08:39,174.75164794921875,20MCS-UNITMW,2075,0
2025-07-02 22:08:40,174.93093872070312,20MCS-UNITMW,2075,0
2025-07-02 22:08:41,175.4066162109375,20MCS-UNITMW,2075,0
2025-07-02 22:08:42,174.81201171875,20MCS-UNITMW,2075,0
2025-07-02 22:08:43,174.53451538085938,20MCS-UNITMW,2075,0
2025-07-02 22:08:44,174.73272705078125,20MCS-UNITMW,2075,0
2025-07-02 22:08:45,174.93093872070312,20MCS-UNITMW,2075,0
2025-07-02 22:08:46,175.50711059570312,20MCS-UNITMW,2075,0
2025-07-02 22:08:47,175.77774047851562,20MCS-UNITMW,2075,0
2025-07-02 22:08:48,174.93093872070312,20MCS-UNITMW,2075,0
2025-07-02 22:08:49,175.98080444335938,20MCS-UNITMW,2075,0
2025-07-02 22:08:50,175.60479736328125,20MCS-UNITMW,2075,0
2025-07-02 22:08:51,176.085693359375,20MCS-UNITMW,2075,0
2025-07-02 22:08:52,175.44622802734375,20MCS-UNITMW,2075,0
2025-07-02 22:08:53,175.88229370117188,20MCS-UNITMW,2075,0
2025-07-02 22:08:54,177.19039916992188,20MCS-UNITMW,2075,0
2025-07-02 22:08:55,176.77130126953125,20MCS-UNITMW,2075,0
2025-07-02 22:08:56,176.63543701171875,20MCS-UNITMW,2075,0
2025-07-02 22:08:57,175.44622802734375,20MCS-UNITMW,2075,0
2025-07-02 22:08:58,175.92193603515625,20MCS-UNITMW,2075,0
2025-07-02 22:08:59,175.68408203125,20MCS-UNITMW,2075,0
2025-07-02 22:09:00,176.23904418945312,20MCS-UNITMW,2075,0
2025-07-02 22:09:01,176.51651000976562,20MCS-UNITMW,2075,0
2025-07-02 22:09:02,176.79400634765625,20MCS-UNITMW,2075,0
2025-07-02 22:09:03,176.23904418945312,20MCS-UNITMW,2075,0
2025-07-02 22:09:04,176.67507934570312,20MCS-UNITMW,2075,0
2025-07-02 22:09:05,176.75436401367188,20MCS-UNITMW,2075,0
2025-07-02 22:09:06,176.75436401367188,20MCS-UNITMW,2075,0
2025-07-02 22:09:07,176.47686767578125,20MCS-UNITMW,2075,0
2025-07-02 22:09:08,176.67507934570312,20MCS-UNITMW,2075,0
2025-07-02 22:09:09,176.67507934570312,20MCS-UNITMW,2075,0
2025-07-02 22:09:10,176.83364868164062,20MCS-UNITMW,2075,0
2025-07-02 22:09:11,177.03182983398438,20MCS-UNITMW,2075,0
2025-07-02 22:09:12,176.67507934570312,20MCS-UNITMW,2075,0
2025-07-02 22:09:13,177.34896850585938,20MCS-UNITMW,2075,0
2025-07-02 22:09:14,177.1507568359375,20MCS-UNITMW,2075,0
2025-07-02 22:09:15,177.54714965820312,20MCS-UNITMW,2075,0
2025-07-02 22:09:16,177.4678955078125,20MCS-UNITMW,2075,0
2025-07-02 22:09:17,177.38861083984375,20MCS-UNITMW,2075,0
2025-07-02 22:09:18,177.19039916992188,20MCS-UNITMW,2075,0
2025-07-02 22:09:19,177.94039916992188,20MCS-UNITMW,2075,0
2025-07-02 22:09:20,177.89306640625,20MCS-UNITMW,2075,0
2025-07-02 22:09:21,178.07647705078125,20MCS-UNITMW,2075,0
2025-07-02 22:09:22,177.82464599609375,20MCS-UNITMW,2075,0
2025-07-02 22:09:23,178.3399658203125,20MCS-UNITMW,2075,0
2025-07-02 22:09:24,178.49221801757812,20MCS-UNITMW,2075,0
2025-07-02 22:09:25,178.53814697265625,20MCS-UNITMW,2075,0
2025-07-02 22:09:26,178.14175415039062,20MCS-UNITMW,2075,0
2025-07-02 22:09:27,178.65707397460938,20MCS-UNITMW,2075,0
2025-07-02 22:09:28,178.41925048828125,20MCS-UNITMW,2075,0
2025-07-02 22:09:29,178.22103881835938,20MCS-UNITMW,2075,0
2025-07-02 22:09:30,178.3399658203125,20MCS-UNITMW,2075,0
2025-07-02 22:09:31,177.94357299804688,20MCS-UNITMW,2075,0
2025-07-02 22:09:32,178.89492797851562,20MCS-UNITMW,2075,0
2025-07-02 22:09:33,178.96304321289062,20MCS-UNITMW,2075,0
2025-07-02 22:09:34,179.13275146484375,20MCS-UNITMW,2075,0
2025-07-02 22:09:35,178.85528564453125,20MCS-UNITMW,2075,0
2025-07-02 22:09:36,178.49850463867188,20MCS-UNITMW,2075,0
2025-07-02 22:09:37,178.41925048828125,20MCS-UNITMW,2075,0
2025-07-02 22:09:38,178.73635864257812,20MCS-UNITMW,2075,0
2025-07-02 22:09:39,178.58151245117188,20MCS-UNITMW,2075,0
2025-07-02 22:09:40,178.26068115234375,20MCS-UNITMW,2075,0
2025-07-02 22:09:41,178.48257446289062,20MCS-UNITMW,2075,0
2025-07-02 22:09:42,177.94357299804688,20MCS-UNITMW,2075,0
2025-07-02 22:09:43,177.98318481445312,20MCS-UNITMW,2075,0
2025-07-02 22:09:44,178.3699951171875,20MCS-UNITMW,2075,0
2025-07-02 22:09:45,178.3399658203125,20MCS-UNITMW,2075,0
2025-07-02 22:09:46,177.78500366210938,20MCS-UNITMW,2075,0
2025-07-02 22:09:47,177.11111450195312,20MCS-UNITMW,2075,0
2025-07-02 22:09:48,177.03182983398438,20MCS-UNITMW,2075,0
2025-07-02 22:09:49,177.34896850585938,20MCS-UNITMW,2075,0
2025-07-02 22:09:50,177.4678955078125,20MCS-UNITMW,2075,0
2025-07-02 22:09:51,177.5867919921875,20MCS-UNITMW,2075,0
2025-07-02 22:09:52,177.86428833007812,20MCS-UNITMW,2075,0
2025-07-02 22:09:53,177.58834838867188,20MCS-UNITMW,2075,0
2025-07-02 22:09:54,176.35797119140625,20MCS-UNITMW,2075,0
2025-07-02 22:09:55,176.83364868164062,20MCS-UNITMW,2075,0
2025-07-02 22:09:56,177.42398071289062,20MCS-UNITMW,2075,0
2025-07-02 22:09:57,177.23004150390625,20MCS-UNITMW,2075,0
2025-07-02 22:09:58,176.437255859375,20MCS-UNITMW,2075,0
2025-07-02 22:09:59,176.51651000976562,20MCS-UNITMW,2075,0
2025-07-02 22:10:00,176.23904418945312,20MCS-UNITMW,2075,0
2025-07-02 22:10:01,176.55615234375,20MCS-UNITMW,2075,0
2025-07-02 22:10:02,176.59371948242188,20MCS-UNITMW,2075,0
2025-07-02 22:10:03,176.64340209960938,20MCS-UNITMW,2075,0
2025-07-02 22:10:04,175.8426513671875,20MCS-UNITMW,2075,0
2025-07-02 22:10:05,176.6461181640625,20MCS-UNITMW,2075,0
2025-07-02 22:10:06,176.47686767578125,20MCS-UNITMW,2075,0
2025-07-02 22:10:07,176.83364868164062,20MCS-UNITMW,2075,0
2025-07-02 22:10:08,176.758544921875,20MCS-UNITMW,2075,0
2025-07-02 22:10:09,176.39761352539062,20MCS-UNITMW,2075,0
2025-07-02 22:10:10,175.92193603515625,20MCS-UNITMW,2075,0
2025-07-02 22:10:11,175.76336669921875,20MCS-UNITMW,2075,0
2025-07-02 22:10:12,175.56515502929688,20MCS-UNITMW,2075,0
2025-07-02 22:10:13,175.44622802734375,20MCS-UNITMW,2075,0
2025-07-02 22:10:14,175.88229370117188,20MCS-UNITMW,2075,0
2025-07-02 22:10:15,176.35797119140625,20MCS-UNITMW,2075,0
2025-07-02 22:10:16,175.9615478515625,20MCS-UNITMW,2075,0
2025-07-02 22:10:17,175.44622802734375,20MCS-UNITMW,2075,0
2025-07-02 22:10:18,174.77236938476562,20MCS-UNITMW,2075,0
2025-07-02 22:10:19,175.48587036132812,20MCS-UNITMW,2075,0
2025-07-02 22:10:20,175.68408203125,20MCS-UNITMW,2075,0
2025-07-02 22:10:21,176.04083251953125,20MCS-UNITMW,2075,0
2025-07-02 22:10:22,175.9163818359375,20MCS-UNITMW,2075,0
2025-07-02 22:10:23,175.32733154296875,20MCS-UNITMW,2075,0
2025-07-02 22:10:24,175.20840454101562,20MCS-UNITMW,2075,0
2025-07-02 22:10:25,175.478759765625,20MCS-UNITMW,2075,0
2025-07-02 22:10:26,175.92193603515625,20MCS-UNITMW,2075,0
2025-07-02 22:10:27,175.8426513671875,20MCS-UNITMW,2075,0
2025-07-02 22:10:28,176.23904418945312,20MCS-UNITMW,2075,0
2025-07-02 22:10:29,175.9615478515625,20MCS-UNITMW,2075,0
2025-07-02 22:10:30,175.4066162109375,20MCS-UNITMW,2075,0
2025-07-02 22:10:31,175.87576293945312,20MCS-UNITMW,2075,0
2025-07-02 22:10:32,175.76336669921875,20MCS-UNITMW,2075,0
2025-07-02 22:10:33,175.80300903320312,20MCS-UNITMW,2075,0
2025-07-02 22:10:34,176.11117553710938,20MCS-UNITMW,2075,0
2025-07-02 22:10:35,176.23904418945312,20MCS-UNITMW,2075,0
2025-07-02 22:10:36,176.36651611328125,20MCS-UNITMW,2075,0
2025-07-02 22:10:37,175.16876220703125,20MCS-UNITMW,2075,0
2025-07-02 22:10:38,176.23904418945312,20MCS-UNITMW,2075,0
2025-07-02 22:10:39,175.68408203125,20MCS-UNITMW,2075,0
2025-07-02 22:10:40,176.60488891601562,20MCS-UNITMW,2075,0
2025-07-02 22:10:41,176.63327026367188,20MCS-UNITMW,2075,0
2025-07-02 22:10:42,176.08047485351562,20MCS-UNITMW,2075,0
2025-07-02 22:10:43,176.95257568359375,20MCS-UNITMW,2075,0
2025-07-02 22:10:44,176.873291015625,20MCS-UNITMW,2075,0
2025-07-02 22:10:45,176.1201171875,20MCS-UNITMW,2075,0
2025-07-02 22:10:46,176.08047485351562,20MCS-UNITMW,2075,0
2025-07-02 22:10:47,176.51651000976562,20MCS-UNITMW,2075,0
2025-07-02 22:10:48,177.19039916992188,20MCS-UNITMW,2075,0
2025-07-02 22:10:49,178.06246948242188,20MCS-UNITMW,2075,0
2025-07-02 22:10:50,177.745361328125,20MCS-UNITMW,2075,0
2025-07-02 22:10:51,177.4678955078125,20MCS-UNITMW,2075,0
2025-07-02 22:10:52,177.745361328125,20MCS-UNITMW,2075,0
2025-07-02 22:10:53,177.74215698242188,20MCS-UNITMW,2075,0
2025-07-02 22:10:54,177.38861083984375,20MCS-UNITMW,2075,0
2025-07-02 22:10:55,177.86428833007812,20MCS-UNITMW,2075,0
2025-07-02 22:10:56,177.96163940429688,20MCS-UNITMW,2075,0
2025-07-02 22:10:57,178.10211181640625,20MCS-UNITMW,2075,0
2025-07-02 22:10:58,178.38485717773438,20MCS-UNITMW,2075,0
2025-07-02 22:10:59,177.62643432617188,20MCS-UNITMW,2075,0
2025-07-02 22:11:00,177.62643432617188,20MCS-UNITMW,2075,0
2025-07-02 22:11:01,177.9039306640625,20MCS-UNITMW,2075,0
2025-07-02 22:11:02,177.98318481445312,20MCS-UNITMW,2075,0
2025-07-02 22:11:03,178.22103881835938,20MCS-UNITMW,2075,0
2025-07-02 22:11:04,178.34765625,20MCS-UNITMW,2075,0
2025-07-02 22:11:05,178.30032348632812,20MCS-UNITMW,2075,0
2025-07-02 22:11:06,178.45889282226562,20MCS-UNITMW,2075,0
2025-07-02 22:11:07,177.94357299804688,20MCS-UNITMW,2075,0
2025-07-02 22:11:08,178.3831787109375,20MCS-UNITMW,2075,0
2025-07-02 22:11:09,178.617431640625,20MCS-UNITMW,2075,0
2025-07-02 22:11:10,178.65707397460938,20MCS-UNITMW,2075,0
2025-07-02 22:11:11,178.75924682617188,20MCS-UNITMW,2075,0
2025-07-02 22:11:12,178.45889282226562,20MCS-UNITMW,2075,0
2025-07-02 22:11:13,178.3399658203125,20MCS-UNITMW,2075,0
2025-07-02 22:11:14,178.181396484375,20MCS-UNITMW,2075,0
2025-07-02 22:11:15,178.26068115234375,20MCS-UNITMW,2075,0
2025-07-02 22:11:16,178.92190551757812,20MCS-UNITMW,2075,0
2025-07-02 22:11:17,178.81564331054688,20MCS-UNITMW,2075,0
2025-07-02 22:11:18,179.165771484375,20MCS-UNITMW,2075,0
2025-07-02 22:11:19,178.73635864257812,20MCS-UNITMW,2075,0
2025-07-02 22:11:20,178.65707397460938,20MCS-UNITMW,2075,0
2025-07-02 22:11:21,178.9345703125,20MCS-UNITMW,2075,0
2025-07-02 22:11:22,178.73635864257812,20MCS-UNITMW,2075,0
2025-07-02 22:11:23,179.01382446289062,20MCS-UNITMW,2075,0
2025-07-02 22:11:24,179.277587890625,20MCS-UNITMW,2075,0
2025-07-02 22:11:25,179.37060546875,20MCS-UNITMW,2075,0
2025-07-02 22:11:26,179.68505859375,20MCS-UNITMW,2075,0
2025-07-02 22:11:27,179.84628295898438,20MCS-UNITMW,2075,0
2025-07-02 22:11:28,179.6480712890625,20MCS-UNITMW,2075,0
2025-07-02 22:11:29,179.48953247070312,20MCS-UNITMW,2075,0
2025-07-02 22:11:30,179.6480712890625,20MCS-UNITMW,2075,0
2025-07-02 22:11:31,179.9652099609375,20MCS-UNITMW,2075,0
2025-07-02 22:11:32,180.44088745117188,20MCS-UNITMW,2075,0
2025-07-02 22:11:33,180.53875732421875,20MCS-UNITMW,2075,0
2025-07-02 22:11:34,180.12374877929688,20MCS-UNITMW,2075,0
2025-07-02 22:11:35,180.24267578125,20MCS-UNITMW,2075,0
2025-07-02 22:11:36,180.00485229492188,20MCS-UNITMW,2075,0
2025-07-02 22:11:37,180.00485229492188,20MCS-UNITMW,2075,0
2025-07-02 22:11:38,180.59942626953125,20MCS-UNITMW,2075,0
2025-07-02 22:11:39,180.80322265625,20MCS-UNITMW,2075,0
2025-07-02 22:11:40,180.12374877929688,20MCS-UNITMW,2075,0
2025-07-02 22:11:41,180.52481079101562,20MCS-UNITMW,2075,0
2025-07-02 22:11:42,180.12374877929688,20MCS-UNITMW,2075,0
2025-07-02 22:11:43,181.07510375976562,20MCS-UNITMW,2075,0
2025-07-02 22:11:44,181.24771118164062,20MCS-UNITMW,2075,0
2025-07-02 22:11:45,181.07510375976562,20MCS-UNITMW,2075,0
2025-07-02 22:11:46,181.11474609375,20MCS-UNITMW,2075,0
2025-07-02 22:11:47,181.07510375976562,20MCS-UNITMW,2075,0
2025-07-02 22:11:48,181.11029052734375,20MCS-UNITMW,2075,0
2025-07-02 22:11:49,180.6787109375,20MCS-UNITMW,2075,0
2025-07-02 22:11:50,181.2733154296875,20MCS-UNITMW,2075,0
2025-07-02 22:11:51,180.87692260742188,20MCS-UNITMW,2075,0
2025-07-02 22:11:52,180.8372802734375,20MCS-UNITMW,2075,0
2025-07-02 22:11:53,181.35260009765625,20MCS-UNITMW,2075,0
2025-07-02 22:11:54,181.47152709960938,20MCS-UNITMW,2075,0
2025-07-02 22:11:55,181.431884765625,20MCS-UNITMW,2075,0
2025-07-02 22:11:56,182.0264892578125,20MCS-UNITMW,2075,0
2025-07-02 22:11:57,181.15438842773438,20MCS-UNITMW,2075,0
2025-07-02 22:11:58,181.63006591796875,20MCS-UNITMW,2075,0
2025-07-02 22:11:59,181.55078125,20MCS-UNITMW,2075,0
2025-07-02 22:12:00,181.39224243164062,20MCS-UNITMW,2075,0
2025-07-02 22:12:01,181.431884765625,20MCS-UNITMW,2075,0
2025-07-02 22:12:02,181.90679931640625,20MCS-UNITMW,2075,0
2025-07-02 22:12:03,182.26431274414062,20MCS-UNITMW,2075,0
2025-07-02 22:12:04,181.74899291992188,20MCS-UNITMW,2075,0
2025-07-02 22:12:05,181.59042358398438,20MCS-UNITMW,2075,0
2025-07-02 22:12:06,181.78863525390625,20MCS-UNITMW,2075,0
2025-07-02 22:12:07,181.90579223632812,20MCS-UNITMW,2075,0
2025-07-02 22:12:08,181.78863525390625,20MCS-UNITMW,2075,0
2025-07-02 22:12:09,182.06610107421875,20MCS-UNITMW,2075,0
2025-07-02 22:12:10,182.26431274414062,20MCS-UNITMW,2075,0
2025-07-02 22:12:11,182.05075073242188,20MCS-UNITMW,2075,0
2025-07-02 22:12:12,181.47152709960938,20MCS-UNITMW,2075,0
2025-07-02 22:12:13,181.23367309570312,20MCS-UNITMW,2075,0
2025-07-02 22:12:14,181.31295776367188,20MCS-UNITMW,2075,0
2025-07-02 22:12:15,182.0264892578125,20MCS-UNITMW,2075,0
2025-07-02 22:12:16,181.03546142578125,20MCS-UNITMW,2075,0
2025-07-02 22:12:17,181.31295776367188,20MCS-UNITMW,2075,0
2025-07-02 22:12:18,181.15438842773438,20MCS-UNITMW,2075,0
2025-07-02 22:12:19,181.35260009765625,20MCS-UNITMW,2075,0
2025-07-02 22:12:20,181.58819580078125,20MCS-UNITMW,2075,0
2025-07-02 22:12:21,180.91656494140625,20MCS-UNITMW,2075,0
2025-07-02 22:12:22,181.98684692382812,20MCS-UNITMW,2075,0
2025-07-02 22:12:23,180.91656494140625,20MCS-UNITMW,2075,0
2025-07-02 22:12:24,180.4012451171875,20MCS-UNITMW,2075,0
2025-07-02 22:12:25,180.6787109375,20MCS-UNITMW,2075,0
2025-07-02 22:12:26,180.94314575195312,20MCS-UNITMW,2075,0
2025-07-02 22:12:27,180.63906860351562,20MCS-UNITMW,2075,0
2025-07-02 22:12:28,180.75799560546875,20MCS-UNITMW,2075,0
2025-07-02 22:12:29,180.96481323242188,20MCS-UNITMW,2075,0
2025-07-02 22:12:30,180.63906860351562,20MCS-UNITMW,2075,0
2025-07-02 22:12:31,180.63906860351562,20MCS-UNITMW,2075,0
2025-07-02 22:12:32,180.24267578125,20MCS-UNITMW,2075,0
2025-07-02 22:12:33,180.48052978515625,20MCS-UNITMW,2075,0
2025-07-02 22:12:34,180.12374877929688,20MCS-UNITMW,2075,0
2025-07-02 22:12:35,180.24267578125,20MCS-UNITMW,2075,0
2025-07-02 22:12:36,179.29132080078125,20MCS-UNITMW,2075,0
2025-07-02 22:12:37,179.88592529296875,20MCS-UNITMW,2075,0
2025-07-02 22:12:38,180.20303344726562,20MCS-UNITMW,2075,0
2025-07-02 22:12:39,180.10531616210938,20MCS-UNITMW,2075,0
2025-07-02 22:12:40,179.37060546875,20MCS-UNITMW,2075,0
2025-07-02 22:12:41,179.44989013671875,20MCS-UNITMW,2075,0
2025-07-02 22:12:42,179.75387573242188,20MCS-UNITMW,2075,0
2025-07-02 22:12:43,179.25167846679688,20MCS-UNITMW,2075,0
2025-07-02 22:12:44,179.25167846679688,20MCS-UNITMW,2075,0
2025-07-02 22:12:45,178.97421264648438,20MCS-UNITMW,2075,0
2025-07-02 22:12:46,178.89492797851562,20MCS-UNITMW,2075,0
2025-07-02 22:12:47,179.17239379882812,20MCS-UNITMW,2075,0
2025-07-02 22:12:48,178.53814697265625,20MCS-UNITMW,2075,0
2025-07-02 22:12:49,178.30032348632812,20MCS-UNITMW,2075,0
2025-07-02 22:12:50,178.85528564453125,20MCS-UNITMW,2075,0
2025-07-02 22:12:51,178.9345703125,20MCS-UNITMW,2075,0
2025-07-02 22:12:52,177.98318481445312,20MCS-UNITMW,2075,0
2025-07-02 22:12:53,178.45889282226562,20MCS-UNITMW,2075,0
2025-07-02 22:12:54,178.85528564453125,20MCS-UNITMW,2075,0
2025-07-02 22:12:55,178.22103881835938,20MCS-UNITMW,2075,0
2025-07-02 22:12:56,178.6619873046875,20MCS-UNITMW,2075,0
2025-07-02 22:12:57,178.57778930664062,20MCS-UNITMW,2075,0
2025-07-02 22:12:58,178.90054321289062,20MCS-UNITMW,2075,0
2025-07-02 22:12:59,178.73355102539062,20MCS-UNITMW,2075,0
2025-07-02 22:13:00,178.0228271484375,20MCS-UNITMW,2075,0
2025-07-02 22:13:01,177.98318481445312,20MCS-UNITMW,2075,0
2025-07-02 22:13:02,178.34268188476562,20MCS-UNITMW,2075,0
2025-07-02 22:13:03,178.26068115234375,20MCS-UNITMW,2075,0
2025-07-02 22:13:04,177.78500366210938,20MCS-UNITMW,2075,0
2025-07-02 22:13:05,177.03182983398438,20MCS-UNITMW,2075,0
2025-07-02 22:13:06,176.95257568359375,20MCS-UNITMW,2075,0
2025-07-02 22:13:07,177.42825317382812,20MCS-UNITMW,2075,0
2025-07-02 22:13:08,177.92471313476562,20MCS-UNITMW,2075,0
2025-07-02 22:13:09,177.54714965820312,20MCS-UNITMW,2075,0
2025-07-02 22:13:10,177.54714965820312,20MCS-UNITMW,2075,0
2025-07-02 22:13:11,177.89736938476562,20MCS-UNITMW,2075,0
2025-07-02 22:13:12,176.83364868164062,20MCS-UNITMW,2075,0
2025-07-02 22:13:13,176.873291015625,20MCS-UNITMW,2075,0
2025-07-02 22:13:14,177.07147216796875,20MCS-UNITMW,2075,0
2025-07-02 22:13:15,176.7147216796875,20MCS-UNITMW,2075,0
2025-07-02 22:13:16,176.31832885742188,20MCS-UNITMW,2075,0
2025-07-02 22:13:17,176.39761352539062,20MCS-UNITMW,2075,0
2025-07-02 22:13:18,176.47686767578125,20MCS-UNITMW,2075,0
2025-07-02 22:13:19,176.47686767578125,20MCS-UNITMW,2075,0
2025-07-02 22:13:20,176.35797119140625,20MCS-UNITMW,2075,0
2025-07-02 22:13:21,176.31832885742188,20MCS-UNITMW,2075,0
2025-07-02 22:13:22,176.35797119140625,20MCS-UNITMW,2075,0
2025-07-02 22:13:23,176.39761352539062,20MCS-UNITMW,2075,0
2025-07-02 22:13:24,176.23904418945312,20MCS-UNITMW,2075,0
2025-07-02 22:13:25,175.92193603515625,20MCS-UNITMW,2075,0
2025-07-02 22:13:26,176.23904418945312,20MCS-UNITMW,2075,0
2025-07-02 22:13:27,176.35797119140625,20MCS-UNITMW,2075,0
2025-07-02 22:13:28,176.1890869140625,20MCS-UNITMW,2075,0
2025-07-02 22:13:29,176.1201171875,20MCS-UNITMW,2075,0
2025-07-02 22:13:30,175.76336669921875,20MCS-UNITMW,2075,0
2025-07-02 22:13:31,175.5255126953125,20MCS-UNITMW,2075,0
2025-07-02 22:13:32,175.64443969726562,20MCS-UNITMW,2075,0
2025-07-02 22:13:33,175.36697387695312,20MCS-UNITMW,2075,0
2025-07-02 22:13:34,175.44622802734375,20MCS-UNITMW,2075,0
2025-07-02 22:13:35,176.06829833984375,20MCS-UNITMW,2075,0
2025-07-02 22:13:36,174.97055053710938,20MCS-UNITMW,2075,0
2025-07-02 22:13:37,175.0894775390625,20MCS-UNITMW,2075,0
2025-07-02 22:13:38,175.01019287109375,20MCS-UNITMW,2075,0
2025-07-02 22:13:39,175.36697387695312,20MCS-UNITMW,2075,0
2025-07-02 22:13:40,175.5255126953125,20MCS-UNITMW,2075,0
2025-07-02 22:13:41,175.44622802734375,20MCS-UNITMW,2075,0
2025-07-02 22:13:42,175.32733154296875,20MCS-UNITMW,2075,0
2025-07-02 22:13:43,175.28768920898438,20MCS-UNITMW,2075,0
2025-07-02 22:13:44,175.36697387695312,20MCS-UNITMW,2075,0
2025-07-02 22:13:45,174.85165405273438,20MCS-UNITMW,2075,0
2025-07-02 22:13:46,175.04983520507812,20MCS-UNITMW,2075,0
2025-07-02 22:13:47,174.45523071289062,20MCS-UNITMW,2075,0
2025-07-02 22:13:48,174.3759765625,20MCS-UNITMW,2075,0
2025-07-02 22:13:49,174.85165405273438,20MCS-UNITMW,2075,0
2025-07-02 22:13:50,174.80728149414062,20MCS-UNITMW,2075,0
2025-07-02 22:13:51,174.57415771484375,20MCS-UNITMW,2075,0
2025-07-02 22:13:52,174.3759765625,20MCS-UNITMW,2075,0
2025-07-02 22:13:53,174.57965087890625,20MCS-UNITMW,2075,0
2025-07-02 22:13:54,174.61380004882812,20MCS-UNITMW,2075,0
2025-07-02 22:13:55,174.97055053710938,20MCS-UNITMW,2075,0
2025-07-02 22:13:56,175.0894775390625,20MCS-UNITMW,2075,0
2025-07-02 22:13:57,174.3759765625,20MCS-UNITMW,2075,0
2025-07-02 22:13:58,174.17776489257812,20MCS-UNITMW,2075,0
2025-07-02 22:13:59,174.29669189453125,20MCS-UNITMW,2075,0
2025-07-02 22:14:00,174.45523071289062,20MCS-UNITMW,2075,0
2025-07-02 22:14:01,174.69308471679688,20MCS-UNITMW,2075,0
2025-07-02 22:14:02,174.942626953125,20MCS-UNITMW,2075,0
2025-07-02 22:14:03,174.6534423828125,20MCS-UNITMW,2075,0
2025-07-02 22:14:04,174.53451538085938,20MCS-UNITMW,2075,0
2025-07-02 22:14:05,174.29669189453125,20MCS-UNITMW,2075,0
2025-07-02 22:14:06,174.57415771484375,20MCS-UNITMW,2075,0
2025-07-02 22:14:07,175.01019287109375,20MCS-UNITMW,2075,0
2025-07-02 22:14:08,174.494873046875,20MCS-UNITMW,2075,0
2025-07-02 22:14:09,174.73272705078125,20MCS-UNITMW,2075,0
2025-07-02 22:14:10,174.93807983398438,20MCS-UNITMW,2075,0
2025-07-02 22:14:11,174.69308471679688,20MCS-UNITMW,2075,0
2025-07-02 22:14:12,175.12911987304688,20MCS-UNITMW,2075,0
2025-07-02 22:14:13,175.32733154296875,20MCS-UNITMW,2075,0
2025-07-02 22:14:14,175.48587036132812,20MCS-UNITMW,2075,0
2025-07-02 22:14:15,175.51373291015625,20MCS-UNITMW,2075,0
2025-07-02 22:14:16,175.48587036132812,20MCS-UNITMW,2075,0
2025-07-02 22:14:17,174.69308471679688,20MCS-UNITMW,2075,0
2025-07-02 22:14:18,175.28768920898438,20MCS-UNITMW,2075,0
2025-07-02 22:14:19,174.53451538085938,20MCS-UNITMW,2075,0
2025-07-02 22:14:20,175.20840454101562,20MCS-UNITMW,2075,0
2025-07-02 22:14:21,175.68408203125,20MCS-UNITMW,2075,0
2025-07-02 22:14:22,175.92193603515625,20MCS-UNITMW,2075,0
2025-07-02 22:14:23,175.5255126953125,20MCS-UNITMW,2075,0
2025-07-02 22:14:24,175.68408203125,20MCS-UNITMW,2075,0
2025-07-02 22:14:25,175.8426513671875,20MCS-UNITMW,2075,0
2025-07-02 22:14:26,175.8426513671875,20MCS-UNITMW,2075,0
2025-07-02 22:14:27,176.08047485351562,20MCS-UNITMW,2075,0
2025-07-02 22:14:28,176.19845581054688,20MCS-UNITMW,2075,0
2025-07-02 22:14:29,176.13082885742188,20MCS-UNITMW,2075,0
2025-07-02 22:14:30,176.32125854492188,20MCS-UNITMW,2075,0
2025-07-02 22:14:31,176.23904418945312,20MCS-UNITMW,2075,0
2025-07-02 22:14:32,176.437255859375,20MCS-UNITMW,2075,0
2025-07-02 22:14:33,175.9615478515625,20MCS-UNITMW,2075,0
2025-07-02 22:14:34,175.88229370117188,20MCS-UNITMW,2075,0
2025-07-02 22:14:35,176.91293334960938,20MCS-UNITMW,2075,0
2025-07-02 22:14:36,176.78512573242188,20MCS-UNITMW,2075,0
2025-07-02 22:14:37,176.873291015625,20MCS-UNITMW,2075,0
2025-07-02 22:14:38,176.95257568359375,20MCS-UNITMW,2075,0
2025-07-02 22:14:39,176.437255859375,20MCS-UNITMW,2075,0
2025-07-02 22:14:40,176.83364868164062,20MCS-UNITMW,2075,0
2025-07-02 22:14:41,176.39761352539062,20MCS-UNITMW,2075,0
2025-07-02 22:14:42,176.51651000976562,20MCS-UNITMW,2075,0
2025-07-02 22:14:43,176.83364868164062,20MCS-UNITMW,2075,0
2025-07-02 22:14:44,177.03182983398438,20MCS-UNITMW,2075,0
2025-07-02 22:14:45,176.75436401367188,20MCS-UNITMW,2075,0
2025-07-02 22:14:46,177.39065551757812,20MCS-UNITMW,2075,0
2025-07-02 22:14:47,177.42825317382812,20MCS-UNITMW,2075,0
2025-07-02 22:14:48,177.309326171875,20MCS-UNITMW,2075,0
2025-07-02 22:14:49,177.23004150390625,20MCS-UNITMW,2075,0
2025-07-02 22:14:50,177.26968383789062,20MCS-UNITMW,2075,0
2025-07-02 22:14:51,177.23004150390625,20MCS-UNITMW,2075,0
2025-07-02 22:14:52,177.62643432617188,20MCS-UNITMW,2075,0
2025-07-02 22:14:53,178.30032348632812,20MCS-UNITMW,2075,0
2025-07-02 22:14:54,178.14517211914062,20MCS-UNITMW,2075,0
2025-07-02 22:14:55,177.9039306640625,20MCS-UNITMW,2075,0
2025-07-02 22:14:56,178.12185668945312,20MCS-UNITMW,2075,0
2025-07-02 22:14:57,178.07568359375,20MCS-UNITMW,2075,0
2025-07-02 22:14:58,178.12054443359375,20MCS-UNITMW,2075,0
2025-07-02 22:14:59,178.10211181640625,20MCS-UNITMW,2075,0
2025-07-02 22:15:00,178.26068115234375,20MCS-UNITMW,2075,0
2025-07-02 22:15:01,178.69671630859375,20MCS-UNITMW,2075,0
2025-07-02 22:15:02,178.86602783203125,20MCS-UNITMW,2075,0
2025-07-02 22:15:03,178.93975830078125,20MCS-UNITMW,2075,0
2025-07-02 22:15:04,178.22103881835938,20MCS-UNITMW,2075,0
2025-07-02 22:15:05,178.49850463867188,20MCS-UNITMW,2075,0
2025-07-02 22:15:06,178.7093505859375,20MCS-UNITMW,2075,0
2025-07-02 22:15:07,179.01382446289062,20MCS-UNITMW,2075,0
2025-07-02 22:15:08,178.9664306640625,20MCS-UNITMW,2075,0
2025-07-02 22:15:09,178.73635864257812,20MCS-UNITMW,2075,0
2025-07-02 22:15:10,178.69671630859375,20MCS-UNITMW,2075,0
2025-07-02 22:15:11,178.92034912109375,20MCS-UNITMW,2075,0
2025-07-02 22:15:12,179.31924438476562,20MCS-UNITMW,2075,0
2025-07-02 22:15:13,179.33096313476562,20MCS-UNITMW,2075,0
2025-07-02 22:15:14,179.13275146484375,20MCS-UNITMW,2075,0
2025-07-02 22:15:15,178.49850463867188,20MCS-UNITMW,2075,0
2025-07-02 22:15:16,178.49850463867188,20MCS-UNITMW,2075,0
2025-07-02 22:15:17,178.26068115234375,20MCS-UNITMW,2075,0
2025-07-02 22:15:18,178.30032348632812,20MCS-UNITMW,2075,0
2025-07-02 22:15:19,178.62277221679688,20MCS-UNITMW,2075,0
2025-07-02 22:15:20,178.26068115234375,20MCS-UNITMW,2075,0
2025-07-02 22:15:21,178.86416625976562,20MCS-UNITMW,2075,0
2025-07-02 22:15:22,178.65707397460938,20MCS-UNITMW,2075,0
2025-07-02 22:15:23,178.181396484375,20MCS-UNITMW,2075,0
2025-07-02 22:15:24,178.81326293945312,20MCS-UNITMW,2075,0
2025-07-02 22:15:25,178.65707397460938,20MCS-UNITMW,2075,0
2025-07-02 22:15:26,178.45889282226562,20MCS-UNITMW,2075,0
2025-07-02 22:15:27,178.5360107421875,20MCS-UNITMW,2075,0
2025-07-02 22:15:28,178.30032348632812,20MCS-UNITMW,2075,0
2025-07-02 22:15:29,178.63351440429688,20MCS-UNITMW,2075,0
2025-07-02 22:15:30,178.14175415039062,20MCS-UNITMW,2075,0
2025-07-02 22:15:31,178.3399658203125,20MCS-UNITMW,2075,0
2025-07-02 22:15:32,178.45889282226562,20MCS-UNITMW,2075,0
2025-07-02 22:15:33,178.41925048828125,20MCS-UNITMW,2075,0
2025-07-02 22:15:34,177.54714965820312,20MCS-UNITMW,2075,0
2025-07-02 22:15:35,178.0228271484375,20MCS-UNITMW,2075,0
2025-07-02 22:15:36,178.28701782226562,20MCS-UNITMW,2075,0
2025-07-02 22:15:37,178.181396484375,20MCS-UNITMW,2075,0
2025-07-02 22:15:38,177.66607666015625,20MCS-UNITMW,2075,0
2025-07-02 22:15:39,177.50750732421875,20MCS-UNITMW,2075,0
2025-07-02 22:15:40,177.38861083984375,20MCS-UNITMW,2075,0
2025-07-02 22:15:41,176.9921875,20MCS-UNITMW,2075,0
2025-07-02 22:15:42,177.87515258789062,20MCS-UNITMW,2075,0
2025-07-02 22:15:43,178.41925048828125,20MCS-UNITMW,2075,0
2025-07-02 22:15:44,179.13275146484375,20MCS-UNITMW,2075,0
2025-07-02 22:15:45,178.65707397460938,20MCS-UNITMW,2075,0
2025-07-02 22:15:46,178.0228271484375,20MCS-UNITMW,2075,0
2025-07-02 22:15:47,176.75436401367188,20MCS-UNITMW,2075,0
2025-07-02 22:15:48,175.76336669921875,20MCS-UNITMW,2075,0
2025-07-02 22:15:49,176.31832885742188,20MCS-UNITMW,2075,0
2025-07-02 22:15:50,177.03182983398438,20MCS-UNITMW,2075,0
2025-07-02 22:15:51,178.181396484375,20MCS-UNITMW,2075,0
2025-07-02 22:15:52,177.82464599609375,20MCS-UNITMW,2075,0
2025-07-02 22:15:53,176.95257568359375,20MCS-UNITMW,2075,0
2025-07-02 22:15:54,177.1507568359375,20MCS-UNITMW,2075,0
2025-07-02 22:15:55,176.83364868164062,20MCS-UNITMW,2075,0
2025-07-02 22:15:56,176.63543701171875,20MCS-UNITMW,2075,0
2025-07-02 22:15:57,176.437255859375,20MCS-UNITMW,2075,0
2025-07-02 22:15:58,176.2786865234375,20MCS-UNITMW,2075,0
2025-07-02 22:15:59,176.23904418945312,20MCS-UNITMW,2075,0
2025-07-02 22:16:00,176.59579467773438,20MCS-UNITMW,2075,0
2025-07-02 22:16:01,176.66561889648438,20MCS-UNITMW,2075,0
2025-07-02 22:16:02,176.35797119140625,20MCS-UNITMW,2075,0
2025-07-02 22:16:03,176.67507934570312,20MCS-UNITMW,2075,0
2025-07-02 22:16:04,176.31832885742188,20MCS-UNITMW,2075,0
2025-07-02 22:16:05,176.31832885742188,20MCS-UNITMW,2075,0
2025-07-02 22:16:06,175.28768920898438,20MCS-UNITMW,2075,0
2025-07-02 22:16:07,175.36697387695312,20MCS-UNITMW,2075,0
2025-07-02 22:16:08,175.248046875,20MCS-UNITMW,2075,0
2025-07-02 22:16:09,175.12911987304688,20MCS-UNITMW,2075,0
2025-07-02 22:16:10,175.53756713867188,20MCS-UNITMW,2075,0
2025-07-02 22:16:11,175.72372436523438,20MCS-UNITMW,2075,0
2025-07-02 22:16:12,176.00601196289062,20MCS-UNITMW,2075,0
2025-07-02 22:16:13,176.31832885742188,20MCS-UNITMW,2075,0
2025-07-02 22:16:14,176.04083251953125,20MCS-UNITMW,2075,0
2025-07-02 22:16:15,175.44622802734375,20MCS-UNITMW,2075,0
2025-07-02 22:16:16,176.00119018554688,20MCS-UNITMW,2075,0
2025-07-02 22:16:17,175.997802734375,20MCS-UNITMW,2075,0
2025-07-02 22:16:18,175.64443969726562,20MCS-UNITMW,2075,0
2025-07-02 22:16:19,175.48587036132812,20MCS-UNITMW,2075,0
2025-07-02 22:16:20,176.1201171875,20MCS-UNITMW,2075,0
2025-07-02 22:16:21,175.88229370117188,20MCS-UNITMW,2075,0
2025-07-02 22:16:22,176.437255859375,20MCS-UNITMW,2075,0
2025-07-02 22:16:23,176.1201171875,20MCS-UNITMW,2075,0
2025-07-02 22:16:24,176.15975952148438,20MCS-UNITMW,2075,0
2025-07-02 22:16:25,176.45318603515625,20MCS-UNITMW,2075,0
2025-07-02 22:16:26,175.64443969726562,20MCS-UNITMW,2075,0
2025-07-02 22:16:27,176.64263916015625,20MCS-UNITMW,2075,0
2025-07-02 22:16:28,176.437255859375,20MCS-UNITMW,2075,0
2025-07-02 22:16:29,176.15975952148438,20MCS-UNITMW,2075,0
2025-07-02 22:16:30,175.92193603515625,20MCS-UNITMW,2075,0
2025-07-02 22:16:31,176.7236328125,20MCS-UNITMW,2075,0
2025-07-02 22:16:32,176.80279541015625,20MCS-UNITMW,2075,0
2025-07-02 22:16:33,176.23904418945312,20MCS-UNITMW,2075,0
2025-07-02 22:16:34,176.97518920898438,20MCS-UNITMW,2075,0
2025-07-02 22:16:35,176.75436401367188,20MCS-UNITMW,2075,0
2025-07-02 22:16:36,176.63543701171875,20MCS-UNITMW,2075,0
2025-07-02 22:16:37,176.873291015625,20MCS-UNITMW,2075,0
2025-07-02 22:16:38,176.7147216796875,20MCS-UNITMW,2075,0
2025-07-02 22:16:39,176.99496459960938,20MCS-UNITMW,2075,0
2025-07-02 22:16:40,177.16937255859375,20MCS-UNITMW,2075,0
2025-07-02 22:16:41,177.07147216796875,20MCS-UNITMW,2075,0
2025-07-02 22:16:42,176.91293334960938,20MCS-UNITMW,2075,0
2025-07-02 22:16:43,176.95257568359375,20MCS-UNITMW,2075,0
2025-07-02 22:16:44,176.873291015625,20MCS-UNITMW,2075,0
2025-07-02 22:16:45,176.7147216796875,20MCS-UNITMW,2075,0
2025-07-02 22:16:46,177.55203247070312,20MCS-UNITMW,2075,0
2025-07-02 22:16:47,177.34896850585938,20MCS-UNITMW,2075,0
2025-07-02 22:16:48,177.42825317382812,20MCS-UNITMW,2075,0
2025-07-02 22:16:49,177.66607666015625,20MCS-UNITMW,2075,0
2025-07-02 22:16:50,177.34896850585938,20MCS-UNITMW,2075,0
2025-07-02 22:16:51,177.5867919921875,20MCS-UNITMW,2075,0
2025-07-02 22:16:52,177.54714965820312,20MCS-UNITMW,2075,0
2025-07-02 22:16:53,177.5867919921875,20MCS-UNITMW,2075,0
2025-07-02 22:16:54,177.34896850585938,20MCS-UNITMW,2075,0
2025-07-02 22:16:55,177.62643432617188,20MCS-UNITMW,2075,0
2025-07-02 22:16:56,177.19039916992188,20MCS-UNITMW,2075,0
2025-07-02 22:16:57,177.38861083984375,20MCS-UNITMW,2075,0
2025-07-02 22:16:58,177.5867919921875,20MCS-UNITMW,2075,0
2025-07-02 22:16:59,177.5867919921875,20MCS-UNITMW,2075,0
2025-07-02 22:17:00,177.66607666015625,20MCS-UNITMW,2075,0
2025-07-02 22:17:01,177.42825317382812,20MCS-UNITMW,2075,0
2025-07-02 22:17:02,177.745361328125,20MCS-UNITMW,2075,0
2025-07-02 22:17:03,177.11111450195312,20MCS-UNITMW,2075,0
2025-07-02 22:17:04,177.82464599609375,20MCS-UNITMW,2075,0
2025-07-02 22:17:05,177.94357299804688,20MCS-UNITMW,2075,0
2025-07-02 22:17:06,177.745361328125,20MCS-UNITMW,2075,0
2025-07-02 22:17:07,177.745361328125,20MCS-UNITMW,2075,0
2025-07-02 22:17:08,177.62643432617188,20MCS-UNITMW,2075,0
2025-07-02 22:17:09,177.34896850585938,20MCS-UNITMW,2075,0
2025-07-02 22:17:10,177.62643432617188,20MCS-UNITMW,2075,0
2025-07-02 22:17:11,177.19039916992188,20MCS-UNITMW,2075,0
2025-07-02 22:17:12,177.38861083984375,20MCS-UNITMW,2075,0
2025-07-02 22:17:13,177.72317504882812,20MCS-UNITMW,2075,0
2025-07-02 22:17:14,177.5867919921875,20MCS-UNITMW,2075,0
2025-07-02 22:17:15,177.23004150390625,20MCS-UNITMW,2075,0
2025-07-02 22:17:16,176.67507934570312,20MCS-UNITMW,2075,0
2025-07-02 22:17:17,176.67507934570312,20MCS-UNITMW,2075,0
2025-07-02 22:17:18,176.35797119140625,20MCS-UNITMW,2075,0
2025-07-02 22:17:19,177.38861083984375,20MCS-UNITMW,2075,0
2025-07-02 22:17:20,176.9921875,20MCS-UNITMW,2075,0
2025-07-02 22:17:21,177.54714965820312,20MCS-UNITMW,2075,0
2025-07-02 22:17:22,177.70571899414062,20MCS-UNITMW,2075,0
2025-07-02 22:17:23,176.437255859375,20MCS-UNITMW,2075,0
2025-07-02 22:17:24,176.35797119140625,20MCS-UNITMW,2075,0
2025-07-02 22:17:25,176.23904418945312,20MCS-UNITMW,2075,0
2025-07-02 22:17:26,176.15975952148438,20MCS-UNITMW,2075,0
2025-07-02 22:17:27,176.04083251953125,20MCS-UNITMW,2075,0
2025-07-02 22:17:28,176.39761352539062,20MCS-UNITMW,2075,0
2025-07-02 22:17:29,177.01931762695312,20MCS-UNITMW,2075,0
2025-07-02 22:17:30,177.82464599609375,20MCS-UNITMW,2075,0
2025-07-02 22:17:31,178.26535034179688,20MCS-UNITMW,2075,0
2025-07-02 22:17:32,176.39761352539062,20MCS-UNITMW,2075,0
2025-07-02 22:17:33,176.39761352539062,20MCS-UNITMW,2075,0
2025-07-02 22:17:34,175.0894775390625,20MCS-UNITMW,2075,0
2025-07-02 22:17:35,176.04083251953125,20MCS-UNITMW,2075,0
2025-07-02 22:17:36,176.00119018554688,20MCS-UNITMW,2075,0
2025-07-02 22:17:37,176.23904418945312,20MCS-UNITMW,2075,0
2025-07-02 22:17:38,176.4608154296875,20MCS-UNITMW,2075,0
2025-07-02 22:17:39,175.8426513671875,20MCS-UNITMW,2075,0
2025-07-02 22:17:40,176.04083251953125,20MCS-UNITMW,2075,0
2025-07-02 22:17:41,176.47686767578125,20MCS-UNITMW,2075,0
2025-07-02 22:17:42,176.79400634765625,20MCS-UNITMW,2075,0
2025-07-02 22:17:43,176.39761352539062,20MCS-UNITMW,2075,0
2025-07-02 22:17:44,176.04083251953125,20MCS-UNITMW,2075,0
2025-07-02 22:17:45,175.64443969726562,20MCS-UNITMW,2075,0
2025-07-02 22:17:46,175.32733154296875,20MCS-UNITMW,2075,0
2025-07-02 22:17:47,175.01019287109375,20MCS-UNITMW,2075,0
2025-07-02 22:17:48,175.20840454101562,20MCS-UNITMW,2075,0
2025-07-02 22:17:49,174.29669189453125,20MCS-UNITMW,2075,0
2025-07-02 22:17:50,174.90805053710938,20MCS-UNITMW,2075,0
2025-07-02 22:17:51,174.73272705078125,20MCS-UNITMW,2075,0
2025-07-02 22:17:52,175.56515502929688,20MCS-UNITMW,2075,0
2025-07-02 22:17:53,174.97055053710938,20MCS-UNITMW,2075,0
2025-07-02 22:17:54,174.77236938476562,20MCS-UNITMW,2075,0
2025-07-02 22:17:55,174.85165405273438,20MCS-UNITMW,2075,0
2025-07-02 22:17:56,175.32733154296875,20MCS-UNITMW,2075,0
2025-07-02 22:17:57,175.60479736328125,20MCS-UNITMW,2075,0
2025-07-02 22:17:58,175.44622802734375,20MCS-UNITMW,2075,0
2025-07-02 22:17:59,175.20840454101562,20MCS-UNITMW,2075,0
2025-07-02 22:18:00,175.36697387695312,20MCS-UNITMW,2075,0
2025-07-02 22:18:01,175.76336669921875,20MCS-UNITMW,2075,0
2025-07-02 22:18:02,175.88229370117188,20MCS-UNITMW,2075,0
2025-07-02 22:18:03,175.64443969726562,20MCS-UNITMW,2075,0
2025-07-02 22:18:04,175.12911987304688,20MCS-UNITMW,2075,0
2025-07-02 22:18:05,175.9569091796875,20MCS-UNITMW,2075,0
2025-07-02 22:18:06,175.64443969726562,20MCS-UNITMW,2075,0
2025-07-02 22:18:07,175.72372436523438,20MCS-UNITMW,2075,0
2025-07-02 22:18:08,175.8426513671875,20MCS-UNITMW,2075,0
2025-07-02 22:18:09,175.76336669921875,20MCS-UNITMW,2075,0
2025-07-02 22:18:10,175.8426513671875,20MCS-UNITMW,2075,0
2025-07-02 22:18:11,176.00119018554688,20MCS-UNITMW,2075,0
2025-07-02 22:18:12,176.35797119140625,20MCS-UNITMW,2075,0
2025-07-02 22:18:13,176.61285400390625,20MCS-UNITMW,2075,0
2025-07-02 22:18:14,176.51651000976562,20MCS-UNITMW,2075,0
2025-07-02 22:18:15,176.23904418945312,20MCS-UNITMW,2075,0
2025-07-02 22:18:16,175.56515502929688,20MCS-UNITMW,2075,0
2025-07-02 22:18:17,176.744873046875,20MCS-UNITMW,2075,0
2025-07-02 22:18:18,176.873291015625,20MCS-UNITMW,2075,0
2025-07-02 22:18:19,176.47686767578125,20MCS-UNITMW,2075,0
2025-07-02 22:18:20,176.59579467773438,20MCS-UNITMW,2075,0
2025-07-02 22:18:21,176.67507934570312,20MCS-UNITMW,2075,0
2025-07-02 22:18:22,176.873291015625,20MCS-UNITMW,2075,0
2025-07-02 22:18:23,176.84576416015625,20MCS-UNITMW,2075,0
2025-07-02 22:18:24,177.25616455078125,20MCS-UNITMW,2075,0
2025-07-02 22:18:25,177.55413818359375,20MCS-UNITMW,2075,0
2025-07-02 22:18:26,177.56625366210938,20MCS-UNITMW,2075,0
2025-07-02 22:18:27,177.42825317382812,20MCS-UNITMW,2075,0
2025-07-02 22:18:28,177.23004150390625,20MCS-UNITMW,2075,0
2025-07-02 22:18:29,177.72955322265625,20MCS-UNITMW,2075,0
2025-07-02 22:18:30,177.34896850585938,20MCS-UNITMW,2075,0
2025-07-02 22:18:31,177.60733032226562,20MCS-UNITMW,2075,0
2025-07-02 22:18:32,177.72650146484375,20MCS-UNITMW,2075,0
2025-07-02 22:18:33,178.30032348632812,20MCS-UNITMW,2075,0
2025-07-02 22:18:34,177.745361328125,20MCS-UNITMW,2075,0
2025-07-02 22:18:35,178.181396484375,20MCS-UNITMW,2075,0
2025-07-02 22:18:36,178.10049438476562,20MCS-UNITMW,2075,0
2025-07-02 22:18:37,178.30032348632812,20MCS-UNITMW,2075,0
2025-07-02 22:18:38,177.82464599609375,20MCS-UNITMW,2075,0
2025-07-02 22:18:39,177.70571899414062,20MCS-UNITMW,2075,0
2025-07-02 22:18:40,177.98318481445312,20MCS-UNITMW,2075,0
2025-07-02 22:18:41,178.73635864257812,20MCS-UNITMW,2075,0
2025-07-02 22:18:42,177.62643432617188,20MCS-UNITMW,2075,0
2025-07-02 22:18:43,177.42825317382812,20MCS-UNITMW,2075,0
2025-07-02 22:18:44,177.26968383789062,20MCS-UNITMW,2075,0
2025-07-02 22:18:45,178.10211181640625,20MCS-UNITMW,2075,0
2025-07-02 22:18:46,178.73635864257812,20MCS-UNITMW,2075,0
2025-07-02 22:18:47,178.85891723632812,20MCS-UNITMW,2075,0
2025-07-02 22:18:48,179.2120361328125,20MCS-UNITMW,2075,0
2025-07-02 22:18:49,179.053466796875,20MCS-UNITMW,2075,0
2025-07-02 22:18:50,179.17239379882812,20MCS-UNITMW,2075,0
2025-07-02 22:18:51,178.65707397460938,20MCS-UNITMW,2075,0
2025-07-02 22:18:52,178.53814697265625,20MCS-UNITMW,2075,0
2025-07-02 22:18:53,179.17239379882812,20MCS-UNITMW,2075,0
2025-07-02 22:18:54,179.3507080078125,20MCS-UNITMW,2075,0
2025-07-02 22:18:55,179.72735595703125,20MCS-UNITMW,2075,0
2025-07-02 22:18:56,180.04446411132812,20MCS-UNITMW,2075,0
2025-07-02 22:18:57,180.16339111328125,20MCS-UNITMW,2075,0
2025-07-02 22:18:58,179.806640625,20MCS-UNITMW,2075,0
2025-07-02 22:18:59,179.25167846679688,20MCS-UNITMW,2075,0
2025-07-02 22:19:00,179.72735595703125,20MCS-UNITMW,2075,0
2025-07-02 22:19:01,179.09310913085938,20MCS-UNITMW,2075,0
2025-07-02 22:19:02,179.89266967773438,20MCS-UNITMW,2075,0
2025-07-02 22:19:03,179.72735595703125,20MCS-UNITMW,2075,0
2025-07-02 22:19:04,179.25167846679688,20MCS-UNITMW,2075,0
2025-07-02 22:19:05,179.60842895507812,20MCS-UNITMW,2075,0
2025-07-02 22:19:06,179.17239379882812,20MCS-UNITMW,2075,0
2025-07-02 22:19:07,179.25167846679688,20MCS-UNITMW,2075,0
2025-07-02 22:19:08,179.10833740234375,20MCS-UNITMW,2075,0
2025-07-02 22:19:09,178.97421264648438,20MCS-UNITMW,2075,0
2025-07-02 22:19:10,179.48953247070312,20MCS-UNITMW,2075,0
2025-07-02 22:19:11,179.37710571289062,20MCS-UNITMW,2075,0
2025-07-02 22:19:12,179.33096313476562,20MCS-UNITMW,2075,0
2025-07-02 22:19:13,179.25167846679688,20MCS-UNITMW,2075,0
2025-07-02 22:19:14,178.85528564453125,20MCS-UNITMW,2075,0
2025-07-02 22:19:15,178.37960815429688,20MCS-UNITMW,2075,0
2025-07-02 22:19:16,178.10211181640625,20MCS-UNITMW,2075,0
2025-07-02 22:19:17,178.73635864257812,20MCS-UNITMW,2075,0
2025-07-02 22:19:18,178.73635864257812,20MCS-UNITMW,2075,0
2025-07-02 22:19:19,178.45889282226562,20MCS-UNITMW,2075,0
2025-07-02 22:19:20,178.14175415039062,20MCS-UNITMW,2075,0
2025-07-02 22:19:21,178.41925048828125,20MCS-UNITMW,2075,0
2025-07-02 22:19:22,178.06246948242188,20MCS-UNITMW,2075,0
2025-07-02 22:19:23,177.54714965820312,20MCS-UNITMW,2075,0
2025-07-02 22:19:24,177.70489501953125,20MCS-UNITMW,2075,0
2025-07-02 22:19:25,177.42825317382812,20MCS-UNITMW,2075,0
2025-07-02 22:19:26,178.06295776367188,20MCS-UNITMW,2075,0
2025-07-02 22:19:27,178.06246948242188,20MCS-UNITMW,2075,0
2025-07-02 22:19:28,177.54714965820312,20MCS-UNITMW,2075,0
2025-07-02 22:19:29,177.42825317382812,20MCS-UNITMW,2075,0
2025-07-02 22:19:30,177.26968383789062,20MCS-UNITMW,2075,0
2025-07-02 22:19:31,177.309326171875,20MCS-UNITMW,2075,0
2025-07-02 22:19:32,176.51651000976562,20MCS-UNITMW,2075,0
2025-07-02 22:19:33,176.67507934570312,20MCS-UNITMW,2075,0
2025-07-02 22:19:34,176.873291015625,20MCS-UNITMW,2075,0
2025-07-02 22:19:35,177.4678955078125,20MCS-UNITMW,2075,0
2025-07-02 22:19:36,176.63543701171875,20MCS-UNITMW,2075,0
2025-07-02 22:19:37,176.35797119140625,20MCS-UNITMW,2075,0
2025-07-02 22:19:38,176.47686767578125,20MCS-UNITMW,2075,0
2025-07-02 22:19:39,176.91754150390625,20MCS-UNITMW,2075,0
2025-07-02 22:19:40,177.62643432617188,20MCS-UNITMW,2075,0
2025-07-02 22:19:41,177.1507568359375,20MCS-UNITMW,2075,0
2025-07-02 22:19:42,177.11111450195312,20MCS-UNITMW,2075,0
2025-07-02 22:19:43,176.91293334960938,20MCS-UNITMW,2075,0
2025-07-02 22:19:44,176.23904418945312,20MCS-UNITMW,2075,0
2025-07-02 22:19:45,175.5255126953125,20MCS-UNITMW,2075,0
2025-07-02 22:19:46,176.00119018554688,20MCS-UNITMW,2075,0
2025-07-02 22:19:47,175.92193603515625,20MCS-UNITMW,2075,0
2025-07-02 22:19:48,175.92193603515625,20MCS-UNITMW,2075,0
2025-07-02 22:19:49,175.8426513671875,20MCS-UNITMW,2075,0
2025-07-02 22:19:50,175.88229370117188,20MCS-UNITMW,2075,0
2025-07-02 22:19:51,176.00119018554688,20MCS-UNITMW,2075,0
2025-07-02 22:19:52,175.68408203125,20MCS-UNITMW,2075,0
2025-07-02 22:19:53,175.64443969726562,20MCS-UNITMW,2075,0
2025-07-02 22:19:54,175.36697387695312,20MCS-UNITMW,2075,0
2025-07-02 22:19:55,174.89129638671875,20MCS-UNITMW,2075,0
2025-07-02 22:19:56,174.73272705078125,20MCS-UNITMW,2075,0
2025-07-02 22:19:57,174.73272705078125,20MCS-UNITMW,2075,0
2025-07-02 22:19:58,175.27752685546875,20MCS-UNITMW,2075,0
2025-07-02 22:19:59,175.48587036132812,20MCS-UNITMW,2075,0
2025-07-02 22:20:00,174.93093872070312,20MCS-UNITMW,2075,0
2025-07-02 22:20:01,175.28768920898438,20MCS-UNITMW,2075,0
2025-07-02 22:20:02,175.32733154296875,20MCS-UNITMW,2075,0
2025-07-02 22:20:03,175.12911987304688,20MCS-UNITMW,2075,0
2025-07-02 22:20:04,175.5255126953125,20MCS-UNITMW,2075,0
2025-07-02 22:20:05,175.55203247070312,20MCS-UNITMW,2075,0
2025-07-02 22:20:06,175.623291015625,20MCS-UNITMW,2075,0
2025-07-02 22:20:07,175.82681274414062,20MCS-UNITMW,2075,0
2025-07-02 22:20:08,175.12911987304688,20MCS-UNITMW,2075,0
2025-07-02 22:20:09,175.36697387695312,20MCS-UNITMW,2075,0
2025-07-02 22:20:10,175.0894775390625,20MCS-UNITMW,2075,0
2025-07-02 22:20:11,175.60684204101562,20MCS-UNITMW,2075,0
2025-07-02 22:20:12,175.44622802734375,20MCS-UNITMW,2075,0
2025-07-02 22:20:13,175.16876220703125,20MCS-UNITMW,2075,0
2025-07-02 22:20:14,174.33633422851562,20MCS-UNITMW,2075,0
2025-07-02 22:20:15,173.4642333984375,20MCS-UNITMW,2075,0
2025-07-02 22:20:16,174.53451538085938,20MCS-UNITMW,2075,0
2025-07-02 22:20:17,175.28768920898438,20MCS-UNITMW,2075,0
2025-07-02 22:20:18,175.68408203125,20MCS-UNITMW,2075,0
2025-07-02 22:20:19,176.04083251953125,20MCS-UNITMW,2075,0
2025-07-02 22:20:20,175.48587036132812,20MCS-UNITMW,2075,0
2025-07-02 22:20:21,175.248046875,20MCS-UNITMW,2075,0
2025-07-02 22:20:22,175.5255126953125,20MCS-UNITMW,2075,0
2025-07-02 22:20:23,175.0894775390625,20MCS-UNITMW,2075,0
2025-07-02 22:20:24,175.4066162109375,20MCS-UNITMW,2075,0
2025-07-02 22:20:25,174.77236938476562,20MCS-UNITMW,2075,0
2025-07-02 22:20:26,174.61380004882812,20MCS-UNITMW,2075,0
2025-07-02 22:20:27,175.04983520507812,20MCS-UNITMW,2075,0
2025-07-02 22:20:28,174.45523071289062,20MCS-UNITMW,2075,0
2025-07-02 22:20:29,175.08895874023438,20MCS-UNITMW,2075,0
2025-07-02 22:20:30,175.5035400390625,20MCS-UNITMW,2075,0
2025-07-02 22:20:31,175.68408203125,20MCS-UNITMW,2075,0
2025-07-02 22:20:32,175.56515502929688,20MCS-UNITMW,2075,0
2025-07-02 22:20:33,174.6534423828125,20MCS-UNITMW,2075,0
2025-07-02 22:20:34,174.81201171875,20MCS-UNITMW,2075,0
2025-07-02 22:20:35,174.53451538085938,20MCS-UNITMW,2075,0
2025-07-02 22:20:36,175.44622802734375,20MCS-UNITMW,2075,0
2025-07-02 22:20:37,175.12911987304688,20MCS-UNITMW,2075,0
2025-07-02 22:20:38,174.85165405273438,20MCS-UNITMW,2075,0
2025-07-02 22:20:39,174.77236938476562,20MCS-UNITMW,2075,0
2025-07-02 22:20:40,174.93093872070312,20MCS-UNITMW,2075,0
2025-07-02 22:20:41,174.45523071289062,20MCS-UNITMW,2075,0
2025-07-02 22:20:42,174.17776489257812,20MCS-UNITMW,2075,0
2025-07-02 22:20:43,174.01919555664062,20MCS-UNITMW,2075,0
2025-07-02 22:20:44,173.82101440429688,20MCS-UNITMW,2075,0
2025-07-02 22:20:45,173.7813720703125,20MCS-UNITMW,2075,0
2025-07-02 22:20:46,174.14126586914062,20MCS-UNITMW,2075,0
2025-07-02 22:20:47,174.33633422851562,20MCS-UNITMW,2075,0
2025-07-02 22:20:48,174.29669189453125,20MCS-UNITMW,2075,0
2025-07-02 22:20:49,173.9619140625,20MCS-UNITMW,2075,0
2025-07-02 22:20:50,173.26605224609375,20MCS-UNITMW,2075,0
2025-07-02 22:20:51,173.4642333984375,20MCS-UNITMW,2075,0
2025-07-02 22:20:52,173.82101440429688,20MCS-UNITMW,2075,0
2025-07-02 22:20:53,174.13812255859375,20MCS-UNITMW,2075,0
2025-07-02 22:20:54,173.70208740234375,20MCS-UNITMW,2075,0
2025-07-02 22:20:55,172.750732421875,20MCS-UNITMW,2075,0
2025-07-02 22:20:56,172.750732421875,20MCS-UNITMW,2075,0
2025-07-02 22:20:57,173.61624145507812,20MCS-UNITMW,2075,0
2025-07-02 22:20:58,173.622802734375,20MCS-UNITMW,2075,0
2025-07-02 22:20:59,173.73812866210938,20MCS-UNITMW,2075,0
2025-07-02 22:21:00,173.54351806640625,20MCS-UNITMW,2075,0
2025-07-02 22:21:01,172.67144775390625,20MCS-UNITMW,2075,0
2025-07-02 22:21:02,173.0281982421875,20MCS-UNITMW,2075,0
2025-07-02 22:21:03,172.98855590820312,20MCS-UNITMW,2075,0
2025-07-02 22:21:04,172.55252075195312,20MCS-UNITMW,2075,0
2025-07-02 22:21:05,172.55252075195312,20MCS-UNITMW,2075,0
2025-07-02 22:21:06,173.3453369140625,20MCS-UNITMW,2075,0
2025-07-02 22:21:07,173.10748291015625,20MCS-UNITMW,2075,0
2025-07-02 22:21:08,173.5028076171875,20MCS-UNITMW,2075,0
2025-07-02 22:21:09,173.3453369140625,20MCS-UNITMW,2075,0
2025-07-02 22:21:10,172.98855590820312,20MCS-UNITMW,2075,0
2025-07-02 22:21:11,172.07684326171875,20MCS-UNITMW,2075,0
2025-07-02 22:21:12,172.11648559570312,20MCS-UNITMW,2075,0
2025-07-02 22:21:13,172.98855590820312,20MCS-UNITMW,2075,0
2025-07-02 22:21:14,172.67144775390625,20MCS-UNITMW,2075,0
2025-07-02 22:21:15,172.67144775390625,20MCS-UNITMW,2075,0
2025-07-02 22:21:16,172.11648559570312,20MCS-UNITMW,2075,0
2025-07-02 22:21:17,171.75973510742188,20MCS-UNITMW,2075,0
2025-07-02 22:21:18,172.3955078125,20MCS-UNITMW,2075,0
2025-07-02 22:21:19,172.07684326171875,20MCS-UNITMW,2075,0
2025-07-02 22:21:20,172.1019287109375,20MCS-UNITMW,2075,0
2025-07-02 22:21:21,171.4029541015625,20MCS-UNITMW,2075,0
2025-07-02 22:21:22,171.32369995117188,20MCS-UNITMW,2075,0
2025-07-02 22:21:23,171.7200927734375,20MCS-UNITMW,2075,0
2025-07-02 22:21:24,171.44259643554688,20MCS-UNITMW,2075,0
2025-07-02 22:21:25,170.88763427734375,20MCS-UNITMW,2075,0
2025-07-02 22:21:26,171.68045043945312,20MCS-UNITMW,2075,0
2025-07-02 22:21:27,171.87332153320312,20MCS-UNITMW,2075,0
2025-07-02 22:21:28,171.2840576171875,20MCS-UNITMW,2075,0
2025-07-02 22:21:29,171.48223876953125,20MCS-UNITMW,2075,0
2025-07-02 22:21:30,171.36334228515625,20MCS-UNITMW,2075,0
2025-07-02 22:21:31,170.9669189453125,20MCS-UNITMW,2075,0
2025-07-02 22:21:32,171.4029541015625,20MCS-UNITMW,2075,0
2025-07-02 22:21:33,171.4029541015625,20MCS-UNITMW,2075,0
2025-07-02 22:21:34,170.9669189453125,20MCS-UNITMW,2075,0
2025-07-02 22:21:35,170.57052612304688,20MCS-UNITMW,2075,0
2025-07-02 22:21:36,170.76873779296875,20MCS-UNITMW,2075,0
2025-07-02 22:21:37,170.45162963867188,20MCS-UNITMW,2075,0
2025-07-02 22:21:38,170.45162963867188,20MCS-UNITMW,2075,0
2025-07-02 22:21:39,170.5308837890625,20MCS-UNITMW,2075,0
2025-07-02 22:21:40,170.70330810546875,20MCS-UNITMW,2075,0
2025-07-02 22:21:41,170.13449096679688,20MCS-UNITMW,2075,0
2025-07-02 22:21:42,170.74200439453125,20MCS-UNITMW,2075,0
2025-07-02 22:21:43,170.33270263671875,20MCS-UNITMW,2075,0
2025-07-02 22:21:44,170.5308837890625,20MCS-UNITMW,2075,0
2025-07-02 22:21:45,170.45162963867188,20MCS-UNITMW,2075,0
2025-07-02 22:21:46,170.13449096679688,20MCS-UNITMW,2075,0
2025-07-02 22:21:47,170.57052612304688,20MCS-UNITMW,2075,0
2025-07-02 22:21:48,170.33270263671875,20MCS-UNITMW,2075,0
2025-07-02 22:21:49,169.85702514648438,20MCS-UNITMW,2075,0
2025-07-02 22:21:50,170.45162963867188,20MCS-UNITMW,2075,0
2025-07-02 22:21:51,170.5308837890625,20MCS-UNITMW,2075,0
2025-07-02 22:21:52,170.29306030273438,20MCS-UNITMW,2075,0
2025-07-02 22:21:53,170.29306030273438,20MCS-UNITMW,2075,0
2025-07-02 22:21:54,169.89666748046875,20MCS-UNITMW,2075,0
2025-07-02 22:21:55,170.36788940429688,20MCS-UNITMW,2075,0
2025-07-02 22:21:56,170.29306030273438,20MCS-UNITMW,2075,0
2025-07-02 22:21:57,169.69845581054688,20MCS-UNITMW,2075,0
2025-07-02 22:21:58,170.33270263671875,20MCS-UNITMW,2075,0
2025-07-02 22:21:59,170.21377563476562,20MCS-UNITMW,2075,0
2025-07-02 22:22:00,170.57052612304688,20MCS-UNITMW,2075,0
2025-07-02 22:22:01,169.69845581054688,20MCS-UNITMW,2075,0
2025-07-02 22:22:02,170.29306030273438,20MCS-UNITMW,2075,0
2025-07-02 22:22:03,170.64364624023438,20MCS-UNITMW,2075,0
2025-07-02 22:22:04,170.98773193359375,20MCS-UNITMW,2075,0
2025-07-02 22:22:05,171.08584594726562,20MCS-UNITMW,2075,0
2025-07-02 22:22:06,170.92727661132812,20MCS-UNITMW,2075,0
2025-07-02 22:22:07,171.1217041015625,20MCS-UNITMW,2075,0
2025-07-02 22:22:08,171.12548828125,20MCS-UNITMW,2075,0
2025-07-02 22:22:09,170.57052612304688,20MCS-UNITMW,2075,0
2025-07-02 22:22:10,170.88763427734375,20MCS-UNITMW,2075,0
2025-07-02 22:22:11,170.80838012695312,20MCS-UNITMW,2075,0
2025-07-02 22:22:12,171.47796630859375,20MCS-UNITMW,2075,0
2025-07-02 22:22:13,171.60870361328125,20MCS-UNITMW,2075,0
2025-07-02 22:22:14,171.75973510742188,20MCS-UNITMW,2075,0
2025-07-02 22:22:15,172.1561279296875,20MCS-UNITMW,2075,0
2025-07-02 22:22:16,172.13027954101562,20MCS-UNITMW,2075,0
2025-07-02 22:22:17,172.1561279296875,20MCS-UNITMW,2075,0
2025-07-02 22:22:18,172.253662109375,20MCS-UNITMW,2075,0
2025-07-02 22:22:19,172.30172729492188,20MCS-UNITMW,2075,0
2025-07-02 22:22:20,172.07684326171875,20MCS-UNITMW,2075,0
2025-07-02 22:22:21,172.35433959960938,20MCS-UNITMW,2075,0
2025-07-02 22:22:22,172.51870727539062,20MCS-UNITMW,2075,0
2025-07-02 22:22:23,172.55093383789062,20MCS-UNITMW,2075,0
2025-07-02 22:22:24,172.6236572265625,20MCS-UNITMW,2075,0
2025-07-02 22:22:25,172.60198974609375,20MCS-UNITMW,2075,0
2025-07-02 22:22:26,172.5921630859375,20MCS-UNITMW,2075,0
2025-07-02 22:22:27,172.750732421875,20MCS-UNITMW,2075,0
2025-07-02 22:22:28,172.86965942382812,20MCS-UNITMW,2075,0
2025-07-02 22:22:29,172.71109008789062,20MCS-UNITMW,2075,0
2025-07-02 22:22:30,172.19577026367188,20MCS-UNITMW,2075,0
2025-07-02 22:22:31,172.35433959960938,20MCS-UNITMW,2075,0
2025-07-02 22:22:32,172.314697265625,20MCS-UNITMW,2075,0
2025-07-02 22:22:33,172.68353271484375,20MCS-UNITMW,2075,0
2025-07-02 22:22:34,172.47323608398438,20MCS-UNITMW,2075,0
2025-07-02 22:22:35,172.94149780273438,20MCS-UNITMW,2075,0
2025-07-02 22:22:36,172.55252075195312,20MCS-UNITMW,2075,0
2025-07-02 22:22:37,172.83001708984375,20MCS-UNITMW,2075,0
2025-07-02 22:22:38,172.27505493164062,20MCS-UNITMW,2075,0
2025-07-02 22:22:39,172.750732421875,20MCS-UNITMW,2075,0
2025-07-02 22:22:40,173.06784057617188,20MCS-UNITMW,2075,0
2025-07-02 22:22:41,172.750732421875,20MCS-UNITMW,2075,0
2025-07-02 22:22:42,172.5921630859375,20MCS-UNITMW,2075,0
2025-07-02 22:22:43,172.90927124023438,20MCS-UNITMW,2075,0
2025-07-02 22:22:44,173.14712524414062,20MCS-UNITMW,2075,0
2025-07-02 22:22:45,173.186767578125,20MCS-UNITMW,2075,0
2025-07-02 22:22:46,172.19577026367188,20MCS-UNITMW,2075,0
2025-07-02 22:22:47,172.86367797851562,20MCS-UNITMW,2075,0
2025-07-02 22:22:48,172.47323608398438,20MCS-UNITMW,2075,0
2025-07-02 22:22:49,172.90927124023438,20MCS-UNITMW,2075,0
2025-07-02 22:22:50,172.69107055664062,20MCS-UNITMW,2075,0
2025-07-02 22:22:51,172.7955322265625,20MCS-UNITMW,2075,0
2025-07-02 22:22:52,172.83001708984375,20MCS-UNITMW,2075,0
2025-07-02 22:22:53,172.55252075195312,20MCS-UNITMW,2075,0
2025-07-02 22:22:54,172.90927124023438,20MCS-UNITMW,2075,0
2025-07-02 22:22:55,172.750732421875,20MCS-UNITMW,2075,0
2025-07-02 22:22:56,173.03091430664062,20MCS-UNITMW,2075,0
2025-07-02 22:22:57,172.71109008789062,20MCS-UNITMW,2075,0
2025-07-02 22:22:58,172.51287841796875,20MCS-UNITMW,2075,0
2025-07-02 22:22:59,172.750732421875,20MCS-UNITMW,2075,0
2025-07-02 22:23:00,171.95791625976562,20MCS-UNITMW,2075,0
2025-07-02 22:23:01,172.35433959960938,20MCS-UNITMW,2075,0
2025-07-02 22:23:02,172.51287841796875,20MCS-UNITMW,2075,0
2025-07-02 22:23:03,172.314697265625,20MCS-UNITMW,2075,0
2025-07-02 22:23:04,172.750732421875,20MCS-UNITMW,2075,0
2025-07-02 22:23:05,172.40701293945312,20MCS-UNITMW,2075,0
2025-07-02 22:23:06,172.1561279296875,20MCS-UNITMW,2075,0
2025-07-02 22:23:07,172.3848876953125,20MCS-UNITMW,2075,0
2025-07-02 22:23:08,172.79037475585938,20MCS-UNITMW,2075,0
2025-07-02 22:23:09,173.38497924804688,20MCS-UNITMW,2075,0
2025-07-02 22:23:10,172.83056640625,20MCS-UNITMW,2075,0
2025-07-02 22:23:11,171.64080810546875,20MCS-UNITMW,2075,0
2025-07-02 22:23:12,172.27505493164062,20MCS-UNITMW,2075,0
2025-07-02 22:23:13,171.36334228515625,20MCS-UNITMW,2075,0
2025-07-02 22:23:14,171.64080810546875,20MCS-UNITMW,2075,0
2025-07-02 22:23:15,171.5615234375,20MCS-UNITMW,2075,0
2025-07-02 22:23:16,171.64080810546875,20MCS-UNITMW,2075,0
2025-07-02 22:23:17,171.44259643554688,20MCS-UNITMW,2075,0
2025-07-02 22:23:18,172.13259887695312,20MCS-UNITMW,2075,0
2025-07-02 22:23:19,172.42544555664062,20MCS-UNITMW,2075,0
2025-07-02 22:23:20,172.07684326171875,20MCS-UNITMW,2075,0
2025-07-02 22:23:21,171.75973510742188,20MCS-UNITMW,2075,0
2025-07-02 22:23:22,171.7200927734375,20MCS-UNITMW,2075,0
2025-07-02 22:23:23,171.52188110351562,20MCS-UNITMW,2075,0
2025-07-02 22:23:24,171.20477294921875,20MCS-UNITMW,2075,0
2025-07-02 22:23:25,171.16513061523438,20MCS-UNITMW,2075,0
2025-07-02 22:23:26,171.60116577148438,20MCS-UNITMW,2075,0
2025-07-02 22:23:27,171.35494995117188,20MCS-UNITMW,2075,0
2025-07-02 22:23:28,171.32369995117188,20MCS-UNITMW,2075,0
2025-07-02 22:23:29,171.8228759765625,20MCS-UNITMW,2075,0
2025-07-02 22:23:30,171.48223876953125,20MCS-UNITMW,2075,0
2025-07-02 22:23:31,170.88763427734375,20MCS-UNITMW,2075,0
2025-07-02 22:23:32,170.8480224609375,20MCS-UNITMW,2075,0
2025-07-02 22:23:33,170.49127197265625,20MCS-UNITMW,2075,0
2025-07-02 22:23:34,170.49127197265625,20MCS-UNITMW,2075,0
2025-07-02 22:23:35,170.689453125,20MCS-UNITMW,2075,0
2025-07-02 22:23:36,170.88763427734375,20MCS-UNITMW,2075,0
2025-07-02 22:23:37,170.689453125,20MCS-UNITMW,2075,0
2025-07-02 22:23:38,171.12548828125,20MCS-UNITMW,2075,0
2025-07-02 22:23:39,171.00778198242188,20MCS-UNITMW,2075,0
2025-07-02 22:23:40,170.57052612304688,20MCS-UNITMW,2075,0
2025-07-02 22:23:41,170.72909545898438,20MCS-UNITMW,2075,0
2025-07-02 22:23:42,171.02340698242188,20MCS-UNITMW,2075,0
2025-07-02 22:23:43,170.49127197265625,20MCS-UNITMW,2075,0
2025-07-02 22:23:44,170.29306030273438,20MCS-UNITMW,2075,0
2025-07-02 22:23:45,170.25341796875,20MCS-UNITMW,2075,0
2025-07-02 22:23:46,170.17413330078125,20MCS-UNITMW,2075,0
2025-07-02 22:23:47,169.61917114257812,20MCS-UNITMW,2075,0
2025-07-02 22:23:48,169.73809814453125,20MCS-UNITMW,2075,0
2025-07-02 22:23:49,169.994140625,20MCS-UNITMW,2075,0
2025-07-02 22:23:50,169.85702514648438,20MCS-UNITMW,2075,0
2025-07-02 22:23:51,169.86029052734375,20MCS-UNITMW,2075,0
2025-07-02 22:23:52,169.77774047851562,20MCS-UNITMW,2075,0
2025-07-02 22:23:53,169.57955932617188,20MCS-UNITMW,2075,0
2025-07-02 22:23:54,169.57955932617188,20MCS-UNITMW,2075,0
2025-07-02 22:23:55,169.2227783203125,20MCS-UNITMW,2075,0
2025-07-02 22:23:56,169.61355590820312,20MCS-UNITMW,2075,0
2025-07-02 22:23:57,169.69573974609375,20MCS-UNITMW,2075,0
2025-07-02 22:23:58,169.34170532226562,20MCS-UNITMW,2075,0
2025-07-02 22:23:59,169.30206298828125,20MCS-UNITMW,2075,0
2025-07-02 22:24:00,169.6588134765625,20MCS-UNITMW,2075,0
2025-07-02 22:24:01,169.73809814453125,20MCS-UNITMW,2075,0
2025-07-02 22:24:02,169.9217529296875,20MCS-UNITMW,2075,0
2025-07-02 22:24:03,169.34170532226562,20MCS-UNITMW,2075,0
2025-07-02 22:24:04,169.14349365234375,20MCS-UNITMW,2075,0
2025-07-02 22:24:05,168.98495483398438,20MCS-UNITMW,2075,0
2025-07-02 22:24:06,169.66372680664062,20MCS-UNITMW,2075,0
2025-07-02 22:24:07,169.34170532226562,20MCS-UNITMW,2075,0
2025-07-02 22:24:08,169.46063232421875,20MCS-UNITMW,2075,0
2025-07-02 22:24:09,169.61917114257812,20MCS-UNITMW,2075,0
2025-07-02 22:24:10,169.46063232421875,20MCS-UNITMW,2075,0
2025-07-02 22:24:11,169.85702514648438,20MCS-UNITMW,2075,0
2025-07-02 22:24:12,169.5399169921875,20MCS-UNITMW,2075,0
2025-07-02 22:24:13,168.86602783203125,20MCS-UNITMW,2075,0
2025-07-02 22:24:14,169.34170532226562,20MCS-UNITMW,2075,0
2025-07-02 22:24:15,169.14349365234375,20MCS-UNITMW,2075,0
2025-07-02 22:24:16,168.98495483398438,20MCS-UNITMW,2075,0
2025-07-02 22:24:17,169.2227783203125,20MCS-UNITMW,2075,0
2025-07-02 22:24:18,168.3507080078125,20MCS-UNITMW,2075,0
2025-07-02 22:24:19,169.57955932617188,20MCS-UNITMW,2075,0
2025-07-02 22:24:20,169.02459716796875,20MCS-UNITMW,2075,0
2025-07-02 22:24:21,168.0732421875,20MCS-UNITMW,2075,0
2025-07-02 22:24:22,168.9453125,20MCS-UNITMW,2075,0
2025-07-02 22:24:23,168.72756958007812,20MCS-UNITMW,2075,0
2025-07-02 22:24:24,168.65567016601562,20MCS-UNITMW,2075,0
2025-07-02 22:24:25,168.68038940429688,20MCS-UNITMW,2075,0
2025-07-02 22:24:26,168.628173828125,20MCS-UNITMW,2075,0
2025-07-02 22:24:27,168.90567016601562,20MCS-UNITMW,2075,0
2025-07-02 22:24:28,168.66738891601562,20MCS-UNITMW,2075,0
2025-07-02 22:24:29,168.86602783203125,20MCS-UNITMW,2075,0
2025-07-02 22:24:30,167.87503051757812,20MCS-UNITMW,2075,0
2025-07-02 22:24:31,167.5975341796875,20MCS-UNITMW,2075,0
2025-07-02 22:24:32,167.39935302734375,20MCS-UNITMW,2075,0
2025-07-02 22:24:33,168.06362915039062,20MCS-UNITMW,2075,0
2025-07-02 22:24:34,167.55792236328125,20MCS-UNITMW,2075,0
2025-07-02 22:24:35,168.01641845703125,20MCS-UNITMW,2075,0
2025-07-02 22:24:36,167.1614990234375,20MCS-UNITMW,2075,0
2025-07-02 22:24:37,167.63717651367188,20MCS-UNITMW,2075,0
2025-07-02 22:24:38,167.35971069335938,20MCS-UNITMW,2075,0
2025-07-02 22:24:39,167.49200439453125,20MCS-UNITMW,2075,0
2025-07-02 22:24:40,167.55792236328125,20MCS-UNITMW,2075,0
2025-07-02 22:24:41,166.76510620117188,20MCS-UNITMW,2075,0
2025-07-02 22:24:42,166.884033203125,20MCS-UNITMW,2075,0
2025-07-02 22:24:43,167.1614990234375,20MCS-UNITMW,2075,0
2025-07-02 22:24:44,167.434326171875,20MCS-UNITMW,2075,0
2025-07-02 22:24:45,167.320068359375,20MCS-UNITMW,2075,0
2025-07-02 22:24:46,167.79574584960938,20MCS-UNITMW,2075,0
2025-07-02 22:24:47,167.0426025390625,20MCS-UNITMW,2075,0
2025-07-02 22:24:48,166.96331787109375,20MCS-UNITMW,2075,0
2025-07-02 22:24:49,167.24078369140625,20MCS-UNITMW,2075,0
2025-07-02 22:24:50,166.96331787109375,20MCS-UNITMW,2075,0
2025-07-02 22:24:51,167.19122314453125,20MCS-UNITMW,2075,0
2025-07-02 22:24:52,166.2894287109375,20MCS-UNITMW,2075,0
2025-07-02 22:24:53,166.60653686523438,20MCS-UNITMW,2075,0
2025-07-02 22:24:54,166.60653686523438,20MCS-UNITMW,2075,0
2025-07-02 22:24:55,166.60653686523438,20MCS-UNITMW,2075,0
2025-07-02 22:24:56,167.28042602539062,20MCS-UNITMW,2075,0
2025-07-02 22:24:57,166.52728271484375,20MCS-UNITMW,2075,0
2025-07-02 22:24:58,165.89303588867188,20MCS-UNITMW,2075,0
2025-07-02 22:24:59,166.7254638671875,20MCS-UNITMW,2075,0
2025-07-02 22:25:00,166.68582153320312,20MCS-UNITMW,2075,0
2025-07-02 22:25:01,166.72882080078125,20MCS-UNITMW,2075,0
2025-07-02 22:25:02,166.130859375,20MCS-UNITMW,2075,0
2025-07-02 22:25:03,166.77813720703125,20MCS-UNITMW,2075,0
2025-07-02 22:25:04,166.447998046875,20MCS-UNITMW,2075,0
2025-07-02 22:25:05,165.93267822265625,20MCS-UNITMW,2075,0
2025-07-02 22:25:06,166.60653686523438,20MCS-UNITMW,2075,0
2025-07-02 22:25:07,166.130859375,20MCS-UNITMW,2075,0
2025-07-02 22:25:08,166.64617919921875,20MCS-UNITMW,2075,0
2025-07-02 22:25:09,166.71646118164062,20MCS-UNITMW,2075,0
2025-07-02 22:25:10,166.91036987304688,20MCS-UNITMW,2075,0
2025-07-02 22:25:11,166.68582153320312,20MCS-UNITMW,2075,0
2025-07-02 22:25:12,166.88385009765625,20MCS-UNITMW,2075,0
2025-07-02 22:25:13,167.04974365234375,20MCS-UNITMW,2075,0
2025-07-02 22:25:14,166.447998046875,20MCS-UNITMW,2075,0
2025-07-02 22:25:15,166.93206787109375,20MCS-UNITMW,2075,0
2025-07-02 22:25:16,166.84439086914062,20MCS-UNITMW,2075,0
2025-07-02 22:25:17,167.0426025390625,20MCS-UNITMW,2075,0
2025-07-02 22:25:18,167.24078369140625,20MCS-UNITMW,2075,0
2025-07-02 22:25:19,167.320068359375,20MCS-UNITMW,2075,0
2025-07-02 22:25:20,167.320068359375,20MCS-UNITMW,2075,0
2025-07-02 22:25:21,167.5238037109375,20MCS-UNITMW,2075,0
2025-07-02 22:25:22,167.71646118164062,20MCS-UNITMW,2075,0
2025-07-02 22:25:23,167.28042602539062,20MCS-UNITMW,2075,0
2025-07-02 22:25:24,167.83538818359375,20MCS-UNITMW,2075,0
2025-07-02 22:25:25,167.55792236328125,20MCS-UNITMW,2075,0
2025-07-02 22:25:26,167.35971069335938,20MCS-UNITMW,2075,0
2025-07-02 22:25:27,167.20114135742188,20MCS-UNITMW,2075,0
2025-07-02 22:25:28,167.5975341796875,20MCS-UNITMW,2075,0
2025-07-02 22:25:29,167.9146728515625,20MCS-UNITMW,2075,0
2025-07-02 22:25:30,168.31106567382812,20MCS-UNITMW,2075,0
2025-07-02 22:25:31,168.11285400390625,20MCS-UNITMW,2075,0
2025-07-02 22:25:32,167.95431518554688,20MCS-UNITMW,2075,0
2025-07-02 22:25:33,168.32162475585938,20MCS-UNITMW,2075,0
2025-07-02 22:25:34,168.18618774414062,20MCS-UNITMW,2075,0
2025-07-02 22:25:35,167.87503051757812,20MCS-UNITMW,2075,0
2025-07-02 22:25:36,168.15249633789062,20MCS-UNITMW,2075,0
2025-07-02 22:25:37,168.15249633789062,20MCS-UNITMW,2075,0
2025-07-02 22:25:38,168.03359985351562,20MCS-UNITMW,2075,0
2025-07-02 22:25:39,168.66781616210938,20MCS-UNITMW,2075,0
2025-07-02 22:25:40,168.42999267578125,20MCS-UNITMW,2075,0
2025-07-02 22:25:41,168.0732421875,20MCS-UNITMW,2075,0
2025-07-02 22:25:42,167.756103515625,20MCS-UNITMW,2075,0
2025-07-02 22:25:43,168.3507080078125,20MCS-UNITMW,2075,0
2025-07-02 22:25:44,168.42694091796875,20MCS-UNITMW,2075,0
2025-07-02 22:25:45,168.45895385742188,20MCS-UNITMW,2075,0
2025-07-02 22:25:46,168.98495483398438,20MCS-UNITMW,2075,0
2025-07-02 22:25:47,169.18313598632812,20MCS-UNITMW,2075,0
2025-07-02 22:25:48,169.1739501953125,20MCS-UNITMW,2075,0
2025-07-02 22:25:49,169.09063720703125,20MCS-UNITMW,2075,0
2025-07-02 22:25:50,168.82638549804688,20MCS-UNITMW,2075,0
2025-07-02 22:25:51,168.42999267578125,20MCS-UNITMW,2075,0
2025-07-02 22:25:52,168.86050415039062,20MCS-UNITMW,2075,0
2025-07-02 22:25:53,168.9453125,20MCS-UNITMW,2075,0
2025-07-02 22:25:54,169.1031494140625,20MCS-UNITMW,2075,0
2025-07-02 22:25:55,168.86602783203125,20MCS-UNITMW,2075,0
2025-07-02 22:25:56,168.66781616210938,20MCS-UNITMW,2075,0
2025-07-02 22:25:57,167.87503051757812,20MCS-UNITMW,2075,0
2025-07-02 22:25:58,168.70745849609375,20MCS-UNITMW,2075,0
2025-07-02 22:25:59,168.66165161132812,20MCS-UNITMW,2075,0
2025-07-02 22:26:00,168.8916015625,20MCS-UNITMW,2075,0
2025-07-02 22:26:01,168.42999267578125,20MCS-UNITMW,2075,0
2025-07-02 22:26:02,168.31106567382812,20MCS-UNITMW,2075,0
2025-07-02 22:26:03,168.3507080078125,20MCS-UNITMW,2075,0
2025-07-02 22:26:04,168.192138671875,20MCS-UNITMW,2075,0
2025-07-02 22:26:05,168.37799072265625,20MCS-UNITMW,2075,0
2025-07-02 22:26:06,168.82638549804688,20MCS-UNITMW,2075,0
2025-07-02 22:26:07,168.31106567382812,20MCS-UNITMW,2075,0
2025-07-02 22:26:08,168.44775390625,20MCS-UNITMW,2075,0
2025-07-02 22:26:09,168.44189453125,20MCS-UNITMW,2075,0
2025-07-02 22:26:10,167.9146728515625,20MCS-UNITMW,2075,0
2025-07-02 22:26:11,167.24078369140625,20MCS-UNITMW,2075,0
2025-07-02 22:26:12,166.76510620117188,20MCS-UNITMW,2075,0
2025-07-02 22:26:13,167.63717651367188,20MCS-UNITMW,2075,0
2025-07-02 22:26:14,167.71646118164062,20MCS-UNITMW,2075,0
2025-07-02 22:26:15,166.84439086914062,20MCS-UNITMW,2075,0
2025-07-02 22:26:16,167.08221435546875,20MCS-UNITMW,2075,0
2025-07-02 22:26:17,166.96331787109375,20MCS-UNITMW,2075,0
2025-07-02 22:26:18,167.0426025390625,20MCS-UNITMW,2075,0
2025-07-02 22:26:19,167.30908203125,20MCS-UNITMW,2075,0
2025-07-02 22:26:20,167.12185668945312,20MCS-UNITMW,2075,0
2025-07-02 22:26:21,166.64617919921875,20MCS-UNITMW,2075,0
2025-07-02 22:26:22,166.2894287109375,20MCS-UNITMW,2075,0
2025-07-02 22:26:23,166.447998046875,20MCS-UNITMW,2075,0
2025-07-02 22:26:24,166.89236450195312,20MCS-UNITMW,2075,0
2025-07-02 22:26:25,166.84439086914062,20MCS-UNITMW,2075,0
2025-07-02 22:26:26,166.89764404296875,20MCS-UNITMW,2075,0
2025-07-02 22:26:27,166.83023071289062,20MCS-UNITMW,2075,0
2025-07-02 22:26:28,167.01303100585938,20MCS-UNITMW,2075,0
2025-07-02 22:26:29,166.52728271484375,20MCS-UNITMW,2075,0
2025-07-02 22:26:30,166.84439086914062,20MCS-UNITMW,2075,0
2025-07-02 22:26:31,166.96331787109375,20MCS-UNITMW,2075,0
2025-07-02 22:26:32,166.447998046875,20MCS-UNITMW,2075,0
2025-07-02 22:26:33,166.7938232421875,20MCS-UNITMW,2075,0
2025-07-02 22:26:34,166.130859375,20MCS-UNITMW,2075,0
2025-07-02 22:26:35,166.84439086914062,20MCS-UNITMW,2075,0
2025-07-02 22:26:36,167.0426025390625,20MCS-UNITMW,2075,0
2025-07-02 22:26:37,167.25787353515625,20MCS-UNITMW,2075,0
2025-07-02 22:26:38,166.884033203125,20MCS-UNITMW,2075,0
2025-07-02 22:26:39,166.24978637695312,20MCS-UNITMW,2075,0
2025-07-02 22:26:40,166.52728271484375,20MCS-UNITMW,2075,0
2025-07-02 22:26:41,166.84439086914062,20MCS-UNITMW,2075,0
2025-07-02 22:26:42,167.24078369140625,20MCS-UNITMW,2075,0
2025-07-02 22:26:43,167.0426025390625,20MCS-UNITMW,2075,0
2025-07-02 22:26:44,167.320068359375,20MCS-UNITMW,2075,0
2025-07-02 22:26:45,167.21466064453125,20MCS-UNITMW,2075,0
2025-07-02 22:26:46,167.06378173828125,20MCS-UNITMW,2075,0
2025-07-02 22:26:47,166.76510620117188,20MCS-UNITMW,2075,0
2025-07-02 22:26:48,166.627197265625,20MCS-UNITMW,2075,0
2025-07-02 22:26:49,166.24978637695312,20MCS-UNITMW,2075,0
2025-07-02 22:26:50,166.24978637695312,20MCS-UNITMW,2075,0
2025-07-02 22:26:51,166.130859375,20MCS-UNITMW,2075,0
2025-07-02 22:26:52,166.52728271484375,20MCS-UNITMW,2075,0
2025-07-02 22:26:53,166.88287353515625,20MCS-UNITMW,2075,0
2025-07-02 22:26:54,166.130859375,20MCS-UNITMW,2075,0
2025-07-02 22:26:55,165.65518188476562,20MCS-UNITMW,2075,0
2025-07-02 22:26:56,165.02096557617188,20MCS-UNITMW,2075,0
2025-07-02 22:26:57,166.05160522460938,20MCS-UNITMW,2075,0
2025-07-02 22:26:58,166.011962890625,20MCS-UNITMW,2075,0
2025-07-02 22:26:59,165.45700073242188,20MCS-UNITMW,2075,0
2025-07-02 22:27:00,165.77410888671875,20MCS-UNITMW,2075,0
2025-07-02 22:27:01,165.53628540039062,20MCS-UNITMW,2075,0
2025-07-02 22:27:02,165.33807373046875,20MCS-UNITMW,2075,0
2025-07-02 22:27:03,165.37771606445312,20MCS-UNITMW,2075,0
2025-07-02 22:27:04,165.65518188476562,20MCS-UNITMW,2075,0
2025-07-02 22:27:05,165.8533935546875,20MCS-UNITMW,2075,0
2025-07-02 22:27:06,165.94049072265625,20MCS-UNITMW,2075,0
2025-07-02 22:27:07,165.4173583984375,20MCS-UNITMW,2075,0
2025-07-02 22:27:08,165.06057739257812,20MCS-UNITMW,2075,0
2025-07-02 22:27:09,165.02096557617188,20MCS-UNITMW,2075,0
2025-07-02 22:27:10,165.2587890625,20MCS-UNITMW,2075,0
2025-07-02 22:27:11,165.1002197265625,20MCS-UNITMW,2075,0
2025-07-02 22:27:12,165.02096557617188,20MCS-UNITMW,2075,0
2025-07-02 22:27:13,165.13986206054688,20MCS-UNITMW,2075,0
2025-07-02 22:27:14,164.82275390625,20MCS-UNITMW,2075,0
2025-07-02 22:27:15,164.34707641601562,20MCS-UNITMW,2075,0
2025-07-02 22:27:16,164.54525756835938,20MCS-UNITMW,2075,0
2025-07-02 22:27:17,165.06057739257812,20MCS-UNITMW,2075,0
2025-07-02 22:27:18,164.94168090820312,20MCS-UNITMW,2075,0
2025-07-02 22:27:19,164.42636108398438,20MCS-UNITMW,2075,0
2025-07-02 22:27:20,165.37771606445312,20MCS-UNITMW,2075,0
2025-07-02 22:27:21,164.82275390625,20MCS-UNITMW,2075,0
2025-07-02 22:27:22,163.31643676757812,20MCS-UNITMW,2075,0
2025-07-02 22:27:23,164.68572998046875,20MCS-UNITMW,2075,0
2025-07-02 22:27:24,164.069580078125,20MCS-UNITMW,2075,0
2025-07-02 22:27:25,164.78311157226562,20MCS-UNITMW,2075,0
2025-07-02 22:27:26,164.46600341796875,20MCS-UNITMW,2075,0
2025-07-02 22:27:27,164.95681762695312,20MCS-UNITMW,2075,0
2025-07-02 22:27:28,164.86239624023438,20MCS-UNITMW,2075,0
2025-07-02 22:27:29,164.9813232421875,20MCS-UNITMW,2075,0
2025-07-02 22:27:30,164.069580078125,20MCS-UNITMW,2075,0
2025-07-02 22:27:31,164.9813232421875,20MCS-UNITMW,2075,0
2025-07-02 22:27:32,164.46600341796875,20MCS-UNITMW,2075,0
2025-07-02 22:27:33,164.82275390625,20MCS-UNITMW,2075,0
2025-07-02 22:27:34,164.7464599609375,20MCS-UNITMW,2075,0
2025-07-02 22:27:35,164.02993774414062,20MCS-UNITMW,2075,0
2025-07-02 22:27:36,164.42636108398438,20MCS-UNITMW,2075,0
2025-07-02 22:27:37,164.66989135742188,20MCS-UNITMW,2075,0
2025-07-02 22:27:38,164.30743408203125,20MCS-UNITMW,2075,0
2025-07-02 22:27:39,164.46600341796875,20MCS-UNITMW,2075,0
2025-07-02 22:27:40,164.6641845703125,20MCS-UNITMW,2075,0
2025-07-02 22:27:41,164.74346923828125,20MCS-UNITMW,2075,0
2025-07-02 22:27:42,164.50564575195312,20MCS-UNITMW,2075,0
2025-07-02 22:27:43,164.46600341796875,20MCS-UNITMW,2075,0
2025-07-02 22:27:44,164.70382690429688,20MCS-UNITMW,2075,0
2025-07-02 22:27:45,164.30438232421875,20MCS-UNITMW,2075,0
2025-07-02 22:27:46,164.42636108398438,20MCS-UNITMW,2075,0
2025-07-02 22:27:47,164.54525756835938,20MCS-UNITMW,2075,0
2025-07-02 22:27:48,164.51458740234375,20MCS-UNITMW,2075,0
2025-07-02 22:27:49,164.46600341796875,20MCS-UNITMW,2075,0
2025-07-02 22:27:50,164.77362060546875,20MCS-UNITMW,2075,0
2025-07-02 22:27:51,164.54525756835938,20MCS-UNITMW,2075,0
2025-07-02 22:27:52,164.84085083007812,20MCS-UNITMW,2075,0
2025-07-02 22:27:53,164.5916748046875,20MCS-UNITMW,2075,0
2025-07-02 22:27:54,164.10922241210938,20MCS-UNITMW,2075,0
2025-07-02 22:27:55,164.18850708007812,20MCS-UNITMW,2075,0
2025-07-02 22:27:56,163.39572143554688,20MCS-UNITMW,2075,0
2025-07-02 22:27:57,164.02993774414062,20MCS-UNITMW,2075,0
2025-07-02 22:27:58,164.14886474609375,20MCS-UNITMW,2075,0
2025-07-02 22:27:59,164.14886474609375,20MCS-UNITMW,2075,0
2025-07-02 22:28:00,163.99032592773438,20MCS-UNITMW,2075,0
2025-07-02 22:28:01,164.38671875,20MCS-UNITMW,2075,0
2025-07-02 22:28:02,165.02096557617188,20MCS-UNITMW,2075,0
2025-07-02 22:28:03,164.58489990234375,20MCS-UNITMW,2075,0
2025-07-02 22:28:04,164.02993774414062,20MCS-UNITMW,2075,0
2025-07-02 22:28:05,164.42636108398438,20MCS-UNITMW,2075,0
2025-07-02 22:28:06,163.99032592773438,20MCS-UNITMW,2075,0
2025-07-02 22:28:07,164.30422973632812,20MCS-UNITMW,2075,0
2025-07-02 22:28:08,163.71282958984375,20MCS-UNITMW,2075,0
2025-07-02 22:28:09,164.6995849609375,20MCS-UNITMW,2075,0
2025-07-02 22:28:10,164.14886474609375,20MCS-UNITMW,2075,0
2025-07-02 22:28:11,164.6641845703125,20MCS-UNITMW,2075,0
2025-07-02 22:28:12,164.30743408203125,20MCS-UNITMW,2075,0
2025-07-02 22:28:13,164.65924072265625,20MCS-UNITMW,2075,0
2025-07-02 22:28:14,164.10922241210938,20MCS-UNITMW,2075,0
2025-07-02 22:28:15,164.76174926757812,20MCS-UNITMW,2075,0
2025-07-02 22:28:16,164.54525756835938,20MCS-UNITMW,2075,0
2025-07-02 22:28:17,164.62454223632812,20MCS-UNITMW,2075,0
2025-07-02 22:28:18,164.30743408203125,20MCS-UNITMW,2075,0
2025-07-02 22:28:19,163.47500610351562,20MCS-UNITMW,2075,0
2025-07-02 22:28:20,164.55007934570312,20MCS-UNITMW,2075,0
2025-07-02 22:28:21,164.30743408203125,20MCS-UNITMW,2075,0
2025-07-02 22:28:22,164.62454223632812,20MCS-UNITMW,2075,0
2025-07-02 22:28:23,165.45700073242188,20MCS-UNITMW,2075,0
2025-07-02 22:28:24,164.46600341796875,20MCS-UNITMW,2075,0
2025-07-02 22:28:25,164.6641845703125,20MCS-UNITMW,2075,0
2025-07-02 22:28:26,164.10922241210938,20MCS-UNITMW,2075,0
2025-07-02 22:28:27,164.4971923828125,20MCS-UNITMW,2075,0
2025-07-02 22:28:28,164.46194458007812,20MCS-UNITMW,2075,0
2025-07-02 22:28:29,164.26779174804688,20MCS-UNITMW,2075,0
2025-07-02 22:28:30,164.5772705078125,20MCS-UNITMW,2075,0
2025-07-02 22:28:31,164.02993774414062,20MCS-UNITMW,2075,0
2025-07-02 22:28:32,164.82275390625,20MCS-UNITMW,2075,0
2025-07-02 22:28:33,164.42636108398438,20MCS-UNITMW,2075,0
2025-07-02 22:28:34,164.10922241210938,20MCS-UNITMW,2075,0
2025-07-02 22:28:35,164.77099609375,20MCS-UNITMW,2075,0
2025-07-02 22:28:36,164.54525756835938,20MCS-UNITMW,2075,0
2025-07-02 22:28:37,164.86138916015625,20MCS-UNITMW,2075,0
2025-07-02 22:28:38,163.95068359375,20MCS-UNITMW,2075,0
2025-07-02 22:28:39,164.50564575195312,20MCS-UNITMW,2075,0
2025-07-02 22:28:40,164.42636108398438,20MCS-UNITMW,2075,0
2025-07-02 22:28:41,164.34707641601562,20MCS-UNITMW,2075,0
2025-07-02 22:28:42,164.54525756835938,20MCS-UNITMW,2075,0
2025-07-02 22:28:43,164.64718627929688,20MCS-UNITMW,2075,0
2025-07-02 22:28:44,164.76995849609375,20MCS-UNITMW,2075,0
2025-07-02 22:28:45,164.8765869140625,20MCS-UNITMW,2075,0
2025-07-02 22:28:46,165.01361083984375,20MCS-UNITMW,2075,0
2025-07-02 22:28:47,164.46600341796875,20MCS-UNITMW,2075,0
2025-07-02 22:28:48,164.5928955078125,20MCS-UNITMW,2075,0
2025-07-02 22:28:49,164.65231323242188,20MCS-UNITMW,2075,0
2025-07-02 22:28:50,164.6641845703125,20MCS-UNITMW,2075,0
2025-07-02 22:28:51,164.50564575195312,20MCS-UNITMW,2075,0
2025-07-02 22:28:52,165.04177856445312,20MCS-UNITMW,2075,0
2025-07-02 22:28:53,164.54525756835938,20MCS-UNITMW,2075,0
2025-07-02 22:28:54,164.82275390625,20MCS-UNITMW,2075,0
2025-07-02 22:28:55,164.74346923828125,20MCS-UNITMW,2075,0
2025-07-02 22:28:56,164.80923461914062,20MCS-UNITMW,2075,0
2025-07-02 22:28:57,165.4173583984375,20MCS-UNITMW,2075,0
2025-07-02 22:28:58,165.02096557617188,20MCS-UNITMW,2075,0
2025-07-02 22:28:59,165.17950439453125,20MCS-UNITMW,2075,0
2025-07-02 22:29:00,165.37771606445312,20MCS-UNITMW,2075,0
2025-07-02 22:29:01,164.6641845703125,20MCS-UNITMW,2075,0
2025-07-02 22:29:02,165.02096557617188,20MCS-UNITMW,2075,0
2025-07-02 22:29:03,165.31539916992188,20MCS-UNITMW,2075,0
2025-07-02 22:29:04,165.4781494140625,20MCS-UNITMW,2075,0
2025-07-02 22:29:05,165.61553955078125,20MCS-UNITMW,2075,0
2025-07-02 22:29:06,165.66748046875,20MCS-UNITMW,2075,0
2025-07-02 22:29:07,165.93267822265625,20MCS-UNITMW,2075,0
2025-07-02 22:29:08,165.89303588867188,20MCS-UNITMW,2075,0
2025-07-02 22:29:09,165.93267822265625,20MCS-UNITMW,2075,0
2025-07-02 22:29:10,165.69482421875,20MCS-UNITMW,2075,0
2025-07-02 22:29:11,166.17050170898438,20MCS-UNITMW,2075,0
2025-07-02 22:29:12,165.8533935546875,20MCS-UNITMW,2075,0
2025-07-02 22:29:13,166.24978637695312,20MCS-UNITMW,2075,0
2025-07-02 22:29:14,166.21014404296875,20MCS-UNITMW,2075,0
2025-07-02 22:29:15,166.32757568359375,20MCS-UNITMW,2075,0
2025-07-02 22:29:16,165.69482421875,20MCS-UNITMW,2075,0
2025-07-02 22:29:17,166.130859375,20MCS-UNITMW,2075,0
2025-07-02 22:29:18,166.36871337890625,20MCS-UNITMW,2075,0
2025-07-02 22:29:19,166.37118530273438,20MCS-UNITMW,2075,0
2025-07-02 22:29:20,165.45700073242188,20MCS-UNITMW,2075,0
2025-07-02 22:29:21,165.4173583984375,20MCS-UNITMW,2075,0
2025-07-02 22:29:22,165.45700073242188,20MCS-UNITMW,2075,0
2025-07-02 22:29:23,165.8533935546875,20MCS-UNITMW,2075,0
2025-07-02 22:29:24,166.60653686523438,20MCS-UNITMW,2075,0
2025-07-02 22:29:25,166.68582153320312,20MCS-UNITMW,2075,0
2025-07-02 22:29:26,167.12185668945312,20MCS-UNITMW,2075,0
2025-07-02 22:29:27,166.60653686523438,20MCS-UNITMW,2075,0
2025-07-02 22:29:28,165.81375122070312,20MCS-UNITMW,2075,0
2025-07-02 22:29:29,166.13238525390625,20MCS-UNITMW,2075,0
2025-07-02 22:29:30,166.447998046875,20MCS-UNITMW,2075,0
2025-07-02 22:29:31,166.39553833007812,20MCS-UNITMW,2075,0
2025-07-02 22:29:32,166.42556762695312,20MCS-UNITMW,2075,0
2025-07-02 22:29:33,166.59304809570312,20MCS-UNITMW,2075,0
2025-07-02 22:29:34,166.884033203125,20MCS-UNITMW,2075,0
2025-07-02 22:29:35,167.51828002929688,20MCS-UNITMW,2075,0
2025-07-02 22:29:36,167.08221435546875,20MCS-UNITMW,2075,0
2025-07-02 22:29:37,167.55792236328125,20MCS-UNITMW,2075,0
2025-07-02 22:29:38,167.1614990234375,20MCS-UNITMW,2075,0
2025-07-02 22:29:39,167.756103515625,20MCS-UNITMW,2075,0
2025-07-02 22:29:40,166.84439086914062,20MCS-UNITMW,2075,0
2025-07-02 22:29:41,167.28042602539062,20MCS-UNITMW,2075,0
2025-07-02 22:29:42,167.87503051757812,20MCS-UNITMW,2075,0
2025-07-02 22:29:43,168.34750366210938,20MCS-UNITMW,2075,0
2025-07-02 22:29:44,168.31106567382812,20MCS-UNITMW,2075,0
2025-07-02 22:29:45,168.192138671875,20MCS-UNITMW,2075,0
2025-07-02 22:29:46,168.57748413085938,20MCS-UNITMW,2075,0
2025-07-02 22:29:47,168.7867431640625,20MCS-UNITMW,2075,0
2025-07-02 22:29:48,168.46957397460938,20MCS-UNITMW,2075,0
2025-07-02 22:29:49,169.10385131835938,20MCS-UNITMW,2075,0
2025-07-02 22:29:50,167.9146728515625,20MCS-UNITMW,2075,0
2025-07-02 22:29:51,168.42245483398438,20MCS-UNITMW,2075,0
2025-07-02 22:29:52,168.58856201171875,20MCS-UNITMW,2075,0
2025-07-02 22:29:53,168.3507080078125,20MCS-UNITMW,2075,0
2025-07-02 22:29:54,168.92767333984375,20MCS-UNITMW,2075,0
2025-07-02 22:29:55,168.628173828125,20MCS-UNITMW,2075,0
2025-07-02 22:29:56,168.39035034179688,20MCS-UNITMW,2075,0
2025-07-02 22:29:57,168.50927734375,20MCS-UNITMW,2075,0
2025-07-02 22:29:58,168.50927734375,20MCS-UNITMW,2075,0
2025-07-02 22:29:59,167.756103515625,20MCS-UNITMW,2075,0
2025-07-02 22:30:00,167.756103515625,20MCS-UNITMW,2075,0
2025-07-02 22:30:01,167.756103515625,20MCS-UNITMW,2075,0
2025-07-02 22:30:02,168.31106567382812,20MCS-UNITMW,2075,0
2025-07-02 22:30:03,168.42999267578125,20MCS-UNITMW,2075,0
2025-07-02 22:30:04,168.31106567382812,20MCS-UNITMW,2075,0
2025-07-02 22:30:05,167.99395751953125,20MCS-UNITMW,2075,0
2025-07-02 22:30:06,167.20114135742188,20MCS-UNITMW,2075,0
2025-07-02 22:30:07,167.99395751953125,20MCS-UNITMW,2075,0
2025-07-02 22:30:08,167.99395751953125,20MCS-UNITMW,2075,0
2025-07-02 22:30:09,167.95431518554688,20MCS-UNITMW,2075,0
2025-07-02 22:30:10,167.00296020507812,20MCS-UNITMW,2075,0
2025-07-02 22:30:11,166.7254638671875,20MCS-UNITMW,2075,0
2025-07-02 22:30:12,167.08221435546875,20MCS-UNITMW,2075,0
2025-07-02 22:30:13,167.08221435546875,20MCS-UNITMW,2075,0
2025-07-02 22:30:14,167.52285766601562,20MCS-UNITMW,2075,0
2025-07-02 22:30:15,167.24078369140625,20MCS-UNITMW,2075,0
2025-07-02 22:30:16,167.4786376953125,20MCS-UNITMW,2075,0
2025-07-02 22:30:17,167.55792236328125,20MCS-UNITMW,2075,0
2025-07-02 22:30:18,167.45462036132812,20MCS-UNITMW,2075,0
2025-07-02 22:30:19,167.12185668945312,20MCS-UNITMW,2075,0
2025-07-02 22:30:20,166.884033203125,20MCS-UNITMW,2075,0
2025-07-02 22:30:21,166.7254638671875,20MCS-UNITMW,2075,0
2025-07-02 22:30:22,167.02813720703125,20MCS-UNITMW,2075,0
2025-07-02 22:30:23,166.17050170898438,20MCS-UNITMW,2075,0
2025-07-02 22:30:24,166.011962890625,20MCS-UNITMW,2075,0
2025-07-02 22:30:25,166.2894287109375,20MCS-UNITMW,2075,0
2025-07-02 22:30:26,166.52728271484375,20MCS-UNITMW,2075,0
2025-07-02 22:30:27,166.68582153320312,20MCS-UNITMW,2075,0
2025-07-02 22:30:28,166.17050170898438,20MCS-UNITMW,2075,0
2025-07-02 22:30:29,165.81375122070312,20MCS-UNITMW,2075,0
2025-07-02 22:30:30,165.69482421875,20MCS-UNITMW,2075,0
2025-07-02 22:30:31,165.81375122070312,20MCS-UNITMW,2075,0
2025-07-02 22:30:32,166.130859375,20MCS-UNITMW,2075,0
2025-07-02 22:30:33,165.97232055664062,20MCS-UNITMW,2075,0
2025-07-02 22:30:34,165.73446655273438,20MCS-UNITMW,2075,0
2025-07-02 22:30:35,165.9222412109375,20MCS-UNITMW,2075,0
2025-07-02 22:30:36,165.57589721679688,20MCS-UNITMW,2075,0
2025-07-02 22:30:37,165.99581909179688,20MCS-UNITMW,2075,0
2025-07-02 22:30:38,165.21914672851562,20MCS-UNITMW,2075,0
2025-07-02 22:30:39,165.21914672851562,20MCS-UNITMW,2075,0
2025-07-02 22:30:40,165.21914672851562,20MCS-UNITMW,2075,0
2025-07-02 22:30:41,165.4173583984375,20MCS-UNITMW,2075,0
2025-07-02 22:30:42,165.1002197265625,20MCS-UNITMW,2075,0
2025-07-02 22:30:43,164.9813232421875,20MCS-UNITMW,2075,0
2025-07-02 22:30:44,164.9813232421875,20MCS-UNITMW,2075,0
2025-07-02 22:30:45,165.13986206054688,20MCS-UNITMW,2075,0
2025-07-02 22:30:46,165.13986206054688,20MCS-UNITMW,2075,0
2025-07-02 22:30:47,164.9813232421875,20MCS-UNITMW,2075,0
2025-07-02 22:30:48,165.15805053710938,20MCS-UNITMW,2075,0
2025-07-02 22:30:49,164.50564575195312,20MCS-UNITMW,2075,0
2025-07-02 22:30:50,164.62454223632812,20MCS-UNITMW,2075,0
2025-07-02 22:30:51,164.34707641601562,20MCS-UNITMW,2075,0
2025-07-02 22:30:52,164.42636108398438,20MCS-UNITMW,2075,0
2025-07-02 22:30:53,164.46600341796875,20MCS-UNITMW,2075,0
2025-07-02 22:30:54,164.30743408203125,20MCS-UNITMW,2075,0
2025-07-02 22:30:55,164.069580078125,20MCS-UNITMW,2075,0
2025-07-02 22:30:56,164.70382690429688,20MCS-UNITMW,2075,0
2025-07-02 22:30:57,165.21914672851562,20MCS-UNITMW,2075,0
2025-07-02 22:30:58,164.86239624023438,20MCS-UNITMW,2075,0
2025-07-02 22:30:59,164.88421630859375,20MCS-UNITMW,2075,0
2025-07-02 22:31:00,163.633544921875,20MCS-UNITMW,2075,0
2025-07-02 22:31:01,164.34707641601562,20MCS-UNITMW,2075,0
2025-07-02 22:31:02,164.9813232421875,20MCS-UNITMW,2075,0
2025-07-02 22:31:03,165.01675415039062,20MCS-UNITMW,2075,0
2025-07-02 22:31:04,164.82275390625,20MCS-UNITMW,2075,0
2025-07-02 22:31:05,164.58489990234375,20MCS-UNITMW,2075,0
2025-07-02 22:31:06,164.38671875,20MCS-UNITMW,2075,0
2025-07-02 22:31:07,164.62454223632812,20MCS-UNITMW,2075,0
2025-07-02 22:31:08,164.67404174804688,20MCS-UNITMW,2075,0
2025-07-02 22:31:09,164.62454223632812,20MCS-UNITMW,2075,0
2025-07-02 22:31:10,165.07672119140625,20MCS-UNITMW,2075,0
2025-07-02 22:31:11,164.069580078125,20MCS-UNITMW,2075,0
2025-07-02 22:31:12,164.828369140625,20MCS-UNITMW,2075,0
2025-07-02 22:31:13,164.70098876953125,20MCS-UNITMW,2075,0
2025-07-02 22:31:14,164.30743408203125,20MCS-UNITMW,2075,0
2025-07-02 22:31:15,164.58489990234375,20MCS-UNITMW,2075,0
2025-07-02 22:31:16,164.94168090820312,20MCS-UNITMW,2075,0
2025-07-02 22:31:17,164.82275390625,20MCS-UNITMW,2075,0
2025-07-02 22:31:18,164.02993774414062,20MCS-UNITMW,2075,0
2025-07-02 22:31:19,163.91104125976562,20MCS-UNITMW,2075,0
2025-07-02 22:31:20,163.75247192382812,20MCS-UNITMW,2075,0
2025-07-02 22:31:21,163.91104125976562,20MCS-UNITMW,2075,0
2025-07-02 22:31:22,164.54525756835938,20MCS-UNITMW,2075,0
2025-07-02 22:31:23,164.24810791015625,20MCS-UNITMW,2075,0
2025-07-02 22:31:24,164.2281494140625,20MCS-UNITMW,2075,0
2025-07-02 22:31:25,164.02993774414062,20MCS-UNITMW,2075,0
2025-07-02 22:31:26,163.59390258789062,20MCS-UNITMW,2075,0
2025-07-02 22:31:27,164.58489990234375,20MCS-UNITMW,2075,0
2025-07-02 22:31:28,164.46417236328125,20MCS-UNITMW,2075,0
2025-07-02 22:31:29,164.26779174804688,20MCS-UNITMW,2075,0
2025-07-02 22:31:30,163.75247192382812,20MCS-UNITMW,2075,0
2025-07-02 22:31:31,163.59390258789062,20MCS-UNITMW,2075,0
2025-07-02 22:31:32,163.71282958984375,20MCS-UNITMW,2075,0
2025-07-02 22:31:33,164.30743408203125,20MCS-UNITMW,2075,0
2025-07-02 22:31:34,164.069580078125,20MCS-UNITMW,2075,0
2025-07-02 22:31:35,164.14886474609375,20MCS-UNITMW,2075,0
2025-07-02 22:31:36,164.0343017578125,20MCS-UNITMW,2075,0
2025-07-02 22:31:37,163.7921142578125,20MCS-UNITMW,2075,0
2025-07-02 22:31:38,164.069580078125,20MCS-UNITMW,2075,0
2025-07-02 22:31:39,164.33917236328125,20MCS-UNITMW,2075,0
2025-07-02 22:31:40,164.62454223632812,20MCS-UNITMW,2075,0
2025-07-02 22:31:41,164.26779174804688,20MCS-UNITMW,2075,0
2025-07-02 22:31:42,164.45553588867188,20MCS-UNITMW,2075,0
2025-07-02 22:31:43,164.14886474609375,20MCS-UNITMW,2075,0
2025-07-02 22:31:44,164.38803100585938,20MCS-UNITMW,2075,0
2025-07-02 22:31:45,163.99032592773438,20MCS-UNITMW,2075,0
2025-07-02 22:31:46,164.14886474609375,20MCS-UNITMW,2075,0
2025-07-02 22:31:47,164.02993774414062,20MCS-UNITMW,2075,0
2025-07-02 22:31:48,163.99032592773438,20MCS-UNITMW,2075,0
2025-07-02 22:31:49,164.26779174804688,20MCS-UNITMW,2075,0
2025-07-02 22:31:50,164.38671875,20MCS-UNITMW,2075,0
2025-07-02 22:31:51,163.83175659179688,20MCS-UNITMW,2075,0
2025-07-02 22:31:52,163.91104125976562,20MCS-UNITMW,2075,0
2025-07-02 22:31:53,164.54525756835938,20MCS-UNITMW,2075,0
2025-07-02 22:31:54,164.10922241210938,20MCS-UNITMW,2075,0
2025-07-02 22:31:55,164.46600341796875,20MCS-UNITMW,2075,0
2025-07-02 22:31:56,163.633544921875,20MCS-UNITMW,2075,0
2025-07-02 22:31:57,164.26779174804688,20MCS-UNITMW,2075,0
2025-07-02 22:31:58,163.95068359375,20MCS-UNITMW,2075,0
2025-07-02 22:31:59,164.82275390625,20MCS-UNITMW,2075,0
2025-07-02 22:32:00,164.4639892578125,20MCS-UNITMW,2075,0
2025-07-02 22:32:01,163.95068359375,20MCS-UNITMW,2075,0
2025-07-02 22:32:02,163.87139892578125,20MCS-UNITMW,2075,0
2025-07-02 22:32:03,163.75247192382812,20MCS-UNITMW,2075,0
2025-07-02 22:32:04,164.14886474609375,20MCS-UNITMW,2075,0
2025-07-02 22:32:05,164.4078369140625,20MCS-UNITMW,2075,0
2025-07-02 22:32:06,163.99032592773438,20MCS-UNITMW,2075,0
2025-07-02 22:32:07,163.75247192382812,20MCS-UNITMW,2075,0
2025-07-02 22:32:08,164.069580078125,20MCS-UNITMW,2075,0
2025-07-02 22:32:09,164.71087646484375,20MCS-UNITMW,2075,0
2025-07-02 22:32:10,164.6641845703125,20MCS-UNITMW,2075,0
2025-07-02 22:32:11,164.69357299804688,20MCS-UNITMW,2075,0
2025-07-02 22:32:12,163.75247192382812,20MCS-UNITMW,2075,0
2025-07-02 22:32:13,164.30743408203125,20MCS-UNITMW,2075,0
2025-07-02 22:32:14,164.70382690429688,20MCS-UNITMW,2075,0
2025-07-02 22:32:15,164.38671875,20MCS-UNITMW,2075,0
2025-07-02 22:32:16,164.54525756835938,20MCS-UNITMW,2075,0
2025-07-02 22:32:17,164.85723876953125,20MCS-UNITMW,2075,0
2025-07-02 22:32:18,164.50564575195312,20MCS-UNITMW,2075,0
2025-07-02 22:32:19,164.6641845703125,20MCS-UNITMW,2075,0
2025-07-02 22:32:20,164.2281494140625,20MCS-UNITMW,2075,0
2025-07-02 22:32:21,164.70382690429688,20MCS-UNITMW,2075,0
2025-07-02 22:32:22,164.069580078125,20MCS-UNITMW,2075,0
2025-07-02 22:32:23,164.74346923828125,20MCS-UNITMW,2075,0
2025-07-02 22:32:24,164.80471801757812,20MCS-UNITMW,2075,0
2025-07-02 22:32:25,164.069580078125,20MCS-UNITMW,2075,0
2025-07-02 22:32:26,163.71282958984375,20MCS-UNITMW,2075,0
2025-07-02 22:32:27,164.30743408203125,20MCS-UNITMW,2075,0
2025-07-02 22:32:28,164.90203857421875,20MCS-UNITMW,2075,0
2025-07-02 22:32:29,164.74346923828125,20MCS-UNITMW,2075,0
2025-07-02 22:32:30,164.62860107421875,20MCS-UNITMW,2075,0
2025-07-02 22:32:31,163.87139892578125,20MCS-UNITMW,2075,0
2025-07-02 22:32:32,164.26779174804688,20MCS-UNITMW,2075,0
2025-07-02 22:32:33,163.71282958984375,20MCS-UNITMW,2075,0
2025-07-02 22:32:34,164.26779174804688,20MCS-UNITMW,2075,0
2025-07-02 22:32:35,164.70648193359375,20MCS-UNITMW,2075,0
2025-07-02 22:32:36,164.90203857421875,20MCS-UNITMW,2075,0
2025-07-02 22:32:37,164.2281494140625,20MCS-UNITMW,2075,0
2025-07-02 22:32:38,163.87139892578125,20MCS-UNITMW,2075,0
2025-07-02 22:32:39,164.26779174804688,20MCS-UNITMW,2075,0
2025-07-02 22:32:40,164.10922241210938,20MCS-UNITMW,2075,0
2025-07-02 22:32:41,164.82275390625,20MCS-UNITMW,2075,0
2025-07-02 22:32:42,164.78311157226562,20MCS-UNITMW,2075,0
2025-07-02 22:32:43,164.69088745117188,20MCS-UNITMW,2075,0
2025-07-02 22:32:44,164.42636108398438,20MCS-UNITMW,2075,0
2025-07-02 22:32:45,164.54525756835938,20MCS-UNITMW,2075,0
2025-07-02 22:32:46,164.89773559570312,20MCS-UNITMW,2075,0
2025-07-02 22:32:47,164.70382690429688,20MCS-UNITMW,2075,0
2025-07-02 22:32:48,164.54525756835938,20MCS-UNITMW,2075,0
2025-07-02 22:32:49,164.2281494140625,20MCS-UNITMW,2075,0
2025-07-02 22:32:50,164.2281494140625,20MCS-UNITMW,2075,0
2025-07-02 22:32:51,164.66134643554688,20MCS-UNITMW,2075,0
2025-07-02 22:32:52,164.2281494140625,20MCS-UNITMW,2075,0
2025-07-02 22:32:53,164.70382690429688,20MCS-UNITMW,2075,0
2025-07-02 22:32:54,164.90203857421875,20MCS-UNITMW,2075,0
2025-07-02 22:32:55,164.62454223632812,20MCS-UNITMW,2075,0
2025-07-02 22:32:56,164.74346923828125,20MCS-UNITMW,2075,0
2025-07-02 22:32:57,164.86239624023438,20MCS-UNITMW,2075,0
2025-07-02 22:32:58,164.74346923828125,20MCS-UNITMW,2075,0
2025-07-02 22:32:59,164.94168090820312,20MCS-UNITMW,2075,0
2025-07-02 22:33:00,164.93563842773438,20MCS-UNITMW,2075,0
2025-07-02 22:33:01,164.34707641601562,20MCS-UNITMW,2075,0
2025-07-02 22:33:02,164.50564575195312,20MCS-UNITMW,2075,0
2025-07-02 22:33:03,164.98098754882812,20MCS-UNITMW,2075,0
2025-07-02 22:33:04,164.94168090820312,20MCS-UNITMW,2075,0
2025-07-02 22:33:05,165.13986206054688,20MCS-UNITMW,2075,0
2025-07-02 22:33:06,165.1002197265625,20MCS-UNITMW,2075,0
2025-07-02 22:33:07,164.2281494140625,20MCS-UNITMW,2075,0
2025-07-02 22:33:08,164.92974853515625,20MCS-UNITMW,2075,0
2025-07-02 22:33:09,164.14886474609375,20MCS-UNITMW,2075,0
2025-07-02 22:33:10,164.54525756835938,20MCS-UNITMW,2075,0
2025-07-02 22:33:11,165.49664306640625,20MCS-UNITMW,2075,0
2025-07-02 22:33:12,165.2587890625,20MCS-UNITMW,2075,0
2025-07-02 22:33:13,164.62454223632812,20MCS-UNITMW,2075,0
2025-07-02 22:33:14,165.1002197265625,20MCS-UNITMW,2075,0
2025-07-02 22:33:15,164.2281494140625,20MCS-UNITMW,2075,0
2025-07-02 22:33:16,164.86239624023438,20MCS-UNITMW,2075,0
2025-07-02 22:33:17,165.37771606445312,20MCS-UNITMW,2075,0
2025-07-02 22:33:18,164.82275390625,20MCS-UNITMW,2075,0
2025-07-02 22:33:19,165.29843139648438,20MCS-UNITMW,2075,0
2025-07-02 22:33:20,164.50564575195312,20MCS-UNITMW,2075,0
2025-07-02 22:33:21,164.34707641601562,20MCS-UNITMW,2075,0
2025-07-02 22:33:22,164.94168090820312,20MCS-UNITMW,2075,0
2025-07-02 22:33:23,165.326416015625,20MCS-UNITMW,2075,0
2025-07-02 22:33:24,165.6175537109375,20MCS-UNITMW,2075,0
2025-07-02 22:33:25,165.90237426757812,20MCS-UNITMW,2075,0
2025-07-02 22:33:26,166.130859375,20MCS-UNITMW,2075,0
2025-07-02 22:33:27,165.81375122070312,20MCS-UNITMW,2075,0
2025-07-02 22:33:28,166.02398681640625,20MCS-UNITMW,2075,0
2025-07-02 22:33:29,165.75946044921875,20MCS-UNITMW,2075,0
2025-07-02 22:33:30,165.57589721679688,20MCS-UNITMW,2075,0
2025-07-02 22:33:31,165.93267822265625,20MCS-UNITMW,2075,0
2025-07-02 22:33:32,166.32891845703125,20MCS-UNITMW,2075,0
2025-07-02 22:33:33,166.64617919921875,20MCS-UNITMW,2075,0
2025-07-02 22:33:34,167.51828002929688,20MCS-UNITMW,2075,0
2025-07-02 22:33:35,166.80474853515625,20MCS-UNITMW,2075,0
2025-07-02 22:33:36,166.70980834960938,20MCS-UNITMW,2075,0
2025-07-02 22:33:37,166.011962890625,20MCS-UNITMW,2075,0
2025-07-02 22:33:38,165.81375122070312,20MCS-UNITMW,2075,0
2025-07-02 22:33:39,166.24978637695312,20MCS-UNITMW,2075,0
2025-07-02 22:33:40,167.20114135742188,20MCS-UNITMW,2075,0
2025-07-02 22:33:41,167.35971069335938,20MCS-UNITMW,2075,0
2025-07-02 22:33:42,167.320068359375,20MCS-UNITMW,2075,0
2025-07-02 22:33:43,167.1614990234375,20MCS-UNITMW,2075,0
2025-07-02 22:33:44,166.64617919921875,20MCS-UNITMW,2075,0
2025-07-02 22:33:45,166.447998046875,20MCS-UNITMW,2075,0
2025-07-02 22:33:46,167.32357788085938,20MCS-UNITMW,2075,0
2025-07-02 22:33:47,167.79574584960938,20MCS-UNITMW,2075,0
2025-07-02 22:33:48,167.5184326171875,20MCS-UNITMW,2075,0
2025-07-02 22:33:49,167.35275268554688,20MCS-UNITMW,2075,0
2025-07-02 22:33:50,166.884033203125,20MCS-UNITMW,2075,0
2025-07-02 22:33:51,166.84439086914062,20MCS-UNITMW,2075,0
2025-07-02 22:33:52,167.756103515625,20MCS-UNITMW,2075,0
2025-07-02 22:33:53,167.43899536132812,20MCS-UNITMW,2075,0
2025-07-02 22:33:54,167.1614990234375,20MCS-UNITMW,2075,0
2025-07-02 22:33:55,167.1614990234375,20MCS-UNITMW,2075,0
2025-07-02 22:33:56,167.80133056640625,20MCS-UNITMW,2075,0
2025-07-02 22:33:57,167.9146728515625,20MCS-UNITMW,2075,0
2025-07-02 22:33:58,168.3507080078125,20MCS-UNITMW,2075,0
2025-07-02 22:33:59,167.87503051757812,20MCS-UNITMW,2075,0
2025-07-02 22:34:00,167.63717651367188,20MCS-UNITMW,2075,0
2025-07-02 22:34:01,167.756103515625,20MCS-UNITMW,2075,0
2025-07-02 22:34:02,168.11285400390625,20MCS-UNITMW,2075,0
2025-07-02 22:34:03,168.61788940429688,20MCS-UNITMW,2075,0
2025-07-02 22:34:04,167.63717651367188,20MCS-UNITMW,2075,0
2025-07-02 22:34:05,167.79574584960938,20MCS-UNITMW,2075,0
2025-07-02 22:34:06,167.99395751953125,20MCS-UNITMW,2075,0
2025-07-02 22:34:07,168.23178100585938,20MCS-UNITMW,2075,0
2025-07-02 22:34:08,168.74710083007812,20MCS-UNITMW,2075,0
2025-07-02 22:34:09,168.66781616210938,20MCS-UNITMW,2075,0
2025-07-02 22:34:10,168.92214965820312,20MCS-UNITMW,2075,0
2025-07-02 22:34:11,168.93621826171875,20MCS-UNITMW,2075,0
2025-07-02 22:34:12,168.54891967773438,20MCS-UNITMW,2075,0
2025-07-02 22:34:13,168.90567016601562,20MCS-UNITMW,2075,0
2025-07-02 22:34:14,168.98495483398438,20MCS-UNITMW,2075,0
2025-07-02 22:34:15,169.30206298828125,20MCS-UNITMW,2075,0
2025-07-02 22:34:16,169.30206298828125,20MCS-UNITMW,2075,0
2025-07-02 22:34:17,169.57955932617188,20MCS-UNITMW,2075,0
2025-07-02 22:34:18,169.58123779296875,20MCS-UNITMW,2075,0
2025-07-02 22:34:19,169.30206298828125,20MCS-UNITMW,2075,0
2025-07-02 22:34:20,169.8109130859375,20MCS-UNITMW,2075,0
2025-07-02 22:34:21,169.8173828125,20MCS-UNITMW,2075,0
2025-07-02 22:34:22,169.9759521484375,20MCS-UNITMW,2075,0
2025-07-02 22:34:23,169.2227783203125,20MCS-UNITMW,2075,0
2025-07-02 22:34:24,169.73809814453125,20MCS-UNITMW,2075,0
2025-07-02 22:34:25,170.01235961914062,20MCS-UNITMW,2075,0
2025-07-02 22:34:26,170.33270263671875,20MCS-UNITMW,2075,0
2025-07-02 22:34:27,170.29739379882812,20MCS-UNITMW,2075,0
2025-07-02 22:34:28,170.09487915039062,20MCS-UNITMW,2075,0
2025-07-02 22:34:29,170.34097290039062,20MCS-UNITMW,2075,0
2025-07-02 22:34:30,170.01559448242188,20MCS-UNITMW,2075,0
2025-07-02 22:34:31,170.4119873046875,20MCS-UNITMW,2075,0
2025-07-02 22:34:32,170.49362182617188,20MCS-UNITMW,2075,0
2025-07-02 22:34:33,170.9669189453125,20MCS-UNITMW,2075,0
2025-07-02 22:34:34,170.09487915039062,20MCS-UNITMW,2075,0
2025-07-02 22:34:35,170.92727661132812,20MCS-UNITMW,2075,0
2025-07-02 22:34:36,170.72909545898438,20MCS-UNITMW,2075,0
2025-07-02 22:34:37,170.72909545898438,20MCS-UNITMW,2075,0
2025-07-02 22:34:38,170.80838012695312,20MCS-UNITMW,2075,0
2025-07-02 22:34:39,171.0362548828125,20MCS-UNITMW,2075,0
2025-07-02 22:34:40,170.72909545898438,20MCS-UNITMW,2075,0
2025-07-02 22:34:41,170.64981079101562,20MCS-UNITMW,2075,0
2025-07-02 22:34:42,171.03506469726562,20MCS-UNITMW,2075,0
2025-07-02 22:34:43,171.16513061523438,20MCS-UNITMW,2075,0
2025-07-02 22:34:44,171.51937866210938,20MCS-UNITMW,2075,0
2025-07-02 22:34:45,171.515380859375,20MCS-UNITMW,2075,0
2025-07-02 22:34:46,171.5009765625,20MCS-UNITMW,2075,0
2025-07-02 22:34:47,171.36334228515625,20MCS-UNITMW,2075,0
2025-07-02 22:34:48,170.9669189453125,20MCS-UNITMW,2075,0
2025-07-02 22:34:49,171.53158569335938,20MCS-UNITMW,2075,0
2025-07-02 22:34:50,171.5615234375,20MCS-UNITMW,2075,0
2025-07-02 22:34:51,172.07684326171875,20MCS-UNITMW,2075,0
2025-07-02 22:34:52,171.95791625976562,20MCS-UNITMW,2075,0
2025-07-02 22:34:53,171.81512451171875,20MCS-UNITMW,2075,0
2025-07-02 22:34:54,171.36334228515625,20MCS-UNITMW,2075,0
2025-07-02 22:34:55,171.79937744140625,20MCS-UNITMW,2075,0
2025-07-02 22:34:56,172.24008178710938,20MCS-UNITMW,2075,0
2025-07-02 22:34:57,172.284423828125,20MCS-UNITMW,2075,0
2025-07-02 22:34:58,171.83901977539062,20MCS-UNITMW,2075,0
2025-07-02 22:34:59,172.36386108398438,20MCS-UNITMW,2075,0
2025-07-02 22:35:00,171.878662109375,20MCS-UNITMW,2075,0
2025-07-02 22:35:01,172.39398193359375,20MCS-UNITMW,2075,0
2025-07-02 22:35:02,172.35433959960938,20MCS-UNITMW,2075,0
2025-07-02 22:35:03,172.68545532226562,20MCS-UNITMW,2075,0
2025-07-02 22:35:04,172.94891357421875,20MCS-UNITMW,2075,0
2025-07-02 22:35:05,172.55252075195312,20MCS-UNITMW,2075,0
2025-07-02 22:35:06,172.94891357421875,20MCS-UNITMW,2075,0
2025-07-02 22:35:07,172.71109008789062,20MCS-UNITMW,2075,0
2025-07-02 22:35:08,172.90927124023438,20MCS-UNITMW,2075,0
2025-07-02 22:35:09,173.26605224609375,20MCS-UNITMW,2075,0
2025-07-02 22:35:10,173.58316040039062,20MCS-UNITMW,2075,0
2025-07-02 22:35:11,172.94891357421875,20MCS-UNITMW,2075,0
2025-07-02 22:35:12,173.14712524414062,20MCS-UNITMW,2075,0
2025-07-02 22:35:13,173.42459106445312,20MCS-UNITMW,2075,0
2025-07-02 22:35:14,173.54351806640625,20MCS-UNITMW,2075,0
2025-07-02 22:35:15,173.56143188476562,20MCS-UNITMW,2075,0
2025-07-02 22:35:16,173.70208740234375,20MCS-UNITMW,2075,0
2025-07-02 22:35:17,173.14712524414062,20MCS-UNITMW,2075,0
2025-07-02 22:35:18,172.98855590820312,20MCS-UNITMW,2075,0
2025-07-02 22:35:19,173.74172973632812,20MCS-UNITMW,2075,0
2025-07-02 22:35:20,174.21194458007812,20MCS-UNITMW,2075,0
2025-07-02 22:35:21,173.86065673828125,20MCS-UNITMW,2075,0
2025-07-02 22:35:22,173.90029907226562,20MCS-UNITMW,2075,0
2025-07-02 22:35:23,173.74172973632812,20MCS-UNITMW,2075,0
2025-07-02 22:35:24,174.01919555664062,20MCS-UNITMW,2075,0
2025-07-02 22:35:25,174.17776489257812,20MCS-UNITMW,2075,0
2025-07-02 22:35:26,173.93991088867188,20MCS-UNITMW,2075,0
2025-07-02 22:35:27,174.058837890625,20MCS-UNITMW,2075,0
2025-07-02 22:35:28,174.17776489257812,20MCS-UNITMW,2075,0
2025-07-02 22:35:29,174.058837890625,20MCS-UNITMW,2075,0
2025-07-02 22:35:30,174.49127197265625,20MCS-UNITMW,2075,0
2025-07-02 22:35:31,174.3759765625,20MCS-UNITMW,2075,0
2025-07-02 22:35:32,174.25704956054688,20MCS-UNITMW,2075,0
2025-07-02 22:35:33,175.16876220703125,20MCS-UNITMW,2075,0
2025-07-02 22:35:34,174.53451538085938,20MCS-UNITMW,2075,0
2025-07-02 22:35:35,174.89129638671875,20MCS-UNITMW,2075,0
2025-07-02 22:35:36,174.3759765625,20MCS-UNITMW,2075,0
2025-07-02 22:35:37,174.80389404296875,20MCS-UNITMW,2075,0
2025-07-02 22:35:38,174.53451538085938,20MCS-UNITMW,2075,0
2025-07-02 22:35:39,174.45523071289062,20MCS-UNITMW,2075,0
2025-07-02 22:35:40,174.8638916015625,20MCS-UNITMW,2075,0
2025-07-02 22:35:41,174.73272705078125,20MCS-UNITMW,2075,0
2025-07-02 22:35:42,175.0894775390625,20MCS-UNITMW,2075,0
2025-07-02 22:35:43,174.17776489257812,20MCS-UNITMW,2075,0
2025-07-02 22:35:44,175.5255126953125,20MCS-UNITMW,2075,0
2025-07-02 22:35:45,175.9615478515625,20MCS-UNITMW,2075,0
2025-07-02 22:35:46,175.0894775390625,20MCS-UNITMW,2075,0
2025-07-02 22:35:47,175.01019287109375,20MCS-UNITMW,2075,0
2025-07-02 22:35:48,174.494873046875,20MCS-UNITMW,2075,0
2025-07-02 22:35:49,175.0894775390625,20MCS-UNITMW,2075,0
2025-07-02 22:35:50,175.58050537109375,20MCS-UNITMW,2075,0
2025-07-02 22:35:51,175.5255126953125,20MCS-UNITMW,2075,0
2025-07-02 22:35:52,174.6534423828125,20MCS-UNITMW,2075,0
2025-07-02 22:35:53,175.751708984375,20MCS-UNITMW,2075,0
2025-07-02 22:35:54,175.751708984375,20MCS-UNITMW,2075,0
2025-07-02 22:35:55,175.751708984375,20MCS-UNITMW,2075,0
2025-07-02 22:35:56,175.751708984375,20MCS-UNITMW,2075,0
2025-07-02 22:35:57,175.751708984375,20MCS-UNITMW,2075,0
2025-07-02 22:35:58,175.751708984375,20MCS-UNITMW,2075,0
2025-07-02 22:35:59,175.751708984375,20MCS-UNITMW,2075,0
2025-07-02 22:36:00,175.75172424316406,20MCS-UNITMW,2075,0
2025-07-02 22:36:01,175.75172424316406,20MCS-UNITMW,2075,0
2025-07-02 22:36:02,175.75172424316406,20MCS-UNITMW,2075,0
2025-07-02 22:36:03,175.75172424316406,20MCS-UNITMW,2075,0
2025-07-02 22:36:04,175.75172424316406,20MCS-UNITMW,2075,0
2025-07-02 22:36:05,175.75172424316406,20MCS-UNITMW,2075,0
2025-07-02 22:36:06,175.75172424316406,20MCS-UNITMW,2075,0
2025-07-02 22:36:07,175.75172424316406,20MCS-UNITMW,2075,0
2025-07-02 22:36:08,175.75172424316406,20MCS-UNITMW,2075,0
2025-07-02 22:36:09,176.95257568359375,20MCS-UNITMW,2075,0
2025-07-02 22:36:10,176.873291015625,20MCS-UNITMW,2075,0
2025-07-02 22:36:11,176.437255859375,20MCS-UNITMW,2075,0
2025-07-02 22:36:12,176.87420654296875,20MCS-UNITMW,2075,0
2025-07-02 22:36:13,176.47686767578125,20MCS-UNITMW,2075,0
2025-07-02 22:36:14,176.39761352539062,20MCS-UNITMW,2075,0
2025-07-02 22:36:15,176.437255859375,20MCS-UNITMW,2075,0
2025-07-02 22:36:16,177.07147216796875,20MCS-UNITMW,2075,0
2025-07-02 22:36:17,177.1507568359375,20MCS-UNITMW,2075,0
2025-07-02 22:36:18,176.873291015625,20MCS-UNITMW,2075,0
2025-07-02 22:36:19,176.79400634765625,20MCS-UNITMW,2075,0
2025-07-02 22:36:20,176.59579467773438,20MCS-UNITMW,2075,0
2025-07-02 22:36:21,176.79400634765625,20MCS-UNITMW,2075,0
2025-07-02 22:36:22,176.95257568359375,20MCS-UNITMW,2075,0
2025-07-02 22:36:23,176.7147216796875,20MCS-UNITMW,2075,0
2025-07-02 22:36:24,176.15975952148438,20MCS-UNITMW,2075,0
2025-07-02 22:36:25,176.47686767578125,20MCS-UNITMW,2075,0
2025-07-02 22:36:26,176.98257446289062,20MCS-UNITMW,2075,0
2025-07-02 22:36:27,176.82879638671875,20MCS-UNITMW,2075,0
2025-07-02 22:36:28,176.35797119140625,20MCS-UNITMW,2075,0
2025-07-02 22:36:29,176.59579467773438,20MCS-UNITMW,2075,0
2025-07-02 22:36:30,176.39761352539062,20MCS-UNITMW,2075,0
2025-07-02 22:36:31,176.61077880859375,20MCS-UNITMW,2075,0
2025-07-02 22:36:32,176.63543701171875,20MCS-UNITMW,2075,0
2025-07-02 22:36:33,176.34771728515625,20MCS-UNITMW,2075,0
2025-07-02 22:36:34,175.80300903320312,20MCS-UNITMW,2075,0
2025-07-02 22:36:35,176.15975952148438,20MCS-UNITMW,2075,0
2025-07-02 22:36:36,176.25314331054688,20MCS-UNITMW,2075,0
2025-07-02 22:36:37,175.48587036132812,20MCS-UNITMW,2075,0
2025-07-02 22:36:38,175.60479736328125,20MCS-UNITMW,2075,0
2025-07-02 22:36:39,175.68408203125,20MCS-UNITMW,2075,0
2025-07-02 22:36:40,175.68408203125,20MCS-UNITMW,2075,0
2025-07-02 22:36:41,175.248046875,20MCS-UNITMW,2075,0
2025-07-02 22:36:42,175.88229370117188,20MCS-UNITMW,2075,0
2025-07-02 22:36:43,175.16876220703125,20MCS-UNITMW,2075,0
2025-07-02 22:36:44,175.4066162109375,20MCS-UNITMW,2075,0
2025-07-02 22:36:45,175.64443969726562,20MCS-UNITMW,2075,0
2025-07-02 22:36:46,175.60479736328125,20MCS-UNITMW,2075,0
2025-07-02 22:36:47,175.32733154296875,20MCS-UNITMW,2075,0
2025-07-02 22:36:48,174.93093872070312,20MCS-UNITMW,2075,0
2025-07-02 22:36:49,175.01019287109375,20MCS-UNITMW,2075,0
2025-07-02 22:36:50,175.388671875,20MCS-UNITMW,2075,0
2025-07-02 22:36:51,175.48928833007812,20MCS-UNITMW,2075,0
2025-07-02 22:36:52,175.757080078125,20MCS-UNITMW,2075,0
2025-07-02 22:36:53,175.60479736328125,20MCS-UNITMW,2075,0
2025-07-02 22:36:54,175.72634887695312,20MCS-UNITMW,2075,0
2025-07-02 22:36:55,174.69308471679688,20MCS-UNITMW,2075,0
2025-07-02 22:36:56,174.3759765625,20MCS-UNITMW,2075,0
2025-07-02 22:36:57,173.7813720703125,20MCS-UNITMW,2075,0
2025-07-02 22:36:58,173.4642333984375,20MCS-UNITMW,2075,0
2025-07-02 22:36:59,174.61380004882812,20MCS-UNITMW,2075,0
2025-07-02 22:37:00,175.09661865234375,20MCS-UNITMW,2075,0
2025-07-02 22:37:01,174.6534423828125,20MCS-UNITMW,2075,0
2025-07-02 22:37:02,174.57415771484375,20MCS-UNITMW,2075,0
2025-07-02 22:37:03,174.61380004882812,20MCS-UNITMW,2075,0
2025-07-02 22:37:04,175.0936279296875,20MCS-UNITMW,2075,0
2025-07-02 22:37:05,174.45523071289062,20MCS-UNITMW,2075,0
2025-07-02 22:37:06,173.7813720703125,20MCS-UNITMW,2075,0
2025-07-02 22:37:07,174.13812255859375,20MCS-UNITMW,2075,0
2025-07-02 22:37:08,174.01919555664062,20MCS-UNITMW,2075,0
2025-07-02 22:37:09,173.7813720703125,20MCS-UNITMW,2075,0
2025-07-02 22:37:10,173.82101440429688,20MCS-UNITMW,2075,0
2025-07-02 22:37:11,173.14712524414062,20MCS-UNITMW,2075,0
2025-07-02 22:37:12,173.74172973632812,20MCS-UNITMW,2075,0
2025-07-02 22:37:13,174.25704956054688,20MCS-UNITMW,2075,0
2025-07-02 22:37:14,173.93301391601562,20MCS-UNITMW,2075,0
2025-07-02 22:37:15,174.13812255859375,20MCS-UNITMW,2075,0
2025-07-02 22:37:16,173.86065673828125,20MCS-UNITMW,2075,0
2025-07-02 22:37:17,173.26605224609375,20MCS-UNITMW,2075,0
2025-07-02 22:37:18,172.94891357421875,20MCS-UNITMW,2075,0
2025-07-02 22:37:19,172.90927124023438,20MCS-UNITMW,2075,0
2025-07-02 22:37:20,172.67144775390625,20MCS-UNITMW,2075,0
2025-07-02 22:37:21,173.117919921875,20MCS-UNITMW,2075,0
2025-07-02 22:37:22,173.12384033203125,20MCS-UNITMW,2075,0
2025-07-02 22:37:23,173.0281982421875,20MCS-UNITMW,2075,0
2025-07-02 22:37:24,172.55252075195312,20MCS-UNITMW,2075,0
2025-07-02 22:37:25,172.63180541992188,20MCS-UNITMW,2075,0
2025-07-02 22:37:26,172.47323608398438,20MCS-UNITMW,2075,0
2025-07-02 22:37:27,173.26605224609375,20MCS-UNITMW,2075,0
2025-07-02 22:37:28,173.1866455078125,20MCS-UNITMW,2075,0
2025-07-02 22:37:29,172.98855590820312,20MCS-UNITMW,2075,0
2025-07-02 22:37:30,172.98855590820312,20MCS-UNITMW,2075,0
2025-07-02 22:37:31,173.14712524414062,20MCS-UNITMW,2075,0
2025-07-02 22:37:32,172.67144775390625,20MCS-UNITMW,2075,0
2025-07-02 22:37:33,173.186767578125,20MCS-UNITMW,2075,0
2025-07-02 22:37:34,173.2235107421875,20MCS-UNITMW,2075,0
2025-07-02 22:37:35,172.750732421875,20MCS-UNITMW,2075,0
2025-07-02 22:37:36,172.94891357421875,20MCS-UNITMW,2075,0
2025-07-02 22:37:37,172.63180541992188,20MCS-UNITMW,2075,0
2025-07-02 22:37:38,172.94891357421875,20MCS-UNITMW,2075,0
2025-07-02 22:37:39,173.3453369140625,20MCS-UNITMW,2075,0
2025-07-02 22:37:40,173.74172973632812,20MCS-UNITMW,2075,0
2025-07-02 22:37:41,173.83999633789062,20MCS-UNITMW,2075,0
2025-07-02 22:37:42,173.74163818359375,20MCS-UNITMW,2075,0
2025-07-02 22:37:43,173.186767578125,20MCS-UNITMW,2075,0
2025-07-02 22:37:44,173.74172973632812,20MCS-UNITMW,2075,0
2025-07-02 22:37:45,173.82101440429688,20MCS-UNITMW,2075,0
2025-07-02 22:37:46,173.10748291015625,20MCS-UNITMW,2075,0
2025-07-02 22:37:47,173.93991088867188,20MCS-UNITMW,2075,0
2025-07-02 22:37:48,173.66244506835938,20MCS-UNITMW,2075,0
2025-07-02 22:37:49,173.82101440429688,20MCS-UNITMW,2075,0
2025-07-02 22:37:50,174.25704956054688,20MCS-UNITMW,2075,0
2025-07-02 22:37:51,174.058837890625,20MCS-UNITMW,2075,0
2025-07-02 22:37:52,174.058837890625,20MCS-UNITMW,2075,0
2025-07-02 22:37:53,174.01919555664062,20MCS-UNITMW,2075,0
2025-07-02 22:37:54,173.7813720703125,20MCS-UNITMW,2075,0
2025-07-02 22:37:55,174.32864379882812,20MCS-UNITMW,2075,0
2025-07-02 22:37:56,174.53451538085938,20MCS-UNITMW,2075,0
2025-07-02 22:37:57,173.97955322265625,20MCS-UNITMW,2075,0
2025-07-02 22:37:58,174.058837890625,20MCS-UNITMW,2075,0
2025-07-02 22:37:59,173.86065673828125,20MCS-UNITMW,2075,0
2025-07-02 22:38:00,174.058837890625,20MCS-UNITMW,2075,0
2025-07-02 22:38:01,174.33633422851562,20MCS-UNITMW,2075,0
2025-07-02 22:38:02,174.3975830078125,20MCS-UNITMW,2075,0
2025-07-02 22:38:03,174.058837890625,20MCS-UNITMW,2075,0
2025-07-02 22:38:04,173.74172973632812,20MCS-UNITMW,2075,0
2025-07-02 22:38:05,173.7813720703125,20MCS-UNITMW,2075,0
2025-07-02 22:38:06,174.13812255859375,20MCS-UNITMW,2075,0
2025-07-02 22:38:07,174.3759765625,20MCS-UNITMW,2075,0
2025-07-02 22:38:08,173.7813720703125,20MCS-UNITMW,2075,0
2025-07-02 22:38:09,173.7813720703125,20MCS-UNITMW,2075,0
2025-07-02 22:38:10,173.58316040039062,20MCS-UNITMW,2075,0
2025-07-02 22:38:11,174.07598876953125,20MCS-UNITMW,2075,0
2025-07-02 22:38:12,174.3759765625,20MCS-UNITMW,2075,0
2025-07-02 22:38:13,174.01919555664062,20MCS-UNITMW,2075,0
2025-07-02 22:38:14,173.22640991210938,20MCS-UNITMW,2075,0
2025-07-02 22:38:15,173.58316040039062,20MCS-UNITMW,2075,0
2025-07-02 22:38:16,173.58316040039062,20MCS-UNITMW,2075,0
2025-07-02 22:38:17,173.58316040039062,20MCS-UNITMW,2075,0
2025-07-02 22:38:18,173.622802734375,20MCS-UNITMW,2075,0
2025-07-02 22:38:19,173.66244506835938,20MCS-UNITMW,2075,0
2025-07-02 22:38:20,173.75042724609375,20MCS-UNITMW,2075,0
2025-07-02 22:38:21,173.93991088867188,20MCS-UNITMW,2075,0
2025-07-02 22:38:22,173.70208740234375,20MCS-UNITMW,2075,0
2025-07-02 22:38:23,173.6646728515625,20MCS-UNITMW,2075,0
2025-07-02 22:38:24,172.90927124023438,20MCS-UNITMW,2075,0
2025-07-02 22:38:25,172.94891357421875,20MCS-UNITMW,2075,0
2025-07-02 22:38:26,173.14712524414062,20MCS-UNITMW,2075,0
2025-07-02 22:38:27,173.4884033203125,20MCS-UNITMW,2075,0
2025-07-02 22:38:28,172.71109008789062,20MCS-UNITMW,2075,0
2025-07-02 22:38:29,173.06784057617188,20MCS-UNITMW,2075,0
2025-07-02 22:38:30,173.0281982421875,20MCS-UNITMW,2075,0
2025-07-02 22:38:31,172.90927124023438,20MCS-UNITMW,2075,0
2025-07-02 22:38:32,173.13870239257812,20MCS-UNITMW,2075,0
2025-07-02 22:38:33,172.71109008789062,20MCS-UNITMW,2075,0
2025-07-02 22:38:34,172.314697265625,20MCS-UNITMW,2075,0
2025-07-02 22:38:35,172.314697265625,20MCS-UNITMW,2075,0
2025-07-02 22:38:36,171.95791625976562,20MCS-UNITMW,2075,0
2025-07-02 22:38:37,172.43359375,20MCS-UNITMW,2075,0
2025-07-02 22:38:38,172.1561279296875,20MCS-UNITMW,2075,0
2025-07-02 22:38:39,171.878662109375,20MCS-UNITMW,2075,0
2025-07-02 22:38:40,171.95791625976562,20MCS-UNITMW,2075,0
2025-07-02 22:38:41,171.99755859375,20MCS-UNITMW,2075,0
2025-07-02 22:38:42,171.99755859375,20MCS-UNITMW,2075,0
2025-07-02 22:38:43,171.79937744140625,20MCS-UNITMW,2075,0
2025-07-02 22:38:44,171.878662109375,20MCS-UNITMW,2075,0
2025-07-02 22:38:45,171.64080810546875,20MCS-UNITMW,2075,0
2025-07-02 22:38:46,171.75973510742188,20MCS-UNITMW,2075,0
2025-07-02 22:38:47,171.4029541015625,20MCS-UNITMW,2075,0
2025-07-02 22:38:48,171.4029541015625,20MCS-UNITMW,2075,0
2025-07-02 22:38:49,171.59219360351562,20MCS-UNITMW,2075,0
2025-07-02 22:38:50,171.7200927734375,20MCS-UNITMW,2075,0
2025-07-02 22:38:51,171.51431274414062,20MCS-UNITMW,2075,0
2025-07-02 22:38:52,171.24441528320312,20MCS-UNITMW,2075,0
2025-07-02 22:38:53,170.9669189453125,20MCS-UNITMW,2075,0
2025-07-02 22:38:54,170.9669189453125,20MCS-UNITMW,2075,0
2025-07-02 22:38:55,171.16513061523438,20MCS-UNITMW,2075,0
2025-07-02 22:38:56,171.00656127929688,20MCS-UNITMW,2075,0
2025-07-02 22:38:57,170.61016845703125,20MCS-UNITMW,2075,0
2025-07-02 22:38:58,170.25341796875,20MCS-UNITMW,2075,0
2025-07-02 22:38:59,170.80838012695312,20MCS-UNITMW,2075,0
2025-07-02 22:39:00,170.64981079101562,20MCS-UNITMW,2075,0
2025-07-02 22:39:01,170.80838012695312,20MCS-UNITMW,2075,0
2025-07-02 22:39:02,170.80474853515625,20MCS-UNITMW,2075,0
2025-07-02 22:39:03,170.61016845703125,20MCS-UNITMW,2075,0
2025-07-02 22:39:04,170.21377563476562,20MCS-UNITMW,2075,0
2025-07-02 22:39:05,170.13449096679688,20MCS-UNITMW,2075,0
2025-07-02 22:39:06,169.93630981445312,20MCS-UNITMW,2075,0
2025-07-02 22:39:07,170.37234497070312,20MCS-UNITMW,2075,0
2025-07-02 22:39:08,170.4119873046875,20MCS-UNITMW,2075,0
2025-07-02 22:39:09,169.9759521484375,20MCS-UNITMW,2075,0
2025-07-02 22:39:10,170.32867431640625,20MCS-UNITMW,2075,0
2025-07-02 22:39:11,169.73809814453125,20MCS-UNITMW,2075,0
2025-07-02 22:39:12,169.9759521484375,20MCS-UNITMW,2075,0
2025-07-02 22:39:13,169.73809814453125,20MCS-UNITMW,2075,0
2025-07-02 22:39:14,169.61917114257812,20MCS-UNITMW,2075,0
2025-07-02 22:39:15,169.75625610351562,20MCS-UNITMW,2075,0
2025-07-02 22:39:16,169.34170532226562,20MCS-UNITMW,2075,0
2025-07-02 22:39:17,169.85702514648438,20MCS-UNITMW,2075,0
2025-07-02 22:39:18,170.12039184570312,20MCS-UNITMW,2075,0
2025-07-02 22:39:19,170.92727661132812,20MCS-UNITMW,2075,0
2025-07-02 22:39:20,171.04620361328125,20MCS-UNITMW,2075,0
2025-07-02 22:39:21,169.8173828125,20MCS-UNITMW,2075,0
2025-07-02 22:39:22,169.46063232421875,20MCS-UNITMW,2075,0
2025-07-02 22:39:23,168.58856201171875,20MCS-UNITMW,2075,0
2025-07-02 22:39:24,168.628173828125,20MCS-UNITMW,2075,0
2025-07-02 22:39:25,168.74710083007812,20MCS-UNITMW,2075,0
2025-07-02 22:39:26,169.14718627929688,20MCS-UNITMW,2075,0
2025-07-02 22:39:27,169.39584350585938,20MCS-UNITMW,2075,0
2025-07-02 22:39:28,169.18313598632812,20MCS-UNITMW,2075,0
2025-07-02 22:39:29,169.27127075195312,20MCS-UNITMW,2075,0
2025-07-02 22:39:30,169.38134765625,20MCS-UNITMW,2075,0
2025-07-02 22:39:31,169.73666381835938,20MCS-UNITMW,2075,0
2025-07-02 22:39:32,169.18313598632812,20MCS-UNITMW,2075,0
2025-07-02 22:39:33,168.74710083007812,20MCS-UNITMW,2075,0
2025-07-02 22:39:34,167.79574584960938,20MCS-UNITMW,2075,0
2025-07-02 22:39:35,167.83538818359375,20MCS-UNITMW,2075,0
2025-07-02 22:39:36,167.9146728515625,20MCS-UNITMW,2075,0
2025-07-02 22:39:37,168.03359985351562,20MCS-UNITMW,2075,0
2025-07-02 22:39:38,168.03359985351562,20MCS-UNITMW,2075,0
2025-07-02 22:39:39,167.71646118164062,20MCS-UNITMW,2075,0
2025-07-02 22:39:40,167.35971069335938,20MCS-UNITMW,2075,0
2025-07-02 22:39:41,167.63717651367188,20MCS-UNITMW,2075,0
2025-07-02 22:39:42,168.11285400390625,20MCS-UNITMW,2075,0
2025-07-02 22:39:43,167.51828002929688,20MCS-UNITMW,2075,0
2025-07-02 22:39:44,167.0426025390625,20MCS-UNITMW,2075,0
2025-07-02 22:39:45,167.4510498046875,20MCS-UNITMW,2075,0
2025-07-02 22:39:46,168.11285400390625,20MCS-UNITMW,2075,0
2025-07-02 22:39:47,167.95431518554688,20MCS-UNITMW,2075,0
2025-07-02 22:39:48,167.320068359375,20MCS-UNITMW,2075,0
2025-07-02 22:39:49,166.884033203125,20MCS-UNITMW,2075,0
2025-07-02 22:39:50,167.1614990234375,20MCS-UNITMW,2075,0
2025-07-02 22:39:51,167.4786376953125,20MCS-UNITMW,2075,0
2025-07-02 22:39:52,168.15249633789062,20MCS-UNITMW,2075,0
2025-07-02 22:39:53,168.3507080078125,20MCS-UNITMW,2075,0
2025-07-02 22:39:54,168.11285400390625,20MCS-UNITMW,2075,0
2025-07-02 22:39:55,168.3507080078125,20MCS-UNITMW,2075,0
2025-07-02 22:39:56,167.320068359375,20MCS-UNITMW,2075,0
2025-07-02 22:39:57,167.83538818359375,20MCS-UNITMW,2075,0
2025-07-02 22:39:58,168.27142333984375,20MCS-UNITMW,2075,0
2025-07-02 22:39:59,168.23178100585938,20MCS-UNITMW,2075,0
2025-07-02 22:40:00,168.23178100585938,20MCS-UNITMW,2075,0
2025-07-02 22:40:01,168.52252197265625,20MCS-UNITMW,2075,0
2025-07-02 22:40:02,168.0732421875,20MCS-UNITMW,2075,0
2025-07-02 22:40:03,168.192138671875,20MCS-UNITMW,2075,0
2025-07-02 22:40:04,168.31109619140625,20MCS-UNITMW,2075,0
2025-07-02 22:40:05,168.54891967773438,20MCS-UNITMW,2075,0
2025-07-02 22:40:06,168.23178100585938,20MCS-UNITMW,2075,0
2025-07-02 22:40:07,168.42999267578125,20MCS-UNITMW,2075,0
2025-07-02 22:40:08,168.41998291015625,20MCS-UNITMW,2075,0
2025-07-02 22:40:09,168.42999267578125,20MCS-UNITMW,2075,0
2025-07-02 22:40:10,168.192138671875,20MCS-UNITMW,2075,0
2025-07-02 22:40:11,168.58856201171875,20MCS-UNITMW,2075,0
2025-07-02 22:40:12,168.23178100585938,20MCS-UNITMW,2075,0
2025-07-02 22:40:13,168.54891967773438,20MCS-UNITMW,2075,0
2025-07-02 22:40:14,168.83663940429688,20MCS-UNITMW,2075,0
2025-07-02 22:40:15,168.9493408203125,20MCS-UNITMW,2075,0
2025-07-02 22:40:16,168.82638549804688,20MCS-UNITMW,2075,0
2025-07-02 22:40:17,168.74710083007812,20MCS-UNITMW,2075,0
2025-07-02 22:40:18,168.27142333984375,20MCS-UNITMW,2075,0
2025-07-02 22:40:19,168.0732421875,20MCS-UNITMW,2075,0
2025-07-02 22:40:20,168.66781616210938,20MCS-UNITMW,2075,0
2025-07-02 22:40:21,168.64288330078125,20MCS-UNITMW,2075,0
2025-07-02 22:40:22,168.92697143554688,20MCS-UNITMW,2075,0
2025-07-02 22:40:23,168.66781616210938,20MCS-UNITMW,2075,0
2025-07-02 22:40:24,168.15249633789062,20MCS-UNITMW,2075,0
2025-07-02 22:40:25,168.0732421875,20MCS-UNITMW,2075,0
2025-07-02 22:40:26,168.81521606445312,20MCS-UNITMW,2075,0
2025-07-02 22:40:27,168.50927734375,20MCS-UNITMW,2075,0
2025-07-02 22:40:28,168.23178100585938,20MCS-UNITMW,2075,0
2025-07-02 22:40:29,168.69534301757812,20MCS-UNITMW,2075,0
2025-07-02 22:40:30,168.31106567382812,20MCS-UNITMW,2075,0
2025-07-02 22:40:31,167.95431518554688,20MCS-UNITMW,2075,0
2025-07-02 22:40:32,168.15249633789062,20MCS-UNITMW,2075,0
2025-07-02 22:40:33,167.5975341796875,20MCS-UNITMW,2075,0
2025-07-02 22:40:34,168.74710083007812,20MCS-UNITMW,2075,0
2025-07-02 22:40:35,167.79574584960938,20MCS-UNITMW,2075,0
2025-07-02 22:40:36,167.87503051757812,20MCS-UNITMW,2075,0
2025-07-02 22:40:37,167.63717651367188,20MCS-UNITMW,2075,0
2025-07-02 22:40:38,167.83538818359375,20MCS-UNITMW,2075,0
2025-07-02 22:40:39,167.756103515625,20MCS-UNITMW,2075,0
2025-07-02 22:40:40,168.90567016601562,20MCS-UNITMW,2075,0
2025-07-02 22:40:41,167.79574584960938,20MCS-UNITMW,2075,0
2025-07-02 22:40:42,167.71646118164062,20MCS-UNITMW,2075,0
2025-07-02 22:40:43,167.83538818359375,20MCS-UNITMW,2075,0
2025-07-02 22:40:44,167.79574584960938,20MCS-UNITMW,2075,0
2025-07-02 22:40:45,166.92367553710938,20MCS-UNITMW,2075,0
2025-07-02 22:40:46,167.51828002929688,20MCS-UNITMW,2075,0
2025-07-02 22:40:47,166.84439086914062,20MCS-UNITMW,2075,0
2025-07-02 22:40:48,167.35971069335938,20MCS-UNITMW,2075,0
2025-07-02 22:40:49,167.39935302734375,20MCS-UNITMW,2075,0
2025-07-02 22:40:50,167.12185668945312,20MCS-UNITMW,2075,0
2025-07-02 22:40:51,166.48764038085938,20MCS-UNITMW,2075,0
2025-07-02 22:40:52,167.08221435546875,20MCS-UNITMW,2075,0
2025-07-02 22:40:53,167.12185668945312,20MCS-UNITMW,2075,0
2025-07-02 22:40:54,167.08221435546875,20MCS-UNITMW,2075,0
2025-07-02 22:40:55,166.52728271484375,20MCS-UNITMW,2075,0
2025-07-02 22:40:56,166.24978637695312,20MCS-UNITMW,2075,0
2025-07-02 22:40:57,166.52728271484375,20MCS-UNITMW,2075,0
2025-07-02 22:40:58,166.36871337890625,20MCS-UNITMW,2075,0
2025-07-02 22:40:59,166.447998046875,20MCS-UNITMW,2075,0
2025-07-02 22:41:00,165.8533935546875,20MCS-UNITMW,2075,0
2025-07-02 22:41:01,166.4207763671875,20MCS-UNITMW,2075,0
2025-07-02 22:41:02,165.29843139648438,20MCS-UNITMW,2075,0
2025-07-02 22:41:03,165.65518188476562,20MCS-UNITMW,2075,0
2025-07-02 22:41:04,165.81375122070312,20MCS-UNITMW,2075,0
2025-07-02 22:41:05,166.011962890625,20MCS-UNITMW,2075,0
2025-07-02 22:41:06,166.09121704101562,20MCS-UNITMW,2075,0
2025-07-02 22:41:07,166.2894287109375,20MCS-UNITMW,2075,0
2025-07-02 22:41:08,165.8533935546875,20MCS-UNITMW,2075,0
2025-07-02 22:41:09,167.12185668945312,20MCS-UNITMW,2075,0
2025-07-02 22:41:10,167.20114135742188,20MCS-UNITMW,2075,0
2025-07-02 22:41:11,167.522216796875,20MCS-UNITMW,2075,0
2025-07-02 22:41:12,167.1614990234375,20MCS-UNITMW,2075,0
2025-07-02 22:41:13,165.89303588867188,20MCS-UNITMW,2075,0
2025-07-02 22:41:14,165.06057739257812,20MCS-UNITMW,2075,0
2025-07-02 22:41:15,165.8631591796875,20MCS-UNITMW,2075,0
2025-07-02 22:41:16,166.130859375,20MCS-UNITMW,2075,0
2025-07-02 22:41:17,167.320068359375,20MCS-UNITMW,2075,0
2025-07-02 22:41:18,166.5699462890625,20MCS-UNITMW,2075,0
2025-07-02 22:41:19,166.64617919921875,20MCS-UNITMW,2075,0
2025-07-02 22:41:20,166.7254638671875,20MCS-UNITMW,2075,0
2025-07-02 22:41:21,166.68582153320312,20MCS-UNITMW,2075,0
2025-07-02 22:41:22,166.884033203125,20MCS-UNITMW,2075,0
2025-07-02 22:41:23,166.7254638671875,20MCS-UNITMW,2075,0
2025-07-02 22:41:24,166.9334716796875,20MCS-UNITMW,2075,0
2025-07-02 22:41:25,166.884033203125,20MCS-UNITMW,2075,0
2025-07-02 22:41:26,167.14517211914062,20MCS-UNITMW,2075,0
2025-07-02 22:41:27,166.84439086914062,20MCS-UNITMW,2075,0
2025-07-02 22:41:28,166.68582153320312,20MCS-UNITMW,2075,0
2025-07-02 22:41:29,167.08221435546875,20MCS-UNITMW,2075,0
2025-07-02 22:41:30,167.55792236328125,20MCS-UNITMW,2075,0
2025-07-02 22:41:31,167.1614990234375,20MCS-UNITMW,2075,0
2025-07-02 22:41:32,167.1614990234375,20MCS-UNITMW,2075,0
2025-07-02 22:41:33,167.28042602539062,20MCS-UNITMW,2075,0
2025-07-02 22:41:34,167.67507934570312,20MCS-UNITMW,2075,0
2025-07-02 22:41:35,168.0732421875,20MCS-UNITMW,2075,0
2025-07-02 22:41:36,167.4786376953125,20MCS-UNITMW,2075,0
2025-07-02 22:41:37,167.55792236328125,20MCS-UNITMW,2075,0
2025-07-02 22:41:38,167.9146728515625,20MCS-UNITMW,2075,0
2025-07-02 22:41:39,167.95602416992188,20MCS-UNITMW,2075,0
2025-07-02 22:41:40,167.87503051757812,20MCS-UNITMW,2075,0
2025-07-02 22:41:41,168.15249633789062,20MCS-UNITMW,2075,0
2025-07-02 22:41:42,167.99395751953125,20MCS-UNITMW,2075,0
2025-07-02 22:41:43,168.31048583984375,20MCS-UNITMW,2075,0
2025-07-02 22:41:44,168.2642822265625,20MCS-UNITMW,2075,0
2025-07-02 22:41:45,168.23123168945312,20MCS-UNITMW,2075,0
2025-07-02 22:41:46,168.31106567382812,20MCS-UNITMW,2075,0
2025-07-02 22:41:47,168.39035034179688,20MCS-UNITMW,2075,0
2025-07-02 22:41:48,168.0732421875,20MCS-UNITMW,2075,0
2025-07-02 22:41:49,168.15249633789062,20MCS-UNITMW,2075,0
2025-07-02 22:41:50,168.39035034179688,20MCS-UNITMW,2075,0
2025-07-02 22:41:51,169.26242065429688,20MCS-UNITMW,2075,0
2025-07-02 22:41:52,168.969482421875,20MCS-UNITMW,2075,0
2025-07-02 22:41:53,168.98495483398438,20MCS-UNITMW,2075,0
2025-07-02 22:41:54,168.86602783203125,20MCS-UNITMW,2075,0
2025-07-02 22:41:55,169.14349365234375,20MCS-UNITMW,2075,0
2025-07-02 22:41:56,168.3507080078125,20MCS-UNITMW,2075,0
2025-07-02 22:41:57,168.54891967773438,20MCS-UNITMW,2075,0
2025-07-02 22:41:58,168.23178100585938,20MCS-UNITMW,2075,0
2025-07-02 22:41:59,168.74710083007812,20MCS-UNITMW,2075,0
2025-07-02 22:42:00,169.2227783203125,20MCS-UNITMW,2075,0
2025-07-02 22:42:01,169.73809814453125,20MCS-UNITMW,2075,0
2025-07-02 22:42:02,169.77774047851562,20MCS-UNITMW,2075,0
2025-07-02 22:42:03,170.09487915039062,20MCS-UNITMW,2075,0
2025-07-02 22:42:04,169.34170532226562,20MCS-UNITMW,2075,0
2025-07-02 22:42:05,169.34170532226562,20MCS-UNITMW,2075,0
2025-07-02 22:42:06,169.2227783203125,20MCS-UNITMW,2075,0
2025-07-02 22:42:07,169.10385131835938,20MCS-UNITMW,2075,0
2025-07-02 22:42:08,169.77804565429688,20MCS-UNITMW,2075,0
2025-07-02 22:42:09,170.17413330078125,20MCS-UNITMW,2075,0
2025-07-02 22:42:10,170.17413330078125,20MCS-UNITMW,2075,0
2025-07-02 22:42:11,169.9759521484375,20MCS-UNITMW,2075,0
2025-07-02 22:42:12,169.57955932617188,20MCS-UNITMW,2075,0
2025-07-02 22:42:13,169.77774047851562,20MCS-UNITMW,2075,0
2025-07-02 22:42:14,169.93630981445312,20MCS-UNITMW,2075,0
2025-07-02 22:42:15,170.07745361328125,20MCS-UNITMW,2075,0
2025-07-02 22:42:16,169.5399169921875,20MCS-UNITMW,2075,0
2025-07-02 22:42:17,169.6588134765625,20MCS-UNITMW,2075,0
2025-07-02 22:42:18,169.9759521484375,20MCS-UNITMW,2075,0
2025-07-02 22:42:19,169.85702514648438,20MCS-UNITMW,2075,0
2025-07-02 22:42:20,169.8173828125,20MCS-UNITMW,2075,0
2025-07-02 22:42:21,169.5399169921875,20MCS-UNITMW,2075,0
2025-07-02 22:42:22,169.61917114257812,20MCS-UNITMW,2075,0
2025-07-02 22:42:23,169.18313598632812,20MCS-UNITMW,2075,0
2025-07-02 22:42:24,169.77774047851562,20MCS-UNITMW,2075,0
2025-07-02 22:42:25,170.0946044921875,20MCS-UNITMW,2075,0
2025-07-02 22:42:26,169.77774047851562,20MCS-UNITMW,2075,0
2025-07-02 22:42:27,169.6588134765625,20MCS-UNITMW,2075,0
2025-07-02 22:42:28,169.6588134765625,20MCS-UNITMW,2075,0
2025-07-02 22:42:29,169.77774047851562,20MCS-UNITMW,2075,0
2025-07-02 22:42:30,169.61917114257812,20MCS-UNITMW,2075,0
2025-07-02 22:42:31,169.6588134765625,20MCS-UNITMW,2075,0
2025-07-02 22:42:32,169.26242065429688,20MCS-UNITMW,2075,0
2025-07-02 22:42:33,169.30206298828125,20MCS-UNITMW,2075,0
2025-07-02 22:42:34,169.6588134765625,20MCS-UNITMW,2075,0
2025-07-02 22:42:35,169.85702514648438,20MCS-UNITMW,2075,0
2025-07-02 22:42:36,169.30206298828125,20MCS-UNITMW,2075,0
2025-07-02 22:42:37,169.14349365234375,20MCS-UNITMW,2075,0
2025-07-02 22:42:38,168.82638549804688,20MCS-UNITMW,2075,0
2025-07-02 22:42:39,169.48956298828125,20MCS-UNITMW,2075,0
2025-07-02 22:42:40,168.9453125,20MCS-UNITMW,2075,0
2025-07-02 22:42:41,168.90567016601562,20MCS-UNITMW,2075,0
2025-07-02 22:42:42,168.9453125,20MCS-UNITMW,2075,0
2025-07-02 22:42:43,169.14349365234375,20MCS-UNITMW,2075,0
2025-07-02 22:42:44,168.66781616210938,20MCS-UNITMW,2075,0
2025-07-02 22:42:45,168.9453125,20MCS-UNITMW,2075,0
2025-07-02 22:42:46,168.50927734375,20MCS-UNITMW,2075,0
2025-07-02 22:42:47,168.3507080078125,20MCS-UNITMW,2075,0
2025-07-02 22:42:48,168.23178100585938,20MCS-UNITMW,2075,0
2025-07-02 22:42:49,168.42999267578125,20MCS-UNITMW,2075,0
2025-07-02 22:42:50,168.31106567382812,20MCS-UNITMW,2075,0
2025-07-02 22:42:51,168.84817504882812,20MCS-UNITMW,2075,0
2025-07-02 22:42:52,169.31488037109375,20MCS-UNITMW,2075,0
2025-07-02 22:42:53,169.14349365234375,20MCS-UNITMW,2075,0
2025-07-02 22:42:54,168.70745849609375,20MCS-UNITMW,2075,0
2025-07-02 22:42:55,168.23178100585938,20MCS-UNITMW,2075,0
2025-07-02 22:42:56,168.31106567382812,20MCS-UNITMW,2075,0
2025-07-02 22:42:57,168.55206298828125,20MCS-UNITMW,2075,0
2025-07-02 22:42:58,168.03359985351562,20MCS-UNITMW,2075,0
2025-07-02 22:42:59,168.9453125,20MCS-UNITMW,2075,0
2025-07-02 22:43:00,168.88284301757812,20MCS-UNITMW,2075,0
2025-07-02 22:43:01,169.14349365234375,20MCS-UNITMW,2075,0
2025-07-02 22:43:02,168.9453125,20MCS-UNITMW,2075,0
2025-07-02 22:43:03,169.710693359375,20MCS-UNITMW,2075,0
2025-07-02 22:43:04,169.69845581054688,20MCS-UNITMW,2075,0
2025-07-02 22:43:05,169.6588134765625,20MCS-UNITMW,2075,0
2025-07-02 22:43:06,168.82638549804688,20MCS-UNITMW,2075,0
2025-07-02 22:43:07,167.99395751953125,20MCS-UNITMW,2075,0
2025-07-02 22:43:08,168.39035034179688,20MCS-UNITMW,2075,0
2025-07-02 22:43:09,168.628173828125,20MCS-UNITMW,2075,0
2025-07-02 22:43:10,168.94229125976562,20MCS-UNITMW,2075,0
2025-07-02 22:43:11,169.42098999023438,20MCS-UNITMW,2075,0
2025-07-02 22:43:12,169.02459716796875,20MCS-UNITMW,2075,0
2025-07-02 22:43:13,169.73809814453125,20MCS-UNITMW,2075,0
2025-07-02 22:43:14,169.38134765625,20MCS-UNITMW,2075,0
2025-07-02 22:43:15,169.49285888671875,20MCS-UNITMW,2075,0
2025-07-02 22:43:16,169.18313598632812,20MCS-UNITMW,2075,0
2025-07-02 22:43:17,169.73809814453125,20MCS-UNITMW,2075,0
2025-07-02 22:43:18,169.34170532226562,20MCS-UNITMW,2075,0
2025-07-02 22:43:19,169.65151977539062,20MCS-UNITMW,2075,0
2025-07-02 22:43:20,170.13449096679688,20MCS-UNITMW,2075,0
2025-07-02 22:43:21,170.80838012695312,20MCS-UNITMW,2075,0
2025-07-02 22:43:22,170.09487915039062,20MCS-UNITMW,2075,0
2025-07-02 22:43:23,170.37234497070312,20MCS-UNITMW,2075,0
2025-07-02 22:43:24,169.61917114257812,20MCS-UNITMW,2075,0
2025-07-02 22:43:25,169.73809814453125,20MCS-UNITMW,2075,0
2025-07-02 22:43:26,169.85702514648438,20MCS-UNITMW,2075,0
2025-07-02 22:43:27,170.288818359375,20MCS-UNITMW,2075,0
2025-07-02 22:43:28,169.93630981445312,20MCS-UNITMW,2075,0
2025-07-02 22:43:29,170.25341796875,20MCS-UNITMW,2075,0
2025-07-02 22:43:30,170.5960693359375,20MCS-UNITMW,2075,0
2025-07-02 22:43:31,170.4119873046875,20MCS-UNITMW,2075,0
2025-07-02 22:43:32,170.37234497070312,20MCS-UNITMW,2075,0
2025-07-02 22:43:33,169.73809814453125,20MCS-UNITMW,2075,0
2025-07-02 22:43:34,170.80264282226562,20MCS-UNITMW,2075,0
2025-07-02 22:43:35,170.88763427734375,20MCS-UNITMW,2075,0
2025-07-02 22:43:36,170.5308837890625,20MCS-UNITMW,2075,0
2025-07-02 22:43:37,170.61016845703125,20MCS-UNITMW,2075,0
2025-07-02 22:43:38,170.57052612304688,20MCS-UNITMW,2075,0
2025-07-02 22:43:39,171.17532348632812,20MCS-UNITMW,2075,0
2025-07-02 22:43:40,171.37960815429688,20MCS-UNITMW,2075,0
2025-07-02 22:43:41,171.45602416992188,20MCS-UNITMW,2075,0
2025-07-02 22:43:42,171.4029541015625,20MCS-UNITMW,2075,0
2025-07-02 22:43:43,171.36334228515625,20MCS-UNITMW,2075,0
2025-07-02 22:43:44,170.76873779296875,20MCS-UNITMW,2075,0
2025-07-02 22:43:45,171.04620361328125,20MCS-UNITMW,2075,0
2025-07-02 22:43:46,171.44259643554688,20MCS-UNITMW,2075,0
2025-07-02 22:43:47,171.7200927734375,20MCS-UNITMW,2075,0
2025-07-02 22:43:48,171.68045043945312,20MCS-UNITMW,2075,0
2025-07-02 22:43:49,171.79937744140625,20MCS-UNITMW,2075,0
2025-07-02 22:43:50,171.68045043945312,20MCS-UNITMW,2075,0
2025-07-02 22:43:51,172.00033569335938,20MCS-UNITMW,2075,0
2025-07-02 22:43:52,171.963134765625,20MCS-UNITMW,2075,0
2025-07-02 22:43:53,172.27505493164062,20MCS-UNITMW,2075,0
2025-07-02 22:43:54,171.52188110351562,20MCS-UNITMW,2075,0
2025-07-02 22:43:55,171.12548828125,20MCS-UNITMW,2075,0
2025-07-02 22:43:56,170.64981079101562,20MCS-UNITMW,2075,0
2025-07-02 22:43:57,171.79937744140625,20MCS-UNITMW,2075,0
2025-07-02 22:43:58,171.95791625976562,20MCS-UNITMW,2075,0
2025-07-02 22:43:59,172.35433959960938,20MCS-UNITMW,2075,0
2025-07-02 22:44:00,172.6248779296875,20MCS-UNITMW,2075,0
2025-07-02 22:44:01,171.60116577148438,20MCS-UNITMW,2075,0
2025-07-02 22:44:02,171.79937744140625,20MCS-UNITMW,2075,0
2025-07-02 22:44:03,171.60116577148438,20MCS-UNITMW,2075,0
2025-07-02 22:44:04,172.35433959960938,20MCS-UNITMW,2075,0
2025-07-02 22:44:05,172.67144775390625,20MCS-UNITMW,2075,0
2025-07-02 22:44:06,172.750732421875,20MCS-UNITMW,2075,0
2025-07-02 22:44:07,172.83001708984375,20MCS-UNITMW,2075,0
2025-07-02 22:44:08,172.55252075195312,20MCS-UNITMW,2075,0
2025-07-02 22:44:09,173.0281982421875,20MCS-UNITMW,2075,0
2025-07-02 22:44:10,172.07684326171875,20MCS-UNITMW,2075,0
2025-07-02 22:44:11,171.99755859375,20MCS-UNITMW,2075,0
2025-07-02 22:44:12,172.35433959960938,20MCS-UNITMW,2075,0
2025-07-02 22:44:13,172.43359375,20MCS-UNITMW,2075,0
2025-07-02 22:44:14,174.13812255859375,20MCS-UNITMW,2075,0
2025-07-02 22:44:15,173.41168212890625,20MCS-UNITMW,2075,0
2025-07-02 22:44:16,173.71035766601562,20MCS-UNITMW,2075,0
2025-07-02 22:44:17,173.42459106445312,20MCS-UNITMW,2075,0
2025-07-02 22:44:18,173.42459106445312,20MCS-UNITMW,2075,0
2025-07-02 22:44:19,173.7674560546875,20MCS-UNITMW,2075,0
2025-07-02 22:44:20,173.78323364257812,20MCS-UNITMW,2075,0
2025-07-02 22:44:21,173.87744140625,20MCS-UNITMW,2075,0
2025-07-02 22:44:22,174.10379028320312,20MCS-UNITMW,2075,0
2025-07-02 22:44:23,173.7813720703125,20MCS-UNITMW,2075,0
2025-07-02 22:44:24,174.13812255859375,20MCS-UNITMW,2075,0
2025-07-02 22:44:25,173.54351806640625,20MCS-UNITMW,2075,0
2025-07-02 22:44:26,173.74172973632812,20MCS-UNITMW,2075,0
2025-07-02 22:44:27,174.10592651367188,20MCS-UNITMW,2075,0
2025-07-02 22:44:28,174.40579223632812,20MCS-UNITMW,2075,0
2025-07-02 22:44:29,174.73272705078125,20MCS-UNITMW,2075,0
2025-07-02 22:44:30,174.45523071289062,20MCS-UNITMW,2075,0
2025-07-02 22:44:31,174.42315673828125,20MCS-UNITMW,2075,0
2025-07-02 22:44:32,174.38107299804688,20MCS-UNITMW,2075,0
2025-07-02 22:44:33,174.33633422851562,20MCS-UNITMW,2075,0
2025-07-02 22:44:34,174.89129638671875,20MCS-UNITMW,2075,0
2025-07-02 22:44:35,175.04983520507812,20MCS-UNITMW,2075,0
2025-07-02 22:44:36,175.04983520507812,20MCS-UNITMW,2075,0
2025-07-02 22:44:37,174.8778076171875,20MCS-UNITMW,2075,0
2025-07-02 22:44:38,174.17776489257812,20MCS-UNITMW,2075,0
2025-07-02 22:44:39,174.6534423828125,20MCS-UNITMW,2075,0
2025-07-02 22:44:40,174.25704956054688,20MCS-UNITMW,2075,0
2025-07-02 22:44:41,174.57415771484375,20MCS-UNITMW,2075,0
2025-07-02 22:44:42,173.82101440429688,20MCS-UNITMW,2075,0
2025-07-02 22:44:43,174.51312255859375,20MCS-UNITMW,2075,0
2025-07-02 22:44:44,174.93829345703125,20MCS-UNITMW,2075,0
2025-07-02 22:44:45,175.15325927734375,20MCS-UNITMW,2075,0
2025-07-02 22:44:46,174.61380004882812,20MCS-UNITMW,2075,0
2025-07-02 22:44:47,175.16876220703125,20MCS-UNITMW,2075,0
2025-07-02 22:44:48,175.4066162109375,20MCS-UNITMW,2075,0
2025-07-02 22:44:49,176.08047485351562,20MCS-UNITMW,2075,0
2025-07-02 22:44:50,175.248046875,20MCS-UNITMW,2075,0
2025-07-02 22:44:51,175.32733154296875,20MCS-UNITMW,2075,0
2025-07-02 22:44:52,174.97055053710938,20MCS-UNITMW,2075,0
2025-07-02 22:44:53,175.44622802734375,20MCS-UNITMW,2075,0
2025-07-02 22:44:54,175.56515502929688,20MCS-UNITMW,2075,0
2025-07-02 22:44:55,175.92193603515625,20MCS-UNITMW,2075,0
2025-07-02 22:44:56,175.95004272460938,20MCS-UNITMW,2075,0
2025-07-02 22:44:57,176.08047485351562,20MCS-UNITMW,2075,0
2025-07-02 22:44:58,175.28768920898438,20MCS-UNITMW,2075,0
2025-07-02 22:44:59,175.8426513671875,20MCS-UNITMW,2075,0
2025-07-02 22:45:00,176.20755004882812,20MCS-UNITMW,2075,0
2025-07-02 22:45:01,176.19940185546875,20MCS-UNITMW,2075,0
2025-07-02 22:45:02,175.76336669921875,20MCS-UNITMW,2075,0
2025-07-02 22:45:03,175.88229370117188,20MCS-UNITMW,2075,0
2025-07-02 22:45:04,176.577880859375,20MCS-UNITMW,2075,0
2025-07-02 22:45:05,176.47686767578125,20MCS-UNITMW,2075,0
2025-07-02 22:45:06,175.88229370117188,20MCS-UNITMW,2075,0
2025-07-02 22:45:07,176.36712646484375,20MCS-UNITMW,2075,0
2025-07-02 22:45:08,176.47686767578125,20MCS-UNITMW,2075,0
2025-07-02 22:45:09,176.35797119140625,20MCS-UNITMW,2075,0
2025-07-02 22:45:10,176.67507934570312,20MCS-UNITMW,2075,0
2025-07-02 22:45:11,176.08047485351562,20MCS-UNITMW,2075,0
2025-07-02 22:45:12,176.00119018554688,20MCS-UNITMW,2075,0
2025-07-02 22:45:13,176.78607177734375,20MCS-UNITMW,2075,0
2025-07-02 22:45:14,176.827880859375,20MCS-UNITMW,2075,0
2025-07-02 22:45:15,176.47686767578125,20MCS-UNITMW,2075,0
2025-07-02 22:45:16,176.31832885742188,20MCS-UNITMW,2075,0
2025-07-02 22:45:17,176.67507934570312,20MCS-UNITMW,2075,0
2025-07-02 22:45:18,176.39761352539062,20MCS-UNITMW,2075,0
2025-07-02 22:45:19,176.732421875,20MCS-UNITMW,2075,0
2025-07-02 22:45:20,176.19940185546875,20MCS-UNITMW,2075,0
2025-07-02 22:45:21,176.47686767578125,20MCS-UNITMW,2075,0
2025-07-02 22:45:22,176.08047485351562,20MCS-UNITMW,2075,0
2025-07-02 22:45:23,175.92193603515625,20MCS-UNITMW,2075,0
2025-07-02 22:45:24,176.1201171875,20MCS-UNITMW,2075,0
2025-07-02 22:45:25,176.04083251953125,20MCS-UNITMW,2075,0
2025-07-02 22:45:26,176.39761352539062,20MCS-UNITMW,2075,0
2025-07-02 22:45:27,176.437255859375,20MCS-UNITMW,2075,0
2025-07-02 22:45:28,175.5255126953125,20MCS-UNITMW,2075,0
2025-07-02 22:45:29,176.15975952148438,20MCS-UNITMW,2075,0
2025-07-02 22:45:30,175.9615478515625,20MCS-UNITMW,2075,0
2025-07-02 22:45:31,176.2413330078125,20MCS-UNITMW,2075,0
2025-07-02 22:45:32,175.8426513671875,20MCS-UNITMW,2075,0
2025-07-02 22:45:33,175.68408203125,20MCS-UNITMW,2075,0
2025-07-02 22:45:34,175.68408203125,20MCS-UNITMW,2075,0
2025-07-02 22:45:35,175.48587036132812,20MCS-UNITMW,2075,0
2025-07-02 22:45:36,176.03622436523438,20MCS-UNITMW,2075,0
2025-07-02 22:45:37,175.7008056640625,20MCS-UNITMW,2075,0
2025-07-02 22:45:38,175.44622802734375,20MCS-UNITMW,2075,0
2025-07-02 22:45:39,175.48587036132812,20MCS-UNITMW,2075,0
2025-07-02 22:45:40,175.0894775390625,20MCS-UNITMW,2075,0
2025-07-02 22:45:41,175.58270263671875,20MCS-UNITMW,2075,0
2025-07-02 22:45:42,175.4769287109375,20MCS-UNITMW,2075,0
2025-07-02 22:45:43,175.49038696289062,20MCS-UNITMW,2075,0
2025-07-02 22:45:44,174.89129638671875,20MCS-UNITMW,2075,0
2025-07-02 22:45:45,175.44622802734375,20MCS-UNITMW,2075,0
2025-07-02 22:45:46,174.89129638671875,20MCS-UNITMW,2075,0
2025-07-02 22:45:47,175.19351196289062,20MCS-UNITMW,2075,0
2025-07-02 22:45:48,174.97055053710938,20MCS-UNITMW,2075,0
2025-07-02 22:45:49,174.90164184570312,20MCS-UNITMW,2075,0
2025-07-02 22:45:50,174.33633422851562,20MCS-UNITMW,2075,0
2025-07-02 22:45:51,174.494873046875,20MCS-UNITMW,2075,0
2025-07-02 22:45:52,174.058837890625,20MCS-UNITMW,2075,0
2025-07-02 22:45:53,174.4254150390625,20MCS-UNITMW,2075,0
2025-07-02 22:45:54,174.448974609375,20MCS-UNITMW,2075,0
2025-07-02 22:45:55,174.45394897460938,20MCS-UNITMW,2075,0
2025-07-02 22:45:56,173.54351806640625,20MCS-UNITMW,2075,0
2025-07-02 22:45:57,174.13812255859375,20MCS-UNITMW,2075,0
2025-07-02 22:45:58,173.82101440429688,20MCS-UNITMW,2075,0
2025-07-02 22:45:59,173.86065673828125,20MCS-UNITMW,2075,0
2025-07-02 22:46:00,173.70208740234375,20MCS-UNITMW,2075,0
2025-07-02 22:46:01,173.622802734375,20MCS-UNITMW,2075,0
2025-07-02 22:46:02,173.4642333984375,20MCS-UNITMW,2075,0
2025-07-02 22:46:03,173.38497924804688,20MCS-UNITMW,2075,0
2025-07-02 22:46:04,173.42459106445312,20MCS-UNITMW,2075,0
2025-07-02 22:46:05,173.22640991210938,20MCS-UNITMW,2075,0
2025-07-02 22:46:06,173.59002685546875,20MCS-UNITMW,2075,0
2025-07-02 22:46:07,172.71109008789062,20MCS-UNITMW,2075,0
2025-07-02 22:46:08,172.83001708984375,20MCS-UNITMW,2075,0
2025-07-02 22:46:09,172.98855590820312,20MCS-UNITMW,2075,0
2025-07-02 22:46:10,173.0281982421875,20MCS-UNITMW,2075,0
2025-07-02 22:46:11,172.86965942382812,20MCS-UNITMW,2075,0
2025-07-02 22:46:12,172.79696655273438,20MCS-UNITMW,2075,0
2025-07-02 22:46:13,172.55252075195312,20MCS-UNITMW,2075,0
2025-07-02 22:46:14,172.55252075195312,20MCS-UNITMW,2075,0
2025-07-02 22:46:15,172.79037475585938,20MCS-UNITMW,2075,0
2025-07-02 22:46:16,171.91827392578125,20MCS-UNITMW,2075,0
2025-07-02 22:46:17,172.98855590820312,20MCS-UNITMW,2075,0
2025-07-02 22:46:18,172.27505493164062,20MCS-UNITMW,2075,0
2025-07-02 22:46:19,172.03720092773438,20MCS-UNITMW,2075,0
2025-07-02 22:46:20,171.32369995117188,20MCS-UNITMW,2075,0
2025-07-02 22:46:21,172.11648559570312,20MCS-UNITMW,2075,0
2025-07-02 22:46:22,172.1561279296875,20MCS-UNITMW,2075,0
2025-07-02 22:46:23,172.19073486328125,20MCS-UNITMW,2075,0
2025-07-02 22:46:24,171.878662109375,20MCS-UNITMW,2075,0
2025-07-02 22:46:25,171.36334228515625,20MCS-UNITMW,2075,0
2025-07-02 22:46:26,171.52188110351562,20MCS-UNITMW,2075,0
2025-07-02 22:46:27,171.964599609375,20MCS-UNITMW,2075,0
2025-07-02 22:46:28,171.32369995117188,20MCS-UNITMW,2075,0
2025-07-02 22:46:29,171.52188110351562,20MCS-UNITMW,2075,0
2025-07-02 22:46:30,171.54953002929688,20MCS-UNITMW,2075,0
2025-07-02 22:46:31,171.35427856445312,20MCS-UNITMW,2075,0
2025-07-02 22:46:32,170.88763427734375,20MCS-UNITMW,2075,0
2025-07-02 22:46:33,171.32369995117188,20MCS-UNITMW,2075,0
2025-07-02 22:46:34,171.00656127929688,20MCS-UNITMW,2075,0
2025-07-02 22:46:35,171.12548828125,20MCS-UNITMW,2075,0
2025-07-02 22:46:36,170.76873779296875,20MCS-UNITMW,2075,0
2025-07-02 22:46:37,170.72909545898438,20MCS-UNITMW,2075,0
2025-07-02 22:46:38,170.80838012695312,20MCS-UNITMW,2075,0
2025-07-02 22:46:39,171.072021484375,20MCS-UNITMW,2075,0
2025-07-02 22:46:40,170.88763427734375,20MCS-UNITMW,2075,0
2025-07-02 22:46:41,171.08584594726562,20MCS-UNITMW,2075,0
2025-07-02 22:46:42,171.19403076171875,20MCS-UNITMW,2075,0
2025-07-02 22:46:43,170.4119873046875,20MCS-UNITMW,2075,0
2025-07-02 22:46:44,171.20477294921875,20MCS-UNITMW,2075,0
2025-07-02 22:46:45,170.92727661132812,20MCS-UNITMW,2075,0
2025-07-02 22:46:46,170.4119873046875,20MCS-UNITMW,2075,0
2025-07-02 22:46:47,170.21377563476562,20MCS-UNITMW,2075,0
2025-07-02 22:46:48,170.80838012695312,20MCS-UNITMW,2075,0
2025-07-02 22:46:49,171.14901733398438,20MCS-UNITMW,2075,0
2025-07-02 22:46:50,171.13522338867188,20MCS-UNITMW,2075,0
2025-07-02 22:46:51,170.61016845703125,20MCS-UNITMW,2075,0
2025-07-02 22:46:52,170.64981079101562,20MCS-UNITMW,2075,0
2025-07-02 22:46:53,170.73272705078125,20MCS-UNITMW,2075,0
2025-07-02 22:46:54,170.92727661132812,20MCS-UNITMW,2075,0
2025-07-02 22:46:55,170.8480224609375,20MCS-UNITMW,2075,0
2025-07-02 22:46:56,170.88763427734375,20MCS-UNITMW,2075,0
2025-07-02 22:46:57,171.2840576171875,20MCS-UNITMW,2075,0
2025-07-02 22:46:58,170.92727661132812,20MCS-UNITMW,2075,0
2025-07-02 22:46:59,170.80838012695312,20MCS-UNITMW,2075,0
2025-07-02 22:47:00,170.9129638671875,20MCS-UNITMW,2075,0
2025-07-02 22:47:01,170.88763427734375,20MCS-UNITMW,2075,0
2025-07-02 22:47:02,171.04620361328125,20MCS-UNITMW,2075,0
2025-07-02 22:47:03,169.61917114257812,20MCS-UNITMW,2075,0
2025-07-02 22:47:04,169.02459716796875,20MCS-UNITMW,2075,0
2025-07-02 22:47:05,169.14349365234375,20MCS-UNITMW,2075,0
2025-07-02 22:47:06,170.80838012695312,20MCS-UNITMW,2075,0
2025-07-02 22:47:07,171.32369995117188,20MCS-UNITMW,2075,0
2025-07-02 22:47:08,172.11648559570312,20MCS-UNITMW,2075,0
2025-07-02 22:47:09,172.03720092773438,20MCS-UNITMW,2075,0
2025-07-02 22:47:10,171.24441528320312,20MCS-UNITMW,2075,0
2025-07-02 22:47:11,172.03179931640625,20MCS-UNITMW,2075,0
2025-07-02 22:47:12,171.68045043945312,20MCS-UNITMW,2075,0
2025-07-02 22:47:13,171.83901977539062,20MCS-UNITMW,2075,0
2025-07-02 22:47:14,171.95791625976562,20MCS-UNITMW,2075,0
2025-07-02 22:47:15,171.24441528320312,20MCS-UNITMW,2075,0
2025-07-02 22:47:16,171.32369995117188,20MCS-UNITMW,2075,0
2025-07-02 22:47:17,171.75973510742188,20MCS-UNITMW,2075,0
2025-07-02 22:47:18,172.47323608398438,20MCS-UNITMW,2075,0
2025-07-02 22:47:19,172.62103271484375,20MCS-UNITMW,2075,0
2025-07-02 22:47:20,172.23541259765625,20MCS-UNITMW,2075,0
2025-07-02 22:47:21,172.27505493164062,20MCS-UNITMW,2075,0
2025-07-02 22:47:22,172.1561279296875,20MCS-UNITMW,2075,0
2025-07-02 22:47:23,172.62576293945312,20MCS-UNITMW,2075,0
2025-07-02 22:47:24,172.67144775390625,20MCS-UNITMW,2075,0
2025-07-02 22:47:25,173.14712524414062,20MCS-UNITMW,2075,0
2025-07-02 22:47:26,172.39398193359375,20MCS-UNITMW,2075,0
2025-07-02 22:47:27,172.47323608398438,20MCS-UNITMW,2075,0
2025-07-02 22:47:28,172.63662719726562,20MCS-UNITMW,2075,0
2025-07-02 22:47:29,172.67144775390625,20MCS-UNITMW,2075,0
2025-07-02 22:47:30,172.77169799804688,20MCS-UNITMW,2075,0
2025-07-02 22:47:31,172.99627685546875,20MCS-UNITMW,2075,0
2025-07-02 22:47:32,173.21063232421875,20MCS-UNITMW,2075,0
2025-07-02 22:47:33,172.35433959960938,20MCS-UNITMW,2075,0
2025-07-02 22:47:34,172.67144775390625,20MCS-UNITMW,2075,0
2025-07-02 22:47:35,172.27505493164062,20MCS-UNITMW,2075,0
2025-07-02 22:47:36,172.5841064453125,20MCS-UNITMW,2075,0
2025-07-02 22:47:37,172.27505493164062,20MCS-UNITMW,2075,0
2025-07-02 22:47:38,172.51287841796875,20MCS-UNITMW,2075,0
2025-07-02 22:47:39,171.95791625976562,20MCS-UNITMW,2075,0
2025-07-02 22:47:40,172.35433959960938,20MCS-UNITMW,2075,0
2025-07-02 22:47:41,171.878662109375,20MCS-UNITMW,2075,0
2025-07-02 22:47:42,172.04641723632812,20MCS-UNITMW,2075,0
2025-07-02 22:47:43,172.1561279296875,20MCS-UNITMW,2075,0
2025-07-02 22:47:44,171.75973510742188,20MCS-UNITMW,2075,0
2025-07-02 22:47:45,171.4029541015625,20MCS-UNITMW,2075,0
2025-07-02 22:47:46,172.07684326171875,20MCS-UNITMW,2075,0
2025-07-02 22:47:47,172.17218017578125,20MCS-UNITMW,2075,0
2025-07-02 22:47:48,172.27505493164062,20MCS-UNITMW,2075,0
2025-07-02 22:47:49,172.11648559570312,20MCS-UNITMW,2075,0
2025-07-02 22:47:50,171.48223876953125,20MCS-UNITMW,2075,0
2025-07-02 22:47:51,171.5615234375,20MCS-UNITMW,2075,0
2025-07-02 22:47:52,171.53466796875,20MCS-UNITMW,2075,0
2025-07-02 22:47:53,171.2840576171875,20MCS-UNITMW,2075,0
2025-07-02 22:47:54,171.20477294921875,20MCS-UNITMW,2075,0
2025-07-02 22:47:55,171.36334228515625,20MCS-UNITMW,2075,0
2025-07-02 22:47:56,170.72909545898438,20MCS-UNITMW,2075,0
2025-07-02 22:47:57,171.24459838867188,20MCS-UNITMW,2075,0
2025-07-02 22:47:58,170.72909545898438,20MCS-UNITMW,2075,0
2025-07-02 22:47:59,170.9669189453125,20MCS-UNITMW,2075,0
2025-07-02 22:48:00,170.85916137695312,20MCS-UNITMW,2075,0
2025-07-02 22:48:01,171.12548828125,20MCS-UNITMW,2075,0
2025-07-02 22:48:02,170.8480224609375,20MCS-UNITMW,2075,0
2025-07-02 22:48:03,170.33270263671875,20MCS-UNITMW,2075,0
2025-07-02 22:48:04,171.09515380859375,20MCS-UNITMW,2075,0
2025-07-02 22:48:05,170.92727661132812,20MCS-UNITMW,2075,0
2025-07-02 22:48:06,170.92727661132812,20MCS-UNITMW,2075,0
2025-07-02 22:48:07,170.61016845703125,20MCS-UNITMW,2075,0
2025-07-02 22:48:08,170.21377563476562,20MCS-UNITMW,2075,0
2025-07-02 22:48:09,170.2589111328125,20MCS-UNITMW,2075,0
2025-07-02 22:48:10,170.9669189453125,20MCS-UNITMW,2075,0
2025-07-02 22:48:11,170.72909545898438,20MCS-UNITMW,2075,0
2025-07-02 22:48:12,170.25341796875,20MCS-UNITMW,2075,0
2025-07-02 22:48:13,169.9759521484375,20MCS-UNITMW,2075,0
2025-07-02 22:48:14,169.46063232421875,20MCS-UNITMW,2075,0
2025-07-02 22:48:15,169.42098999023438,20MCS-UNITMW,2075,0
2025-07-02 22:48:16,169.82208251953125,20MCS-UNITMW,2075,0
2025-07-02 22:48:17,169.42098999023438,20MCS-UNITMW,2075,0
2025-07-02 22:48:18,169.87429809570312,20MCS-UNITMW,2075,0
2025-07-02 22:48:19,170.0723876953125,20MCS-UNITMW,2075,0
2025-07-02 22:48:20,169.99545288085938,20MCS-UNITMW,2075,0
2025-07-02 22:48:21,169.90975952148438,20MCS-UNITMW,2075,0
2025-07-02 22:48:22,170.10116577148438,20MCS-UNITMW,2075,0
2025-07-02 22:48:23,170.26873779296875,20MCS-UNITMW,2075,0
2025-07-02 22:48:24,170.13449096679688,20MCS-UNITMW,2075,0
2025-07-02 22:48:25,170.23147583007812,20MCS-UNITMW,2075,0
2025-07-02 22:48:26,170.26882934570312,20MCS-UNITMW,2075,0
2025-07-02 22:48:27,170.33270263671875,20MCS-UNITMW,2075,0
2025-07-02 22:48:28,169.89666748046875,20MCS-UNITMW,2075,0
2025-07-02 22:48:29,170.25341796875,20MCS-UNITMW,2075,0
2025-07-02 22:48:30,170.55734252929688,20MCS-UNITMW,2075,0
2025-07-02 22:48:31,170.63009643554688,20MCS-UNITMW,2075,0
2025-07-02 22:48:32,170.76873779296875,20MCS-UNITMW,2075,0
2025-07-02 22:48:33,170.21377563476562,20MCS-UNITMW,2075,0
2025-07-02 22:48:34,170.8480224609375,20MCS-UNITMW,2075,0
2025-07-02 22:48:35,170.45162963867188,20MCS-UNITMW,2075,0
2025-07-02 22:48:36,170.80838012695312,20MCS-UNITMW,2075,0
2025-07-02 22:48:37,170.87200927734375,20MCS-UNITMW,2075,0
2025-07-02 22:48:38,170.80838012695312,20MCS-UNITMW,2075,0
2025-07-02 22:48:39,170.9669189453125,20MCS-UNITMW,2075,0
2025-07-02 22:48:40,171.00656127929688,20MCS-UNITMW,2075,0
2025-07-02 22:48:41,171.52188110351562,20MCS-UNITMW,2075,0
2025-07-02 22:48:42,171.4029541015625,20MCS-UNITMW,2075,0
2025-07-02 22:48:43,171.2840576171875,20MCS-UNITMW,2075,0
2025-07-02 22:48:44,171.32369995117188,20MCS-UNITMW,2075,0
2025-07-02 22:48:45,171.4029541015625,20MCS-UNITMW,2075,0
2025-07-02 22:48:46,171.32369995117188,20MCS-UNITMW,2075,0
2025-07-02 22:48:47,171.61050415039062,20MCS-UNITMW,2075,0
2025-07-02 22:48:48,171.60116577148438,20MCS-UNITMW,2075,0
2025-07-02 22:48:49,171.7559814453125,20MCS-UNITMW,2075,0
2025-07-02 22:48:50,171.82830810546875,20MCS-UNITMW,2075,0
2025-07-02 22:48:51,171.32369995117188,20MCS-UNITMW,2075,0
2025-07-02 22:48:52,171.75973510742188,20MCS-UNITMW,2075,0
2025-07-02 22:48:53,172.0538330078125,20MCS-UNITMW,2075,0
2025-07-02 22:48:54,172.39398193359375,20MCS-UNITMW,2075,0
2025-07-02 22:48:55,172.43359375,20MCS-UNITMW,2075,0
2025-07-02 22:48:56,170.76873779296875,20MCS-UNITMW,2075,0
2025-07-02 22:48:57,171.878662109375,20MCS-UNITMW,2075,0
2025-07-02 22:48:58,172.314697265625,20MCS-UNITMW,2075,0
2025-07-02 22:48:59,172.07684326171875,20MCS-UNITMW,2075,0
2025-07-02 22:49:00,172.52325439453125,20MCS-UNITMW,2075,0
2025-07-02 22:49:01,172.63180541992188,20MCS-UNITMW,2075,0
2025-07-02 22:49:02,172.5921630859375,20MCS-UNITMW,2075,0
2025-07-02 22:49:03,172.55252075195312,20MCS-UNITMW,2075,0
2025-07-02 22:49:04,172.5921630859375,20MCS-UNITMW,2075,0
2025-07-02 22:49:05,172.893798828125,20MCS-UNITMW,2075,0
2025-07-02 22:49:06,172.83001708984375,20MCS-UNITMW,2075,0
2025-07-02 22:49:07,173.14712524414062,20MCS-UNITMW,2075,0
2025-07-02 22:49:08,172.47323608398438,20MCS-UNITMW,2075,0
2025-07-02 22:49:09,173.06784057617188,20MCS-UNITMW,2075,0
2025-07-02 22:49:10,173.38497924804688,20MCS-UNITMW,2075,0
2025-07-02 22:49:11,173.53689575195312,20MCS-UNITMW,2075,0
2025-07-02 22:49:12,173.06784057617188,20MCS-UNITMW,2075,0
2025-07-02 22:49:13,173.54351806640625,20MCS-UNITMW,2075,0
2025-07-02 22:49:14,173.10748291015625,20MCS-UNITMW,2075,0
2025-07-02 22:49:15,172.5921630859375,20MCS-UNITMW,2075,0
2025-07-02 22:49:16,173.4642333984375,20MCS-UNITMW,2075,0
2025-07-02 22:49:17,173.42459106445312,20MCS-UNITMW,2075,0
2025-07-02 22:49:18,173.66244506835938,20MCS-UNITMW,2075,0
2025-07-02 22:49:19,173.9818115234375,20MCS-UNITMW,2075,0
2025-07-02 22:49:20,173.86065673828125,20MCS-UNITMW,2075,0
2025-07-02 22:49:21,173.93991088867188,20MCS-UNITMW,2075,0
2025-07-02 22:49:22,173.70208740234375,20MCS-UNITMW,2075,0
2025-07-02 22:49:23,174.13812255859375,20MCS-UNITMW,2075,0
2025-07-02 22:49:24,174.20611572265625,20MCS-UNITMW,2075,0
2025-07-02 22:49:25,174.3759765625,20MCS-UNITMW,2075,0
2025-07-02 22:49:26,174.58444213867188,20MCS-UNITMW,2075,0
2025-07-02 22:49:27,174.45523071289062,20MCS-UNITMW,2075,0
2025-07-02 22:49:28,174.57400512695312,20MCS-UNITMW,2075,0
2025-07-02 22:49:29,174.29669189453125,20MCS-UNITMW,2075,0
2025-07-02 22:49:30,174.84170532226562,20MCS-UNITMW,2075,0
2025-07-02 22:49:31,174.88668823242188,20MCS-UNITMW,2075,0
2025-07-02 22:49:32,174.57415771484375,20MCS-UNITMW,2075,0
2025-07-02 22:49:33,174.45523071289062,20MCS-UNITMW,2075,0
2025-07-02 22:49:34,174.69308471679688,20MCS-UNITMW,2075,0
2025-07-02 22:49:35,174.57415771484375,20MCS-UNITMW,2075,0
2025-07-02 22:49:36,174.93093872070312,20MCS-UNITMW,2075,0
2025-07-02 22:49:37,174.89129638671875,20MCS-UNITMW,2075,0
2025-07-02 22:49:38,174.89129638671875,20MCS-UNITMW,2075,0
2025-07-02 22:49:39,174.69308471679688,20MCS-UNITMW,2075,0
2025-07-02 22:49:40,175.32733154296875,20MCS-UNITMW,2075,0
2025-07-02 22:49:41,175.5255126953125,20MCS-UNITMW,2075,0
2025-07-02 22:49:42,175.42608642578125,20MCS-UNITMW,2075,0
2025-07-02 22:49:43,175.5845947265625,20MCS-UNITMW,2075,0
2025-07-02 22:49:44,175.52703857421875,20MCS-UNITMW,2075,0
2025-07-02 22:49:45,175.0894775390625,20MCS-UNITMW,2075,0
2025-07-02 22:49:46,175.66134643554688,20MCS-UNITMW,2075,0
2025-07-02 22:49:47,175.28768920898438,20MCS-UNITMW,2075,0
2025-07-02 22:49:48,175.64443969726562,20MCS-UNITMW,2075,0
2025-07-02 22:49:49,175.44622802734375,20MCS-UNITMW,2075,0
2025-07-02 22:49:50,175.48587036132812,20MCS-UNITMW,2075,0
2025-07-02 22:49:51,175.90093994140625,20MCS-UNITMW,2075,0
2025-07-02 22:49:52,176.51651000976562,20MCS-UNITMW,2075,0
2025-07-02 22:49:53,176.1201171875,20MCS-UNITMW,2075,0
2025-07-02 22:49:54,175.01019287109375,20MCS-UNITMW,2075,0
2025-07-02 22:49:55,175.92193603515625,20MCS-UNITMW,2075,0
2025-07-02 22:49:56,175.4066162109375,20MCS-UNITMW,2075,0
2025-07-02 22:49:57,176.04083251953125,20MCS-UNITMW,2075,0
2025-07-02 22:49:58,176.4730224609375,20MCS-UNITMW,2075,0
2025-07-02 22:49:59,176.51651000976562,20MCS-UNITMW,2075,0
2025-07-02 22:50:00,176.51651000976562,20MCS-UNITMW,2075,0
2025-07-02 22:50:01,176.59579467773438,20MCS-UNITMW,2075,0
2025-07-02 22:50:02,176.80758666992188,20MCS-UNITMW,2075,0
2025-07-02 22:50:03,176.15975952148438,20MCS-UNITMW,2075,0
2025-07-02 22:50:04,176.90228271484375,20MCS-UNITMW,2075,0
2025-07-02 22:50:05,176.6268310546875,20MCS-UNITMW,2075,0
2025-07-02 22:50:06,176.7147216796875,20MCS-UNITMW,2075,0
2025-07-02 22:50:07,176.79400634765625,20MCS-UNITMW,2075,0
2025-07-02 22:50:08,177.26968383789062,20MCS-UNITMW,2075,0
2025-07-02 22:50:09,177.28225708007812,20MCS-UNITMW,2075,0
2025-07-02 22:50:10,177.19039916992188,20MCS-UNITMW,2075,0
2025-07-02 22:50:11,177.4678955078125,20MCS-UNITMW,2075,0
2025-07-02 22:50:12,177.07147216796875,20MCS-UNITMW,2075,0
2025-07-02 22:50:13,177.38861083984375,20MCS-UNITMW,2075,0
2025-07-02 22:50:14,177.1507568359375,20MCS-UNITMW,2075,0
2025-07-02 22:50:15,177.26968383789062,20MCS-UNITMW,2075,0
2025-07-02 22:50:16,177.07147216796875,20MCS-UNITMW,2075,0
2025-07-02 22:50:17,177.45791625976562,20MCS-UNITMW,2075,0
2025-07-02 22:50:18,177.38861083984375,20MCS-UNITMW,2075,0
2025-07-02 22:50:19,177.42825317382812,20MCS-UNITMW,2075,0
2025-07-02 22:50:20,177.26968383789062,20MCS-UNITMW,2075,0
2025-07-02 22:50:21,177.82464599609375,20MCS-UNITMW,2075,0
2025-07-02 22:50:22,177.745361328125,20MCS-UNITMW,2075,0
2025-07-02 22:50:23,177.38861083984375,20MCS-UNITMW,2075,0
2025-07-02 22:50:24,177.78500366210938,20MCS-UNITMW,2075,0
2025-07-02 22:50:25,178.14175415039062,20MCS-UNITMW,2075,0
2025-07-02 22:50:26,178.357421875,20MCS-UNITMW,2075,0
2025-07-02 22:50:27,178.60986328125,20MCS-UNITMW,2075,0
2025-07-02 22:50:28,178.3399658203125,20MCS-UNITMW,2075,0
2025-07-02 22:50:29,178.0228271484375,20MCS-UNITMW,2075,0
2025-07-02 22:50:30,178.53814697265625,20MCS-UNITMW,2075,0
2025-07-02 22:50:31,178.59912109375,20MCS-UNITMW,2075,0
2025-07-02 22:50:32,178.617431640625,20MCS-UNITMW,2075,0
2025-07-02 22:50:33,178.181396484375,20MCS-UNITMW,2075,0
2025-07-02 22:50:34,178.85528564453125,20MCS-UNITMW,2075,0
2025-07-02 22:50:35,178.45889282226562,20MCS-UNITMW,2075,0
2025-07-02 22:50:36,178.3399658203125,20MCS-UNITMW,2075,0
2025-07-02 22:50:37,178.97421264648438,20MCS-UNITMW,2075,0
2025-07-02 22:50:38,179.053466796875,20MCS-UNITMW,2075,0
2025-07-02 22:50:39,179.2152099609375,20MCS-UNITMW,2075,0
2025-07-02 22:50:40,179.24380493164062,20MCS-UNITMW,2075,0
2025-07-02 22:50:41,179.29132080078125,20MCS-UNITMW,2075,0
2025-07-02 22:50:42,179.053466796875,20MCS-UNITMW,2075,0
2025-07-02 22:50:43,179.13275146484375,20MCS-UNITMW,2075,0
2025-07-02 22:50:44,178.73635864257812,20MCS-UNITMW,2075,0
2025-07-02 22:50:45,178.30032348632812,20MCS-UNITMW,2075,0
2025-07-02 22:50:46,178.617431640625,20MCS-UNITMW,2075,0
2025-07-02 22:50:47,178.73635864257812,20MCS-UNITMW,2075,0
2025-07-02 22:50:48,179.053466796875,20MCS-UNITMW,2075,0
2025-07-02 22:50:49,179.13275146484375,20MCS-UNITMW,2075,0
2025-07-02 22:50:50,179.2078857421875,20MCS-UNITMW,2075,0
2025-07-02 22:50:51,179.053466796875,20MCS-UNITMW,2075,0
2025-07-02 22:50:52,178.57778930664062,20MCS-UNITMW,2075,0
2025-07-02 22:50:53,178.45889282226562,20MCS-UNITMW,2075,0
2025-07-02 22:50:54,178.78179931640625,20MCS-UNITMW,2075,0
2025-07-02 22:50:55,178.45889282226562,20MCS-UNITMW,2075,0
2025-07-02 22:50:56,178.57778930664062,20MCS-UNITMW,2075,0
2025-07-02 22:50:57,178.65914916992188,20MCS-UNITMW,2075,0
2025-07-02 22:50:58,178.22103881835938,20MCS-UNITMW,2075,0
2025-07-02 22:50:59,178.53842163085938,20MCS-UNITMW,2075,0
2025-07-02 22:51:00,178.49850463867188,20MCS-UNITMW,2075,0
2025-07-02 22:51:01,178.36639404296875,20MCS-UNITMW,2075,0
2025-07-02 22:51:02,178.3399658203125,20MCS-UNITMW,2075,0
2025-07-02 22:51:03,178.0228271484375,20MCS-UNITMW,2075,0
2025-07-02 22:51:04,178.41925048828125,20MCS-UNITMW,2075,0
2025-07-02 22:51:05,177.98318481445312,20MCS-UNITMW,2075,0
2025-07-02 22:51:06,177.82464599609375,20MCS-UNITMW,2075,0
2025-07-02 22:51:07,178.06246948242188,20MCS-UNITMW,2075,0
2025-07-02 22:51:08,177.745361328125,20MCS-UNITMW,2075,0
2025-07-02 22:51:09,177.54714965820312,20MCS-UNITMW,2075,0
2025-07-02 22:51:10,177.23004150390625,20MCS-UNITMW,2075,0
2025-07-02 22:51:11,177.34896850585938,20MCS-UNITMW,2075,0
2025-07-02 22:51:12,177.42825317382812,20MCS-UNITMW,2075,0
2025-07-02 22:51:13,177.54714965820312,20MCS-UNITMW,2075,0
2025-07-02 22:51:14,177.26968383789062,20MCS-UNITMW,2075,0
2025-07-02 22:51:15,177.94357299804688,20MCS-UNITMW,2075,0
2025-07-02 22:51:16,177.82464599609375,20MCS-UNITMW,2075,0
2025-07-02 22:51:17,177.54714965820312,20MCS-UNITMW,2075,0
2025-07-02 22:51:18,177.50750732421875,20MCS-UNITMW,2075,0
2025-07-02 22:51:19,177.03182983398438,20MCS-UNITMW,2075,0
2025-07-02 22:51:20,177.4154052734375,20MCS-UNITMW,2075,0
2025-07-02 22:51:21,177.34677124023438,20MCS-UNITMW,2075,0
2025-07-02 22:51:22,177.36135864257812,20MCS-UNITMW,2075,0
2025-07-02 22:51:23,177.69332885742188,20MCS-UNITMW,2075,0
2025-07-02 22:51:24,177.8233642578125,20MCS-UNITMW,2075,0
2025-07-02 22:51:25,177.62643432617188,20MCS-UNITMW,2075,0
2025-07-02 22:51:26,176.83364868164062,20MCS-UNITMW,2075,0
2025-07-02 22:51:27,175.9615478515625,20MCS-UNITMW,2075,0
2025-07-02 22:51:28,176.76336669921875,20MCS-UNITMW,2075,0
2025-07-02 22:51:29,176.67507934570312,20MCS-UNITMW,2075,0
2025-07-02 22:51:30,176.437255859375,20MCS-UNITMW,2075,0
2025-07-02 22:51:31,176.95046997070312,20MCS-UNITMW,2075,0
2025-07-02 22:51:32,176.31832885742188,20MCS-UNITMW,2075,0
2025-07-02 22:51:33,176.67507934570312,20MCS-UNITMW,2075,0
2025-07-02 22:51:34,175.88229370117188,20MCS-UNITMW,2075,0
2025-07-02 22:51:35,175.44622802734375,20MCS-UNITMW,2075,0
2025-07-02 22:51:36,175.88229370117188,20MCS-UNITMW,2075,0
2025-07-02 22:51:37,176.07321166992188,20MCS-UNITMW,2075,0
2025-07-02 22:51:38,175.72372436523438,20MCS-UNITMW,2075,0
2025-07-02 22:51:39,175.72372436523438,20MCS-UNITMW,2075,0
2025-07-02 22:51:40,174.93093872070312,20MCS-UNITMW,2075,0
2025-07-02 22:51:41,175.01019287109375,20MCS-UNITMW,2075,0
2025-07-02 22:51:42,175.56515502929688,20MCS-UNITMW,2075,0
2025-07-02 22:51:43,175.36697387695312,20MCS-UNITMW,2075,0
2025-07-02 22:51:44,175.4066162109375,20MCS-UNITMW,2075,0
2025-07-02 22:51:45,175.5255126953125,20MCS-UNITMW,2075,0
2025-07-02 22:51:46,175.28768920898438,20MCS-UNITMW,2075,0
2025-07-02 22:51:47,174.97055053710938,20MCS-UNITMW,2075,0
2025-07-02 22:51:48,175.70706176757812,20MCS-UNITMW,2075,0
2025-07-02 22:51:49,175.56515502929688,20MCS-UNITMW,2075,0
2025-07-02 22:51:50,175.5107421875,20MCS-UNITMW,2075,0
2025-07-02 22:51:51,175.12911987304688,20MCS-UNITMW,2075,0
2025-07-02 22:51:52,175.36697387695312,20MCS-UNITMW,2075,0
2025-07-02 22:51:53,175.4066162109375,20MCS-UNITMW,2075,0
2025-07-02 22:51:54,175.56515502929688,20MCS-UNITMW,2075,0
2025-07-02 22:51:55,175.248046875,20MCS-UNITMW,2075,0
2025-07-02 22:51:56,175.54153442382812,20MCS-UNITMW,2075,0
2025-07-02 22:51:57,175.64443969726562,20MCS-UNITMW,2075,0
2025-07-02 22:51:58,175.64443969726562,20MCS-UNITMW,2075,0
2025-07-02 22:51:59,175.64312744140625,20MCS-UNITMW,2075,0
2025-07-02 22:52:00,175.65310668945312,20MCS-UNITMW,2075,0
2025-07-02 22:52:01,176.04083251953125,20MCS-UNITMW,2075,0
2025-07-02 22:52:02,175.76336669921875,20MCS-UNITMW,2075,0
2025-07-02 22:52:03,175.76336669921875,20MCS-UNITMW,2075,0
2025-07-02 22:52:04,176.04083251953125,20MCS-UNITMW,2075,0
2025-07-02 22:52:05,175.8426513671875,20MCS-UNITMW,2075,0
2025-07-02 22:52:06,176.32473754882812,20MCS-UNITMW,2075,0
2025-07-02 22:52:07,176.35797119140625,20MCS-UNITMW,2075,0
2025-07-02 22:52:08,176.35797119140625,20MCS-UNITMW,2075,0
2025-07-02 22:52:09,175.9615478515625,20MCS-UNITMW,2075,0
2025-07-02 22:52:10,176.33489990234375,20MCS-UNITMW,2075,0
2025-07-02 22:52:11,176.31832885742188,20MCS-UNITMW,2075,0
2025-07-02 22:52:12,176.51651000976562,20MCS-UNITMW,2075,0
2025-07-02 22:52:13,176.23904418945312,20MCS-UNITMW,2075,0
2025-07-02 22:52:14,176.83370971679688,20MCS-UNITMW,2075,0
2025-07-02 22:52:15,176.1201171875,20MCS-UNITMW,2075,0
2025-07-02 22:52:16,177.07147216796875,20MCS-UNITMW,2075,0
2025-07-02 22:52:17,176.39761352539062,20MCS-UNITMW,2075,0
2025-07-02 22:52:18,176.7147216796875,20MCS-UNITMW,2075,0
2025-07-02 22:52:19,176.67507934570312,20MCS-UNITMW,2075,0
2025-07-02 22:52:20,176.47686767578125,20MCS-UNITMW,2075,0
2025-07-02 22:52:21,176.31832885742188,20MCS-UNITMW,2075,0
2025-07-02 22:52:22,176.79400634765625,20MCS-UNITMW,2075,0
2025-07-02 22:52:23,176.95767211914062,20MCS-UNITMW,2075,0
2025-07-02 22:52:24,176.75436401367188,20MCS-UNITMW,2075,0
2025-07-02 22:52:25,176.956787109375,20MCS-UNITMW,2075,0
2025-07-02 22:52:26,176.7147216796875,20MCS-UNITMW,2075,0
2025-07-02 22:52:27,176.23904418945312,20MCS-UNITMW,2075,0
2025-07-02 22:52:28,176.39761352539062,20MCS-UNITMW,2075,0
2025-07-02 22:52:29,176.92062377929688,20MCS-UNITMW,2075,0
2025-07-02 22:52:30,177.04275512695312,20MCS-UNITMW,2075,0
2025-07-02 22:52:31,175.9615478515625,20MCS-UNITMW,2075,0
2025-07-02 22:52:32,176.83364868164062,20MCS-UNITMW,2075,0
2025-07-02 22:52:33,176.95257568359375,20MCS-UNITMW,2075,0
2025-07-02 22:52:34,176.67507934570312,20MCS-UNITMW,2075,0
2025-07-02 22:52:35,177.03182983398438,20MCS-UNITMW,2075,0
2025-07-02 22:52:36,176.88235473632812,20MCS-UNITMW,2075,0
2025-07-02 22:52:37,176.83364868164062,20MCS-UNITMW,2075,0
2025-07-02 22:52:38,176.19940185546875,20MCS-UNITMW,2075,0
2025-07-02 22:52:39,176.63543701171875,20MCS-UNITMW,2075,0
2025-07-02 22:52:40,176.59579467773438,20MCS-UNITMW,2075,0
2025-07-02 22:52:41,176.08047485351562,20MCS-UNITMW,2075,0
2025-07-02 22:52:42,176.39761352539062,20MCS-UNITMW,2075,0
2025-07-02 22:52:43,175.76336669921875,20MCS-UNITMW,2075,0
2025-07-02 22:52:44,175.80300903320312,20MCS-UNITMW,2075,0
2025-07-02 22:52:45,175.92193603515625,20MCS-UNITMW,2075,0
2025-07-02 22:52:46,175.9615478515625,20MCS-UNITMW,2075,0
2025-07-02 22:52:47,176.27764892578125,20MCS-UNITMW,2075,0
2025-07-02 22:52:48,175.48587036132812,20MCS-UNITMW,2075,0
2025-07-02 22:52:49,176.00119018554688,20MCS-UNITMW,2075,0
2025-07-02 22:52:50,176.08047485351562,20MCS-UNITMW,2075,0
2025-07-02 22:52:51,175.88229370117188,20MCS-UNITMW,2075,0
2025-07-02 22:52:52,175.44622802734375,20MCS-UNITMW,2075,0
2025-07-02 22:52:53,175.5255126953125,20MCS-UNITMW,2075,0
2025-07-02 22:52:54,175.16876220703125,20MCS-UNITMW,2075,0
2025-07-02 22:52:55,175.12911987304688,20MCS-UNITMW,2075,0
2025-07-02 22:52:56,175.28768920898438,20MCS-UNITMW,2075,0
2025-07-02 22:52:57,174.93093872070312,20MCS-UNITMW,2075,0
2025-07-02 22:52:58,175.36697387695312,20MCS-UNITMW,2075,0
2025-07-02 22:52:59,174.97055053710938,20MCS-UNITMW,2075,0
2025-07-02 22:53:00,174.93093872070312,20MCS-UNITMW,2075,0
2025-07-02 22:53:01,174.53451538085938,20MCS-UNITMW,2075,0
2025-07-02 22:53:02,174.85165405273438,20MCS-UNITMW,2075,0
2025-07-02 22:53:03,174.53451538085938,20MCS-UNITMW,2075,0
2025-07-02 22:53:04,174.81201171875,20MCS-UNITMW,2075,0
2025-07-02 22:53:05,174.94180297851562,20MCS-UNITMW,2075,0
2025-07-02 22:53:06,174.53451538085938,20MCS-UNITMW,2075,0
2025-07-02 22:53:07,174.55740356445312,20MCS-UNITMW,2075,0
2025-07-02 22:53:08,174.74984741210938,20MCS-UNITMW,2075,0
2025-07-02 22:53:09,174.85165405273438,20MCS-UNITMW,2075,0
2025-07-02 22:53:10,173.97955322265625,20MCS-UNITMW,2075,0
2025-07-02 22:53:11,174.25704956054688,20MCS-UNITMW,2075,0
2025-07-02 22:53:12,174.058837890625,20MCS-UNITMW,2075,0
2025-07-02 22:53:13,173.622802734375,20MCS-UNITMW,2075,0
2025-07-02 22:53:14,174.34085083007812,20MCS-UNITMW,2075,0
2025-07-02 22:53:15,173.93991088867188,20MCS-UNITMW,2075,0
2025-07-02 22:53:16,173.3453369140625,20MCS-UNITMW,2075,0
2025-07-02 22:53:17,173.58316040039062,20MCS-UNITMW,2075,0
2025-07-02 22:53:18,173.9351806640625,20MCS-UNITMW,2075,0
2025-07-02 22:53:19,173.54351806640625,20MCS-UNITMW,2075,0
2025-07-02 22:53:20,173.30569458007812,20MCS-UNITMW,2075,0
2025-07-02 22:53:21,173.74172973632812,20MCS-UNITMW,2075,0
2025-07-02 22:53:22,173.42510986328125,20MCS-UNITMW,2075,0
2025-07-02 22:53:23,173.38497924804688,20MCS-UNITMW,2075,0
2025-07-02 22:53:24,173.66244506835938,20MCS-UNITMW,2075,0
2025-07-02 22:53:25,173.06784057617188,20MCS-UNITMW,2075,0
2025-07-02 22:53:26,173.4642333984375,20MCS-UNITMW,2075,0
2025-07-02 22:53:27,173.34408569335938,20MCS-UNITMW,2075,0
2025-07-02 22:53:28,173.4642333984375,20MCS-UNITMW,2075,0
2025-07-02 22:53:29,173.29519653320312,20MCS-UNITMW,2075,0
2025-07-02 22:53:30,172.86965942382812,20MCS-UNITMW,2075,0
2025-07-02 22:53:31,173.186767578125,20MCS-UNITMW,2075,0
2025-07-02 22:53:32,173.4742431640625,20MCS-UNITMW,2075,0
2025-07-02 22:53:33,173.58316040039062,20MCS-UNITMW,2075,0
2025-07-02 22:53:34,173.69235229492188,20MCS-UNITMW,2075,0
2025-07-02 22:53:35,173.73825073242188,20MCS-UNITMW,2075,0
2025-07-02 22:53:36,173.50387573242188,20MCS-UNITMW,2075,0
2025-07-02 22:53:37,173.4642333984375,20MCS-UNITMW,2075,0
2025-07-02 22:53:38,173.71249389648438,20MCS-UNITMW,2075,0
2025-07-02 22:53:39,173.7855224609375,20MCS-UNITMW,2075,0
2025-07-02 22:53:40,173.186767578125,20MCS-UNITMW,2075,0
2025-07-02 22:53:41,173.54351806640625,20MCS-UNITMW,2075,0
2025-07-02 22:53:42,173.42459106445312,20MCS-UNITMW,2075,0
2025-07-02 22:53:43,173.94366455078125,20MCS-UNITMW,2075,0
2025-07-02 22:53:44,174.13812255859375,20MCS-UNITMW,2075,0
2025-07-02 22:53:45,174.37521362304688,20MCS-UNITMW,2075,0
2025-07-02 22:53:46,174.43988037109375,20MCS-UNITMW,2075,0
2025-07-02 22:53:47,174.53451538085938,20MCS-UNITMW,2075,0
2025-07-02 22:53:48,174.63320922851562,20MCS-UNITMW,2075,0
2025-07-02 22:53:49,174.6534423828125,20MCS-UNITMW,2075,0
2025-07-02 22:53:50,174.09848022460938,20MCS-UNITMW,2075,0
2025-07-02 22:53:51,174.57415771484375,20MCS-UNITMW,2075,0
2025-07-02 22:53:52,174.3759765625,20MCS-UNITMW,2075,0
2025-07-02 22:53:53,174.68081665039062,20MCS-UNITMW,2075,0
2025-07-02 22:53:54,174.3759765625,20MCS-UNITMW,2075,0
2025-07-02 22:53:55,174.53451538085938,20MCS-UNITMW,2075,0
2025-07-02 22:53:56,174.99801635742188,20MCS-UNITMW,2075,0
2025-07-02 22:53:57,175.07479858398438,20MCS-UNITMW,2075,0
2025-07-02 22:53:58,175.04983520507812,20MCS-UNITMW,2075,0
2025-07-02 22:53:59,175.04983520507812,20MCS-UNITMW,2075,0
2025-07-02 22:54:00,175.32733154296875,20MCS-UNITMW,2075,0
2025-07-02 22:54:01,175.28768920898438,20MCS-UNITMW,2075,0
2025-07-02 22:54:02,175.12911987304688,20MCS-UNITMW,2075,0
2025-07-02 22:54:03,175.248046875,20MCS-UNITMW,2075,0
2025-07-02 22:54:04,175.62045288085938,20MCS-UNITMW,2075,0
2025-07-02 22:54:05,175.72372436523438,20MCS-UNITMW,2075,0
2025-07-02 22:54:06,175.4066162109375,20MCS-UNITMW,2075,0
2025-07-02 22:54:07,175.68408203125,20MCS-UNITMW,2075,0
2025-07-02 22:54:08,175.04983520507812,20MCS-UNITMW,2075,0
2025-07-02 22:54:09,175.28768920898438,20MCS-UNITMW,2075,0
2025-07-02 22:54:10,175.50473022460938,20MCS-UNITMW,2075,0
2025-07-02 22:54:11,174.81201171875,20MCS-UNITMW,2075,0
2025-07-02 22:54:12,175.7386474609375,20MCS-UNITMW,2075,0
2025-07-02 22:54:13,175.4066162109375,20MCS-UNITMW,2075,0
2025-07-02 22:54:14,175.64443969726562,20MCS-UNITMW,2075,0
2025-07-02 22:54:15,175.64443969726562,20MCS-UNITMW,2075,0
2025-07-02 22:54:16,175.98468017578125,20MCS-UNITMW,2075,0
2025-07-02 22:54:17,175.64443969726562,20MCS-UNITMW,2075,0
2025-07-02 22:54:18,176.00119018554688,20MCS-UNITMW,2075,0
2025-07-02 22:54:19,175.96209716796875,20MCS-UNITMW,2075,0
2025-07-02 22:54:20,175.88229370117188,20MCS-UNITMW,2075,0
2025-07-02 22:54:21,175.56515502929688,20MCS-UNITMW,2075,0
2025-07-02 22:54:22,175.36697387695312,20MCS-UNITMW,2075,0
2025-07-02 22:54:23,175.8426513671875,20MCS-UNITMW,2075,0
2025-07-02 22:54:24,175.92019653320312,20MCS-UNITMW,2075,0
2025-07-02 22:54:25,176.01010131835938,20MCS-UNITMW,2075,0
2025-07-02 22:54:26,175.60479736328125,20MCS-UNITMW,2075,0
2025-07-02 22:54:27,175.88229370117188,20MCS-UNITMW,2075,0
2025-07-02 22:54:28,176.00119018554688,20MCS-UNITMW,2075,0
2025-07-02 22:54:29,175.60479736328125,20MCS-UNITMW,2075,0
2025-07-02 22:54:30,176.12554931640625,20MCS-UNITMW,2075,0
2025-07-02 22:54:31,176.04083251953125,20MCS-UNITMW,2075,0
2025-07-02 22:54:32,175.64443969726562,20MCS-UNITMW,2075,0
2025-07-02 22:54:33,175.80300903320312,20MCS-UNITMW,2075,0
2025-07-02 22:54:34,175.87924194335938,20MCS-UNITMW,2075,0
2025-07-02 22:54:35,175.8426513671875,20MCS-UNITMW,2075,0
2025-07-02 22:54:36,176.1201171875,20MCS-UNITMW,2075,0
2025-07-02 22:54:37,175.44622802734375,20MCS-UNITMW,2075,0
2025-07-02 22:54:38,175.12911987304688,20MCS-UNITMW,2075,0
2025-07-02 22:54:39,175.04983520507812,20MCS-UNITMW,2075,0
2025-07-02 22:54:40,175.4066162109375,20MCS-UNITMW,2075,0
2025-07-02 22:54:41,175.36697387695312,20MCS-UNITMW,2075,0
2025-07-02 22:54:42,175.44622802734375,20MCS-UNITMW,2075,0
2025-07-02 22:54:43,175.16876220703125,20MCS-UNITMW,2075,0
2025-07-02 22:54:44,174.81201171875,20MCS-UNITMW,2075,0
2025-07-02 22:54:45,175.5255126953125,20MCS-UNITMW,2075,0
2025-07-02 22:54:46,174.61380004882812,20MCS-UNITMW,2075,0
2025-07-02 22:54:47,175.04983520507812,20MCS-UNITMW,2075,0
2025-07-02 22:54:48,175.01019287109375,20MCS-UNITMW,2075,0
2025-07-02 22:54:49,174.99496459960938,20MCS-UNITMW,2075,0
2025-07-02 22:54:50,174.57415771484375,20MCS-UNITMW,2075,0
2025-07-02 22:54:51,174.73272705078125,20MCS-UNITMW,2075,0
2025-07-02 22:54:52,174.77236938476562,20MCS-UNITMW,2075,0
2025-07-02 22:54:53,174.17776489257812,20MCS-UNITMW,2075,0
2025-07-02 22:54:54,174.75921630859375,20MCS-UNITMW,2075,0
2025-07-02 22:54:55,174.71658325195312,20MCS-UNITMW,2075,0
2025-07-02 22:54:56,174.494873046875,20MCS-UNITMW,2075,0
2025-07-02 22:54:57,174.2174072265625,20MCS-UNITMW,2075,0
2025-07-02 22:54:58,174.13812255859375,20MCS-UNITMW,2075,0
2025-07-02 22:54:59,174.30520629882812,20MCS-UNITMW,2075,0
2025-07-02 22:55:00,174.058837890625,20MCS-UNITMW,2075,0
2025-07-02 22:55:01,173.7813720703125,20MCS-UNITMW,2075,0
2025-07-02 22:55:02,173.97955322265625,20MCS-UNITMW,2075,0
2025-07-02 22:55:03,173.93991088867188,20MCS-UNITMW,2075,0
2025-07-02 22:55:04,173.4642333984375,20MCS-UNITMW,2075,0
2025-07-02 22:55:05,173.42459106445312,20MCS-UNITMW,2075,0
2025-07-02 22:55:06,173.186767578125,20MCS-UNITMW,2075,0
2025-07-02 22:55:07,174.13812255859375,20MCS-UNITMW,2075,0
2025-07-02 22:55:08,173.66244506835938,20MCS-UNITMW,2075,0
2025-07-02 22:55:09,173.22640991210938,20MCS-UNITMW,2075,0
2025-07-02 22:55:10,173.66244506835938,20MCS-UNITMW,2075,0
2025-07-02 22:55:11,173.186767578125,20MCS-UNITMW,2075,0
2025-07-02 22:55:12,173.38497924804688,20MCS-UNITMW,2075,0
2025-07-02 22:55:13,173.3453369140625,20MCS-UNITMW,2075,0
2025-07-02 22:55:14,173.50173950195312,20MCS-UNITMW,2075,0
2025-07-02 22:55:15,172.67144775390625,20MCS-UNITMW,2075,0
2025-07-02 22:55:16,173.3348388671875,20MCS-UNITMW,2075,0
2025-07-02 22:55:17,173.14712524414062,20MCS-UNITMW,2075,0
2025-07-02 22:55:18,172.55252075195312,20MCS-UNITMW,2075,0
2025-07-02 22:55:19,172.63180541992188,20MCS-UNITMW,2075,0
2025-07-02 22:55:20,172.67144775390625,20MCS-UNITMW,2075,0
2025-07-02 22:55:21,172.84786987304688,20MCS-UNITMW,2075,0
2025-07-02 22:55:22,172.71109008789062,20MCS-UNITMW,2075,0
2025-07-02 22:55:23,172.47323608398438,20MCS-UNITMW,2075,0
2025-07-02 22:55:24,172.76312255859375,20MCS-UNITMW,2075,0
2025-07-02 22:55:25,172.23541259765625,20MCS-UNITMW,2075,0
2025-07-02 22:55:26,171.64080810546875,20MCS-UNITMW,2075,0
2025-07-02 22:55:27,171.878662109375,20MCS-UNITMW,2075,0
2025-07-02 22:55:28,171.52188110351562,20MCS-UNITMW,2075,0
2025-07-02 22:55:29,170.92727661132812,20MCS-UNITMW,2075,0
2025-07-02 22:55:30,172.16055297851562,20MCS-UNITMW,2075,0
2025-07-02 22:55:31,172.19577026367188,20MCS-UNITMW,2075,0
2025-07-02 22:55:32,171.99755859375,20MCS-UNITMW,2075,0
2025-07-02 22:55:33,171.96261596679688,20MCS-UNITMW,2075,0
2025-07-02 22:55:34,172.27505493164062,20MCS-UNITMW,2075,0
2025-07-02 22:55:35,171.68045043945312,20MCS-UNITMW,2075,0
2025-07-02 22:55:36,172.14474487304688,20MCS-UNITMW,2075,0
2025-07-02 22:55:37,172.24603271484375,20MCS-UNITMW,2075,0
2025-07-02 22:55:38,171.60116577148438,20MCS-UNITMW,2075,0
2025-07-02 22:55:39,171.86044311523438,20MCS-UNITMW,2075,0
2025-07-02 22:55:40,171.99093627929688,20MCS-UNITMW,2075,0
2025-07-02 22:55:41,171.94146728515625,20MCS-UNITMW,2075,0
2025-07-02 22:55:42,171.32369995117188,20MCS-UNITMW,2075,0
2025-07-02 22:55:43,171.33758544921875,20MCS-UNITMW,2075,0
2025-07-02 22:55:44,171.17813110351562,20MCS-UNITMW,2075,0
2025-07-02 22:55:45,170.76873779296875,20MCS-UNITMW,2075,0
2025-07-02 22:55:46,171.10433959960938,20MCS-UNITMW,2075,0
2025-07-02 22:55:47,171.68045043945312,20MCS-UNITMW,2075,0
2025-07-02 22:55:48,172.07684326171875,20MCS-UNITMW,2075,0
2025-07-02 22:55:49,171.99755859375,20MCS-UNITMW,2075,0
2025-07-02 22:55:50,172.07684326171875,20MCS-UNITMW,2075,0
2025-07-02 22:55:51,171.5615234375,20MCS-UNITMW,2075,0
2025-07-02 22:55:52,171.5615234375,20MCS-UNITMW,2075,0
2025-07-02 22:55:53,170.9669189453125,20MCS-UNITMW,2075,0
2025-07-02 22:55:54,171.2840576171875,20MCS-UNITMW,2075,0
2025-07-02 22:55:55,171.60116577148438,20MCS-UNITMW,2075,0
2025-07-02 22:55:56,171.878662109375,20MCS-UNITMW,2075,0
2025-07-02 22:55:57,171.08584594726562,20MCS-UNITMW,2075,0
2025-07-02 22:55:58,171.44259643554688,20MCS-UNITMW,2075,0
2025-07-02 22:55:59,171.6956787109375,20MCS-UNITMW,2075,0
2025-07-02 22:56:00,171.44259643554688,20MCS-UNITMW,2075,0
2025-07-02 22:56:01,171.68045043945312,20MCS-UNITMW,2075,0
2025-07-02 22:56:02,171.64080810546875,20MCS-UNITMW,2075,0
2025-07-02 22:56:03,171.83901977539062,20MCS-UNITMW,2075,0
2025-07-02 22:56:04,172.07684326171875,20MCS-UNITMW,2075,0
2025-07-02 22:56:05,171.52188110351562,20MCS-UNITMW,2075,0
2025-07-02 22:56:06,171.75973510742188,20MCS-UNITMW,2075,0
2025-07-02 22:56:07,171.52188110351562,20MCS-UNITMW,2075,0
2025-07-02 22:56:08,171.878662109375,20MCS-UNITMW,2075,0
2025-07-02 22:56:09,171.99755859375,20MCS-UNITMW,2075,0
2025-07-02 22:56:10,171.88027954101562,20MCS-UNITMW,2075,0
2025-07-02 22:56:11,171.79937744140625,20MCS-UNITMW,2075,0
2025-07-02 22:56:12,171.95791625976562,20MCS-UNITMW,2075,0
2025-07-02 22:56:13,172.25595092773438,20MCS-UNITMW,2075,0
2025-07-02 22:56:14,171.60116577148438,20MCS-UNITMW,2075,0
2025-07-02 22:56:15,171.89895629882812,20MCS-UNITMW,2075,0
2025-07-02 22:56:16,171.16513061523438,20MCS-UNITMW,2075,0
2025-07-02 22:56:17,171.7200927734375,20MCS-UNITMW,2075,0
2025-07-02 22:56:18,171.5615234375,20MCS-UNITMW,2075,0
2025-07-02 22:56:19,171.60116577148438,20MCS-UNITMW,2075,0
2025-07-02 22:56:20,172.19577026367188,20MCS-UNITMW,2075,0
2025-07-02 22:56:21,172.1561279296875,20MCS-UNITMW,2075,0
2025-07-02 22:56:22,172.39398193359375,20MCS-UNITMW,2075,0
2025-07-02 22:56:23,171.91827392578125,20MCS-UNITMW,2075,0
2025-07-02 22:56:24,171.44259643554688,20MCS-UNITMW,2075,0
2025-07-02 22:56:25,171.7200927734375,20MCS-UNITMW,2075,0
2025-07-02 22:56:26,171.64080810546875,20MCS-UNITMW,2075,0
2025-07-02 22:56:27,171.79937744140625,20MCS-UNITMW,2075,0
2025-07-02 22:56:28,171.878662109375,20MCS-UNITMW,2075,0
2025-07-02 22:56:29,172.26577758789062,20MCS-UNITMW,2075,0
2025-07-02 22:56:30,171.64080810546875,20MCS-UNITMW,2075,0
2025-07-02 22:56:31,171.83901977539062,20MCS-UNITMW,2075,0
2025-07-02 22:56:32,172.07684326171875,20MCS-UNITMW,2075,0
2025-07-02 22:56:33,171.878662109375,20MCS-UNITMW,2075,0
2025-07-02 22:56:34,171.95791625976562,20MCS-UNITMW,2075,0
2025-07-02 22:56:35,171.99755859375,20MCS-UNITMW,2075,0
2025-07-02 22:56:36,171.48223876953125,20MCS-UNITMW,2075,0
2025-07-02 22:56:37,172.3551025390625,20MCS-UNITMW,2075,0
2025-07-02 22:56:38,172.39398193359375,20MCS-UNITMW,2075,0
2025-07-02 22:56:39,172.23541259765625,20MCS-UNITMW,2075,0
2025-07-02 22:56:40,172.64431762695312,20MCS-UNITMW,2075,0
2025-07-02 22:56:41,172.586181640625,20MCS-UNITMW,2075,0
2025-07-02 22:56:42,172.1561279296875,20MCS-UNITMW,2075,0
2025-07-02 22:56:43,172.47323608398438,20MCS-UNITMW,2075,0
2025-07-02 22:56:44,172.929931640625,20MCS-UNITMW,2075,0
2025-07-02 22:56:45,172.750732421875,20MCS-UNITMW,2075,0
2025-07-02 22:56:46,172.90927124023438,20MCS-UNITMW,2075,0
2025-07-02 22:56:47,173.3453369140625,20MCS-UNITMW,2075,0
2025-07-02 22:56:48,172.86965942382812,20MCS-UNITMW,2075,0
2025-07-02 22:56:49,172.63180541992188,20MCS-UNITMW,2075,0
2025-07-02 22:56:50,173.10748291015625,20MCS-UNITMW,2075,0
2025-07-02 22:56:51,173.14712524414062,20MCS-UNITMW,2075,0
2025-07-02 22:56:52,173.50387573242188,20MCS-UNITMW,2075,0
2025-07-02 22:56:53,173.74172973632812,20MCS-UNITMW,2075,0
2025-07-02 22:56:54,173.38497924804688,20MCS-UNITMW,2075,0
2025-07-02 22:56:55,173.66244506835938,20MCS-UNITMW,2075,0
2025-07-02 22:56:56,173.4642333984375,20MCS-UNITMW,2075,0
2025-07-02 22:56:57,173.93991088867188,20MCS-UNITMW,2075,0
2025-07-02 22:56:58,173.81106567382812,20MCS-UNITMW,2075,0
2025-07-02 22:56:59,173.30569458007812,20MCS-UNITMW,2075,0
2025-07-02 22:57:00,173.57376098632812,20MCS-UNITMW,2075,0
2025-07-02 22:57:01,173.42459106445312,20MCS-UNITMW,2075,0
2025-07-02 22:57:02,173.4642333984375,20MCS-UNITMW,2075,0
2025-07-02 22:57:03,173.93991088867188,20MCS-UNITMW,2075,0
2025-07-02 22:57:04,173.82101440429688,20MCS-UNITMW,2075,0
2025-07-02 22:57:05,173.54351806640625,20MCS-UNITMW,2075,0
2025-07-02 22:57:06,174.73272705078125,20MCS-UNITMW,2075,0
2025-07-02 22:57:07,174.09848022460938,20MCS-UNITMW,2075,0
2025-07-02 22:57:08,174.25704956054688,20MCS-UNITMW,2075,0
2025-07-02 22:57:09,172.83001708984375,20MCS-UNITMW,2075,0
2025-07-02 22:57:10,172.86965942382812,20MCS-UNITMW,2075,0
2025-07-02 22:57:11,172.79037475585938,20MCS-UNITMW,2075,0
2025-07-02 22:57:12,173.74172973632812,20MCS-UNITMW,2075,0
2025-07-02 22:57:13,173.42459106445312,20MCS-UNITMW,2075,0
2025-07-02 22:57:14,173.58316040039062,20MCS-UNITMW,2075,0
2025-07-02 22:57:15,174.058837890625,20MCS-UNITMW,2075,0
2025-07-02 22:57:16,174.53451538085938,20MCS-UNITMW,2075,0
2025-07-02 22:57:17,175.01019287109375,20MCS-UNITMW,2075,0
2025-07-02 22:57:18,175.02804565429688,20MCS-UNITMW,2075,0
2025-07-02 22:57:19,175.04983520507812,20MCS-UNITMW,2075,0
2025-07-02 22:57:20,174.33633422851562,20MCS-UNITMW,2075,0
2025-07-02 22:57:21,174.6534423828125,20MCS-UNITMW,2075,0
2025-07-02 22:57:22,173.97955322265625,20MCS-UNITMW,2075,0
2025-07-02 22:57:23,174.3759765625,20MCS-UNITMW,2075,0
2025-07-02 22:57:24,175.04983520507812,20MCS-UNITMW,2075,0
2025-07-02 22:57:25,175.23736572265625,20MCS-UNITMW,2075,0
2025-07-02 22:57:26,174.81201171875,20MCS-UNITMW,2075,0
2025-07-02 22:57:27,175.34991455078125,20MCS-UNITMW,2075,0
2025-07-02 22:57:28,175.04983520507812,20MCS-UNITMW,2075,0
2025-07-02 22:57:29,175.26669311523438,20MCS-UNITMW,2075,0
2025-07-02 22:57:30,175.44622802734375,20MCS-UNITMW,2075,0
2025-07-02 22:57:31,175.89727783203125,20MCS-UNITMW,2075,0
2025-07-02 22:57:32,176.05364990234375,20MCS-UNITMW,2075,0
2025-07-02 22:57:33,175.9615478515625,20MCS-UNITMW,2075,0
2025-07-02 22:57:34,176.04083251953125,20MCS-UNITMW,2075,0
2025-07-02 22:57:35,176.00119018554688,20MCS-UNITMW,2075,0
2025-07-02 22:57:36,175.68408203125,20MCS-UNITMW,2075,0
2025-07-02 22:57:37,175.48587036132812,20MCS-UNITMW,2075,0
2025-07-02 22:57:38,176.08804321289062,20MCS-UNITMW,2075,0
2025-07-02 22:57:39,176.04083251953125,20MCS-UNITMW,2075,0
2025-07-02 22:57:40,176.141845703125,20MCS-UNITMW,2075,0
2025-07-02 22:57:41,176.31832885742188,20MCS-UNITMW,2075,0
2025-07-02 22:57:42,176.44540405273438,20MCS-UNITMW,2075,0
2025-07-02 22:57:43,176.51651000976562,20MCS-UNITMW,2075,0
2025-07-02 22:57:44,176.63543701171875,20MCS-UNITMW,2075,0
2025-07-02 22:57:45,176.39761352539062,20MCS-UNITMW,2075,0
2025-07-02 22:57:46,176.79400634765625,20MCS-UNITMW,2075,0
2025-07-02 22:57:47,176.55615234375,20MCS-UNITMW,2075,0
2025-07-02 22:57:48,176.67507934570312,20MCS-UNITMW,2075,0
2025-07-02 22:57:49,176.91293334960938,20MCS-UNITMW,2075,0
2025-07-02 22:57:50,176.23904418945312,20MCS-UNITMW,2075,0
2025-07-02 22:57:51,176.2786865234375,20MCS-UNITMW,2075,0
2025-07-02 22:57:52,176.63543701171875,20MCS-UNITMW,2075,0
2025-07-02 22:57:53,177.03314208984375,20MCS-UNITMW,2075,0
2025-07-02 22:57:54,176.873291015625,20MCS-UNITMW,2075,0
2025-07-02 22:57:55,177.19039916992188,20MCS-UNITMW,2075,0
2025-07-02 22:57:56,176.83364868164062,20MCS-UNITMW,2075,0
2025-07-02 22:57:57,177.70571899414062,20MCS-UNITMW,2075,0
2025-07-02 22:57:58,177.50186157226562,20MCS-UNITMW,2075,0
2025-07-02 22:57:59,177.42825317382812,20MCS-UNITMW,2075,0
2025-07-02 22:58:00,177.70571899414062,20MCS-UNITMW,2075,0
2025-07-02 22:58:01,177.62643432617188,20MCS-UNITMW,2075,0
2025-07-02 22:58:02,177.70571899414062,20MCS-UNITMW,2075,0
2025-07-02 22:58:03,177.9039306640625,20MCS-UNITMW,2075,0
2025-07-02 22:58:04,177.19039916992188,20MCS-UNITMW,2075,0
2025-07-02 22:58:05,178.26068115234375,20MCS-UNITMW,2075,0
2025-07-02 22:58:06,177.70571899414062,20MCS-UNITMW,2075,0
2025-07-02 22:58:07,178.22103881835938,20MCS-UNITMW,2075,0
2025-07-02 22:58:08,177.86428833007812,20MCS-UNITMW,2075,0
2025-07-02 22:58:09,178.26068115234375,20MCS-UNITMW,2075,0
2025-07-02 22:58:10,178.06246948242188,20MCS-UNITMW,2075,0
2025-07-02 22:58:11,177.82464599609375,20MCS-UNITMW,2075,0
2025-07-02 22:58:12,178.53814697265625,20MCS-UNITMW,2075,0
2025-07-02 22:58:13,178.48974609375,20MCS-UNITMW,2075,0
2025-07-02 22:58:14,178.10211181640625,20MCS-UNITMW,2075,0
2025-07-02 22:58:15,178.617431640625,20MCS-UNITMW,2075,0
2025-07-02 22:58:16,179.17239379882812,20MCS-UNITMW,2075,0
2025-07-02 22:58:17,178.73635864257812,20MCS-UNITMW,2075,0
2025-07-02 22:58:18,178.7760009765625,20MCS-UNITMW,2075,0
2025-07-02 22:58:19,178.85528564453125,20MCS-UNITMW,2075,0
2025-07-02 22:58:20,178.53814697265625,20MCS-UNITMW,2075,0
2025-07-02 22:58:21,179.09310913085938,20MCS-UNITMW,2075,0
2025-07-02 22:58:22,178.7760009765625,20MCS-UNITMW,2075,0
2025-07-02 22:58:23,179.25167846679688,20MCS-UNITMW,2075,0
2025-07-02 22:58:24,179.50946044921875,20MCS-UNITMW,2075,0
2025-07-02 22:58:25,179.29132080078125,20MCS-UNITMW,2075,0
2025-07-02 22:58:26,179.51730346679688,20MCS-UNITMW,2075,0
2025-07-02 22:58:27,179.70297241210938,20MCS-UNITMW,2075,0
2025-07-02 22:58:28,179.88592529296875,20MCS-UNITMW,2075,0
2025-07-02 22:58:29,179.88592529296875,20MCS-UNITMW,2075,0
2025-07-02 22:58:30,179.41024780273438,20MCS-UNITMW,2075,0
2025-07-02 22:58:31,179.48953247070312,20MCS-UNITMW,2075,0
2025-07-02 22:58:32,179.17239379882812,20MCS-UNITMW,2075,0
2025-07-02 22:58:33,179.92120361328125,20MCS-UNITMW,2075,0
2025-07-02 22:58:34,179.44989013671875,20MCS-UNITMW,2075,0
2025-07-02 22:58:35,179.25167846679688,20MCS-UNITMW,2075,0
2025-07-02 22:58:36,179.33096313476562,20MCS-UNITMW,2075,0
2025-07-02 22:58:37,179.76699829101562,20MCS-UNITMW,2075,0
2025-07-02 22:58:38,179.88592529296875,20MCS-UNITMW,2075,0
2025-07-02 22:58:39,179.72735595703125,20MCS-UNITMW,2075,0
2025-07-02 22:58:40,180.28231811523438,20MCS-UNITMW,2075,0
2025-07-02 22:58:41,181.31295776367188,20MCS-UNITMW,2075,0
2025-07-02 22:58:42,179.92556762695312,20MCS-UNITMW,2075,0
2025-07-02 22:58:43,179.88592529296875,20MCS-UNITMW,2075,0
2025-07-02 22:58:44,179.76699829101562,20MCS-UNITMW,2075,0
2025-07-02 22:58:45,180.04446411132812,20MCS-UNITMW,2075,0
2025-07-02 22:58:46,180.55978393554688,20MCS-UNITMW,2075,0
2025-07-02 22:58:47,180.72836303710938,20MCS-UNITMW,2075,0
2025-07-02 22:58:48,180.36160278320312,20MCS-UNITMW,2075,0
2025-07-02 22:58:49,180.70266723632812,20MCS-UNITMW,2075,0
2025-07-02 22:58:50,180.28231811523438,20MCS-UNITMW,2075,0
2025-07-02 22:58:51,181.0372314453125,20MCS-UNITMW,2075,0
2025-07-02 22:58:52,180.995849609375,20MCS-UNITMW,2075,0
2025-07-02 22:58:53,180.6787109375,20MCS-UNITMW,2075,0
2025-07-02 22:58:54,180.87228393554688,20MCS-UNITMW,2075,0
2025-07-02 22:58:55,180.87692260742188,20MCS-UNITMW,2075,0
2025-07-02 22:58:56,181.13119506835938,20MCS-UNITMW,2075,0
2025-07-02 22:58:57,181.03546142578125,20MCS-UNITMW,2075,0
2025-07-02 22:58:58,180.6787109375,20MCS-UNITMW,2075,0
2025-07-02 22:58:59,180.71835327148438,20MCS-UNITMW,2075,0
2025-07-02 22:59:00,180.59942626953125,20MCS-UNITMW,2075,0
2025-07-02 22:59:01,181.45855712890625,20MCS-UNITMW,2075,0
2025-07-02 22:59:02,181.55078125,20MCS-UNITMW,2075,0
2025-07-02 22:59:03,181.59042358398438,20MCS-UNITMW,2075,0
2025-07-02 22:59:04,181.638427734375,20MCS-UNITMW,2075,0
2025-07-02 22:59:05,181.66970825195312,20MCS-UNITMW,2075,0
2025-07-02 22:59:06,181.867919921875,20MCS-UNITMW,2075,0
2025-07-02 22:59:07,181.82827758789062,20MCS-UNITMW,2075,0
2025-07-02 22:59:08,182.42288208007812,20MCS-UNITMW,2075,0
2025-07-02 22:59:09,182.26431274414062,20MCS-UNITMW,2075,0
2025-07-02 22:59:10,181.74899291992188,20MCS-UNITMW,2075,0
2025-07-02 22:59:11,181.39224243164062,20MCS-UNITMW,2075,0
2025-07-02 22:59:12,181.74899291992188,20MCS-UNITMW,2075,0
2025-07-02 22:59:13,182.35592651367188,20MCS-UNITMW,2075,0
2025-07-02 22:59:14,182.50216674804688,20MCS-UNITMW,2075,0
2025-07-02 22:59:15,182.18502807617188,20MCS-UNITMW,2075,0
2025-07-02 22:59:16,182.34359741210938,20MCS-UNITMW,2075,0
2025-07-02 22:59:17,182.64581298828125,20MCS-UNITMW,2075,0
2025-07-02 22:59:18,182.54571533203125,20MCS-UNITMW,2075,0
2025-07-02 22:59:19,182.1453857421875,20MCS-UNITMW,2075,0
2025-07-02 22:59:20,182.54180908203125,20MCS-UNITMW,2075,0
2025-07-02 22:59:21,182.85891723632812,20MCS-UNITMW,2075,0
2025-07-02 22:59:22,182.4625244140625,20MCS-UNITMW,2075,0
2025-07-02 22:59:23,183.09674072265625,20MCS-UNITMW,2075,0
2025-07-02 22:59:24,183.41387939453125,20MCS-UNITMW,2075,0
2025-07-02 22:59:25,183.42315673828125,20MCS-UNITMW,2075,0
2025-07-02 22:59:26,183.26190185546875,20MCS-UNITMW,2075,0
2025-07-02 22:59:27,183.42523193359375,20MCS-UNITMW,2075,0
2025-07-02 22:59:28,183.253662109375,20MCS-UNITMW,2075,0
2025-07-02 22:59:29,182.5814208984375,20MCS-UNITMW,2075,0
2025-07-02 22:59:30,182.42288208007812,20MCS-UNITMW,2075,0
2025-07-02 22:59:31,182.85891723632812,20MCS-UNITMW,2075,0
2025-07-02 22:59:32,182.5814208984375,20MCS-UNITMW,2075,0
2025-07-02 22:59:33,183.08401489257812,20MCS-UNITMW,2075,0
2025-07-02 22:59:34,182.66070556640625,20MCS-UNITMW,2075,0
2025-07-02 22:59:35,183.09674072265625,20MCS-UNITMW,2075,0
2025-07-02 22:59:36,183.11337280273438,20MCS-UNITMW,2075,0
2025-07-02 22:59:37,183.13638305664062,20MCS-UNITMW,2075,0
2025-07-02 22:59:38,183.20785522460938,20MCS-UNITMW,2075,0
2025-07-02 22:59:39,183.09674072265625,20MCS-UNITMW,2075,0
2025-07-02 22:59:40,183.1246337890625,20MCS-UNITMW,2075,0
2025-07-02 22:59:41,183.05709838867188,20MCS-UNITMW,2075,0
2025-07-02 22:59:42,182.739990234375,20MCS-UNITMW,2075,0
2025-07-02 22:59:43,182.1453857421875,20MCS-UNITMW,2075,0
2025-07-02 22:59:44,182.54180908203125,20MCS-UNITMW,2075,0
2025-07-02 22:59:45,182.93820190429688,20MCS-UNITMW,2075,0
2025-07-02 22:59:46,183.21566772460938,20MCS-UNITMW,2075,0
2025-07-02 22:59:47,182.62106323242188,20MCS-UNITMW,2075,0
2025-07-02 22:59:48,182.66070556640625,20MCS-UNITMW,2075,0
2025-07-02 22:59:49,182.34359741210938,20MCS-UNITMW,2075,0
2025-07-02 22:59:50,182.739990234375,20MCS-UNITMW,2075,0
2025-07-02 22:59:51,182.4625244140625,20MCS-UNITMW,2075,0
2025-07-02 22:59:52,182.739990234375,20MCS-UNITMW,2075,0
2025-07-02 22:59:53,182.42288208007812,20MCS-UNITMW,2075,0
2025-07-02 22:59:54,182.54180908203125,20MCS-UNITMW,2075,0
2025-07-02 22:59:55,182.51235961914062,20MCS-UNITMW,2075,0
2025-07-02 22:59:56,182.06610107421875,20MCS-UNITMW,2075,0
2025-07-02 22:59:57,182.18502807617188,20MCS-UNITMW,2075,0
2025-07-02 22:59:58,182.38323974609375,20MCS-UNITMW,2075,0
2025-07-02 22:59:59,182.18502807617188,20MCS-UNITMW,2075,0
