timestamp,value,point_code,point_index,point_type
2025-07-02 22:00:00,29.0,SYS_XCU001_Memory,0,0
2025-07-02 22:00:01,29.0,SYS_XCU001_Memory,0,0
2025-07-02 22:00:02,29.0,SYS_XCU001_Memory,0,0
2025-07-02 22:00:03,29.0,SYS_XCU001_Memory,0,0
2025-07-02 22:00:04,29.0,SYS_XCU001_Memory,0,0
2025-07-02 22:00:05,29.0,SYS_XCU001_Memory,0,0
2025-07-02 22:00:06,29.0,SYS_XCU001_Memory,0,0
2025-07-02 22:00:07,29.0,SYS_XCU001_Memory,0,0
2025-07-02 22:00:08,29.0,SYS_XCU001_Memory,0,0
2025-07-02 22:00:09,29.0,SYS_XCU001_Memory,0,0
2025-07-02 22:00:10,29.0,SYS_XCU001_Memory,0,0
2025-07-02 22:00:11,29.0,SYS_XCU001_Memory,0,0
2025-07-02 22:00:12,29.0,SYS_XCU001_Memory,0,0
2025-07-02 22:00:13,29.0,SYS_XCU001_Memory,0,0
2025-07-02 22:00:14,29.0,SYS_XCU001_Memory,0,0
2025-07-02 22:00:15,29.0,SYS_XCU001_Memory,0,0
2025-07-02 22:00:16,29.0,SYS_XCU001_Memory,0,0
2025-07-02 22:00:17,29.0,SYS_XCU001_Memory,0,0
2025-07-02 22:00:18,29.0,SYS_XCU001_Memory,0,0
2025-07-02 22:00:19,29.0,SYS_XCU001_Memory,0,0
2025-07-02 22:00:20,29.0,SYS_XCU001_Memory,0,0
2025-07-02 22:00:21,29.0,SYS_XCU001_Memory,0,0
2025-07-02 22:00:22,29.0,SYS_XCU001_Memory,0,0
2025-07-02 22:00:23,29.0,SYS_XCU001_Memory,0,0
2025-07-02 22:00:24,29.0,SYS_XCU001_Memory,0,0
2025-07-02 22:00:25,29.0,SYS_XCU001_Memory,0,0
2025-07-02 22:00:26,29.0,SYS_XCU001_Memory,0,0
2025-07-02 22:00:27,29.0,SYS_XCU001_Memory,0,0
2025-07-02 22:00:28,29.0,SYS_XCU001_Memory,0,0
2025-07-02 22:00:29,29.0,SYS_XCU001_Memory,0,0
2025-07-02 22:00:30,29.0,SYS_XCU001_Memory,0,0
2025-07-02 22:00:31,29.0,SYS_XCU001_Memory,0,0
2025-07-02 22:00:32,29.0,SYS_XCU001_Memory,0,0
2025-07-02 22:00:33,29.0,SYS_XCU001_Memory,0,0
2025-07-02 22:00:34,29.0,SYS_XCU001_Memory,0,0
2025-07-02 22:00:35,29.0,SYS_XCU001_Memory,0,0
2025-07-02 22:00:36,29.0,SYS_XCU001_Memory,0,0
2025-07-02 22:00:37,29.0,SYS_XCU001_Memory,0,0
2025-07-02 22:00:38,29.0,SYS_XCU001_Memory,0,0
2025-07-02 22:00:39,29.0,SYS_XCU001_Memory,0,0
2025-07-02 22:00:40,29.0,SYS_XCU001_Memory,0,0
2025-07-02 22:00:41,29.0,SYS_XCU001_Memory,0,0
2025-07-02 22:00:42,29.0,SYS_XCU001_Memory,0,0
2025-07-02 22:00:43,29.0,SYS_XCU001_Memory,0,0
2025-07-02 22:00:44,29.0,SYS_XCU001_Memory,0,0
2025-07-02 22:00:45,29.0,SYS_XCU001_Memory,0,0
2025-07-02 22:00:46,29.0,SYS_XCU001_Memory,0,0
2025-07-02 22:00:47,29.0,SYS_XCU001_Memory,0,0
2025-07-02 22:00:48,29.0,SYS_XCU001_Memory,0,0
2025-07-02 22:00:49,29.0,SYS_XCU001_Memory,0,0
2025-07-02 22:00:50,29.0,SYS_XCU001_Memory,0,0
2025-07-02 22:00:51,29.0,SYS_XCU001_Memory,0,0
2025-07-02 22:00:52,29.0,SYS_XCU001_Memory,0,0
2025-07-02 22:00:53,29.0,SYS_XCU001_Memory,0,0
2025-07-02 22:00:54,29.0,SYS_XCU001_Memory,0,0
2025-07-02 22:00:55,29.0,SYS_XCU001_Memory,0,0
2025-07-02 22:00:56,29.0,SYS_XCU001_Memory,0,0
2025-07-02 22:00:57,29.0,SYS_XCU001_Memory,0,0
2025-07-02 22:00:58,29.0,SYS_XCU001_Memory,0,0
2025-07-02 22:00:59,29.0,SYS_XCU001_Memory,0,0
2025-07-02 22:01:00,29.0,SYS_XCU001_Memory,0,0
2025-07-02 22:01:01,29.0,SYS_XCU001_Memory,0,0
2025-07-02 22:01:02,29.0,SYS_XCU001_Memory,0,0
2025-07-02 22:01:03,29.0,SYS_XCU001_Memory,0,0
2025-07-02 22:01:04,29.0,SYS_XCU001_Memory,0,0
2025-07-02 22:01:05,29.0,SYS_XCU001_Memory,0,0
2025-07-02 22:01:06,29.0,SYS_XCU001_Memory,0,0
2025-07-02 22:01:07,29.0,SYS_XCU001_Memory,0,0
2025-07-02 22:01:08,29.0,SYS_XCU001_Memory,0,0
2025-07-02 22:01:09,29.0,SYS_XCU001_Memory,0,0
2025-07-02 22:01:10,29.0,SYS_XCU001_Memory,0,0
2025-07-02 22:01:11,29.0,SYS_XCU001_Memory,0,0
2025-07-02 22:01:12,29.0,SYS_XCU001_Memory,0,0
2025-07-02 22:01:13,29.0,SYS_XCU001_Memory,0,0
2025-07-02 22:01:14,29.0,SYS_XCU001_Memory,0,0
2025-07-02 22:01:15,29.0,SYS_XCU001_Memory,0,0
2025-07-02 22:01:16,29.0,SYS_XCU001_Memory,0,0
2025-07-02 22:01:17,29.0,SYS_XCU001_Memory,0,0
2025-07-02 22:01:18,29.0,SYS_XCU001_Memory,0,0
2025-07-02 22:01:19,29.0,SYS_XCU001_Memory,0,0
2025-07-02 22:01:20,29.0,SYS_XCU001_Memory,0,0
2025-07-02 22:01:21,29.0,SYS_XCU001_Memory,0,0
2025-07-02 22:01:22,29.0,SYS_XCU001_Memory,0,0
2025-07-02 22:01:23,29.0,SYS_XCU001_Memory,0,0
2025-07-02 22:01:24,29.0,SYS_XCU001_Memory,0,0
2025-07-02 22:01:25,29.0,SYS_XCU001_Memory,0,0
2025-07-02 22:01:26,29.0,SYS_XCU001_Memory,0,0
2025-07-02 22:01:27,29.0,SYS_XCU001_Memory,0,0
2025-07-02 22:01:28,29.0,SYS_XCU001_Memory,0,0
2025-07-02 22:01:29,29.0,SYS_XCU001_Memory,0,0
2025-07-02 22:01:30,29.0,SYS_XCU001_Memory,0,0
2025-07-02 22:01:31,29.0,SYS_XCU001_Memory,0,0
2025-07-02 22:01:32,29.0,SYS_XCU001_Memory,0,0
2025-07-02 22:01:33,29.0,SYS_XCU001_Memory,0,0
2025-07-02 22:01:34,29.0,SYS_XCU001_Memory,0,0
2025-07-02 22:01:35,29.0,SYS_XCU001_Memory,0,0
2025-07-02 22:01:36,29.0,SYS_XCU001_Memory,0,0
2025-07-02 22:01:37,29.0,SYS_XCU001_Memory,0,0
2025-07-02 22:01:38,29.0,SYS_XCU001_Memory,0,0
2025-07-02 22:01:39,29.0,SYS_XCU001_Memory,0,0
2025-07-02 22:01:40,29.0,SYS_XCU001_Memory,0,0
2025-07-02 22:01:41,29.0,SYS_XCU001_Memory,0,0
2025-07-02 22:01:42,29.0,SYS_XCU001_Memory,0,0
2025-07-02 22:01:43,29.0,SYS_XCU001_Memory,0,0
2025-07-02 22:01:44,29.0,SYS_XCU001_Memory,0,0
2025-07-02 22:01:45,29.0,SYS_XCU001_Memory,0,0
2025-07-02 22:01:46,29.0,SYS_XCU001_Memory,0,0
2025-07-02 22:01:47,29.0,SYS_XCU001_Memory,0,0
2025-07-02 22:01:48,29.0,SYS_XCU001_Memory,0,0
2025-07-02 22:01:49,29.0,SYS_XCU001_Memory,0,0
2025-07-02 22:01:50,29.0,SYS_XCU001_Memory,0,0
2025-07-02 22:01:51,29.0,SYS_XCU001_Memory,0,0
2025-07-02 22:01:52,29.0,SYS_XCU001_Memory,0,0
2025-07-02 22:01:53,29.0,SYS_XCU001_Memory,0,0
2025-07-02 22:01:54,29.0,SYS_XCU001_Memory,0,0
2025-07-02 22:01:55,29.0,SYS_XCU001_Memory,0,0
2025-07-02 22:01:56,29.0,SYS_XCU001_Memory,0,0
2025-07-02 22:01:57,29.0,SYS_XCU001_Memory,0,0
2025-07-02 22:01:58,29.0,SYS_XCU001_Memory,0,0
2025-07-02 22:01:59,29.0,SYS_XCU001_Memory,0,0
2025-07-02 22:02:00,29.0,SYS_XCU001_Memory,0,0
2025-07-02 22:02:01,29.0,SYS_XCU001_Memory,0,0
2025-07-02 22:02:02,29.0,SYS_XCU001_Memory,0,0
2025-07-02 22:02:03,29.0,SYS_XCU001_Memory,0,0
2025-07-02 22:02:04,29.0,SYS_XCU001_Memory,0,0
2025-07-02 22:02:05,29.0,SYS_XCU001_Memory,0,0
2025-07-02 22:02:06,29.0,SYS_XCU001_Memory,0,0
2025-07-02 22:02:07,29.0,SYS_XCU001_Memory,0,0
2025-07-02 22:02:08,29.0,SYS_XCU001_Memory,0,0
2025-07-02 22:02:09,29.0,SYS_XCU001_Memory,0,0
2025-07-02 22:02:10,29.0,SYS_XCU001_Memory,0,0
2025-07-02 22:02:11,29.0,SYS_XCU001_Memory,0,0
2025-07-02 22:02:12,29.0,SYS_XCU001_Memory,0,0
2025-07-02 22:02:13,29.0,SYS_XCU001_Memory,0,0
2025-07-02 22:02:14,29.0,SYS_XCU001_Memory,0,0
2025-07-02 22:02:15,29.0,SYS_XCU001_Memory,0,0
2025-07-02 22:02:16,29.0,SYS_XCU001_Memory,0,0
2025-07-02 22:02:17,29.0,SYS_XCU001_Memory,0,0
2025-07-02 22:02:18,29.0,SYS_XCU001_Memory,0,0
2025-07-02 22:02:19,29.0,SYS_XCU001_Memory,0,0
2025-07-02 22:02:20,29.0,SYS_XCU001_Memory,0,0
2025-07-02 22:02:21,29.0,SYS_XCU001_Memory,0,0
2025-07-02 22:02:22,29.0,SYS_XCU001_Memory,0,0
2025-07-02 22:02:23,29.0,SYS_XCU001_Memory,0,0
2025-07-02 22:02:24,29.0,SYS_XCU001_Memory,0,0
2025-07-02 22:02:25,29.0,SYS_XCU001_Memory,0,0
2025-07-02 22:02:26,29.0,SYS_XCU001_Memory,0,0
2025-07-02 22:02:27,29.0,SYS_XCU001_Memory,0,0
2025-07-02 22:02:28,29.0,SYS_XCU001_Memory,0,0
2025-07-02 22:02:29,29.0,SYS_XCU001_Memory,0,0
2025-07-02 22:02:30,29.0,SYS_XCU001_Memory,0,0
2025-07-02 22:02:31,29.0,SYS_XCU001_Memory,0,0
2025-07-02 22:02:32,29.0,SYS_XCU001_Memory,0,0
2025-07-02 22:02:33,29.0,SYS_XCU001_Memory,0,0
2025-07-02 22:02:34,29.0,SYS_XCU001_Memory,0,0
2025-07-02 22:02:35,29.0,SYS_XCU001_Memory,0,0
2025-07-02 22:02:36,29.0,SYS_XCU001_Memory,0,0
2025-07-02 22:02:37,29.0,SYS_XCU001_Memory,0,0
2025-07-02 22:02:38,29.0,SYS_XCU001_Memory,0,0
2025-07-02 22:02:39,29.0,SYS_XCU001_Memory,0,0
2025-07-02 22:02:40,29.0,SYS_XCU001_Memory,0,0
2025-07-02 22:02:41,29.0,SYS_XCU001_Memory,0,0
2025-07-02 22:02:42,29.0,SYS_XCU001_Memory,0,0
2025-07-02 22:02:43,29.0,SYS_XCU001_Memory,0,0
2025-07-02 22:02:44,29.0,SYS_XCU001_Memory,0,0
2025-07-02 22:02:45,29.0,SYS_XCU001_Memory,0,0
2025-07-02 22:02:46,29.0,SYS_XCU001_Memory,0,0
2025-07-02 22:02:47,29.0,SYS_XCU001_Memory,0,0
2025-07-02 22:02:48,29.0,SYS_XCU001_Memory,0,0
2025-07-02 22:02:49,29.0,SYS_XCU001_Memory,0,0
2025-07-02 22:02:50,29.0,SYS_XCU001_Memory,0,0
2025-07-02 22:02:51,29.0,SYS_XCU001_Memory,0,0
2025-07-02 22:02:52,29.0,SYS_XCU001_Memory,0,0
2025-07-02 22:02:53,29.0,SYS_XCU001_Memory,0,0
2025-07-02 22:02:54,29.0,SYS_XCU001_Memory,0,0
2025-07-02 22:02:55,29.0,SYS_XCU001_Memory,0,0
2025-07-02 22:02:56,29.0,SYS_XCU001_Memory,0,0
2025-07-02 22:02:57,29.0,SYS_XCU001_Memory,0,0
2025-07-02 22:02:58,29.0,SYS_XCU001_Memory,0,0
2025-07-02 22:02:59,29.0,SYS_XCU001_Memory,0,0
2025-07-02 22:03:00,29.0,SYS_XCU001_Memory,0,0
2025-07-02 22:03:01,29.0,SYS_XCU001_Memory,0,0
2025-07-02 22:03:02,29.0,SYS_XCU001_Memory,0,0
2025-07-02 22:03:03,29.0,SYS_XCU001_Memory,0,0
2025-07-02 22:03:04,29.0,SYS_XCU001_Memory,0,0
2025-07-02 22:03:05,29.0,SYS_XCU001_Memory,0,0
2025-07-02 22:03:06,29.0,SYS_XCU001_Memory,0,0
2025-07-02 22:03:07,29.0,SYS_XCU001_Memory,0,0
2025-07-02 22:03:08,29.0,SYS_XCU001_Memory,0,0
2025-07-02 22:03:09,29.0,SYS_XCU001_Memory,0,0
2025-07-02 22:03:10,29.0,SYS_XCU001_Memory,0,0
2025-07-02 22:03:11,29.0,SYS_XCU001_Memory,0,0
2025-07-02 22:03:12,29.0,SYS_XCU001_Memory,0,0
2025-07-02 22:03:13,29.0,SYS_XCU001_Memory,0,0
2025-07-02 22:03:14,29.0,SYS_XCU001_Memory,0,0
2025-07-02 22:03:15,29.0,SYS_XCU001_Memory,0,0
2025-07-02 22:03:16,29.0,SYS_XCU001_Memory,0,0
2025-07-02 22:03:17,29.0,SYS_XCU001_Memory,0,0
2025-07-02 22:03:18,29.0,SYS_XCU001_Memory,0,0
2025-07-02 22:03:19,29.0,SYS_XCU001_Memory,0,0
2025-07-02 22:03:20,29.0,SYS_XCU001_Memory,0,0
2025-07-02 22:03:21,29.0,SYS_XCU001_Memory,0,0
2025-07-02 22:03:22,29.0,SYS_XCU001_Memory,0,0
2025-07-02 22:03:23,29.0,SYS_XCU001_Memory,0,0
2025-07-02 22:03:24,29.0,SYS_XCU001_Memory,0,0
2025-07-02 22:03:25,29.0,SYS_XCU001_Memory,0,0
2025-07-02 22:03:26,29.0,SYS_XCU001_Memory,0,0
2025-07-02 22:03:27,29.0,SYS_XCU001_Memory,0,0
2025-07-02 22:03:28,29.0,SYS_XCU001_Memory,0,0
2025-07-02 22:03:29,29.0,SYS_XCU001_Memory,0,0
2025-07-02 22:03:30,29.0,SYS_XCU001_Memory,0,0
2025-07-02 22:03:31,29.0,SYS_XCU001_Memory,0,0
2025-07-02 22:03:32,29.0,SYS_XCU001_Memory,0,0
2025-07-02 22:03:33,29.0,SYS_XCU001_Memory,0,0
2025-07-02 22:03:34,29.0,SYS_XCU001_Memory,0,0
2025-07-02 22:03:35,29.0,SYS_XCU001_Memory,0,0
2025-07-02 22:03:36,29.0,SYS_XCU001_Memory,0,0
2025-07-02 22:03:37,29.0,SYS_XCU001_Memory,0,0
2025-07-02 22:03:38,29.0,SYS_XCU001_Memory,0,0
2025-07-02 22:03:39,29.0,SYS_XCU001_Memory,0,0
2025-07-02 22:03:40,29.0,SYS_XCU001_Memory,0,0
2025-07-02 22:03:41,29.0,SYS_XCU001_Memory,0,0
2025-07-02 22:03:42,29.0,SYS_XCU001_Memory,0,0
2025-07-02 22:03:43,29.0,SYS_XCU001_Memory,0,0
2025-07-02 22:03:44,29.0,SYS_XCU001_Memory,0,0
2025-07-02 22:03:45,29.0,SYS_XCU001_Memory,0,0
2025-07-02 22:03:46,29.0,SYS_XCU001_Memory,0,0
2025-07-02 22:03:47,29.0,SYS_XCU001_Memory,0,0
2025-07-02 22:03:48,29.0,SYS_XCU001_Memory,0,0
2025-07-02 22:03:49,29.0,SYS_XCU001_Memory,0,0
2025-07-02 22:03:50,29.0,SYS_XCU001_Memory,0,0
2025-07-02 22:03:51,29.0,SYS_XCU001_Memory,0,0
2025-07-02 22:03:52,29.0,SYS_XCU001_Memory,0,0
2025-07-02 22:03:53,29.0,SYS_XCU001_Memory,0,0
2025-07-02 22:03:54,29.0,SYS_XCU001_Memory,0,0
2025-07-02 22:03:55,29.0,SYS_XCU001_Memory,0,0
2025-07-02 22:03:56,29.0,SYS_XCU001_Memory,0,0
2025-07-02 22:03:57,29.0,SYS_XCU001_Memory,0,0
2025-07-02 22:03:58,29.0,SYS_XCU001_Memory,0,0
2025-07-02 22:03:59,29.0,SYS_XCU001_Memory,0,0
2025-07-02 22:04:00,29.0,SYS_XCU001_Memory,0,0
2025-07-02 22:04:01,29.0,SYS_XCU001_Memory,0,0
2025-07-02 22:04:02,29.0,SYS_XCU001_Memory,0,0
2025-07-02 22:04:03,29.0,SYS_XCU001_Memory,0,0
2025-07-02 22:04:04,29.0,SYS_XCU001_Memory,0,0
2025-07-02 22:04:05,29.0,SYS_XCU001_Memory,0,0
2025-07-02 22:04:06,29.0,SYS_XCU001_Memory,0,0
2025-07-02 22:04:07,29.0,SYS_XCU001_Memory,0,0
2025-07-02 22:04:08,29.0,SYS_XCU001_Memory,0,0
2025-07-02 22:04:09,29.0,SYS_XCU001_Memory,0,0
2025-07-02 22:04:10,29.0,SYS_XCU001_Memory,0,0
2025-07-02 22:04:11,29.0,SYS_XCU001_Memory,0,0
2025-07-02 22:04:12,29.0,SYS_XCU001_Memory,0,0
2025-07-02 22:04:13,29.0,SYS_XCU001_Memory,0,0
2025-07-02 22:04:14,29.0,SYS_XCU001_Memory,0,0
2025-07-02 22:04:15,29.0,SYS_XCU001_Memory,0,0
2025-07-02 22:04:16,29.0,SYS_XCU001_Memory,0,0
2025-07-02 22:04:17,29.0,SYS_XCU001_Memory,0,0
2025-07-02 22:04:18,29.0,SYS_XCU001_Memory,0,0
2025-07-02 22:04:19,29.0,SYS_XCU001_Memory,0,0
2025-07-02 22:04:20,29.0,SYS_XCU001_Memory,0,0
2025-07-02 22:04:21,29.0,SYS_XCU001_Memory,0,0
2025-07-02 22:04:22,29.0,SYS_XCU001_Memory,0,0
2025-07-02 22:04:23,29.0,SYS_XCU001_Memory,0,0
2025-07-02 22:04:24,29.0,SYS_XCU001_Memory,0,0
2025-07-02 22:04:25,29.0,SYS_XCU001_Memory,0,0
2025-07-02 22:04:26,29.0,SYS_XCU001_Memory,0,0
2025-07-02 22:04:27,29.0,SYS_XCU001_Memory,0,0
2025-07-02 22:04:28,29.0,SYS_XCU001_Memory,0,0
2025-07-02 22:04:29,29.0,SYS_XCU001_Memory,0,0
2025-07-02 22:04:30,29.0,SYS_XCU001_Memory,0,0
2025-07-02 22:04:31,29.0,SYS_XCU001_Memory,0,0
2025-07-02 22:04:32,29.0,SYS_XCU001_Memory,0,0
2025-07-02 22:04:33,29.0,SYS_XCU001_Memory,0,0
2025-07-02 22:04:34,29.0,SYS_XCU001_Memory,0,0
2025-07-02 22:04:35,29.0,SYS_XCU001_Memory,0,0
2025-07-02 22:04:36,29.0,SYS_XCU001_Memory,0,0
2025-07-02 22:04:37,29.0,SYS_XCU001_Memory,0,0
2025-07-02 22:04:38,29.0,SYS_XCU001_Memory,0,0
2025-07-02 22:04:39,29.0,SYS_XCU001_Memory,0,0
2025-07-02 22:04:40,29.0,SYS_XCU001_Memory,0,0
2025-07-02 22:04:41,29.0,SYS_XCU001_Memory,0,0
2025-07-02 22:04:42,29.0,SYS_XCU001_Memory,0,0
2025-07-02 22:04:43,29.0,SYS_XCU001_Memory,0,0
2025-07-02 22:04:44,29.0,SYS_XCU001_Memory,0,0
2025-07-02 22:04:45,29.0,SYS_XCU001_Memory,0,0
2025-07-02 22:04:46,29.0,SYS_XCU001_Memory,0,0
2025-07-02 22:04:47,29.0,SYS_XCU001_Memory,0,0
2025-07-02 22:04:48,29.0,SYS_XCU001_Memory,0,0
2025-07-02 22:04:49,29.0,SYS_XCU001_Memory,0,0
2025-07-02 22:04:50,29.0,SYS_XCU001_Memory,0,0
2025-07-02 22:04:51,29.0,SYS_XCU001_Memory,0,0
2025-07-02 22:04:52,29.0,SYS_XCU001_Memory,0,0
2025-07-02 22:04:53,29.0,SYS_XCU001_Memory,0,0
2025-07-02 22:04:54,29.0,SYS_XCU001_Memory,0,0
2025-07-02 22:04:55,29.0,SYS_XCU001_Memory,0,0
2025-07-02 22:04:56,29.0,SYS_XCU001_Memory,0,0
2025-07-02 22:04:57,29.0,SYS_XCU001_Memory,0,0
2025-07-02 22:04:58,29.0,SYS_XCU001_Memory,0,0
2025-07-02 22:04:59,29.0,SYS_XCU001_Memory,0,0
2025-07-02 22:05:00,29.0,SYS_XCU001_Memory,0,0
2025-07-02 22:05:01,29.0,SYS_XCU001_Memory,0,0
2025-07-02 22:05:02,29.0,SYS_XCU001_Memory,0,0
2025-07-02 22:05:03,29.0,SYS_XCU001_Memory,0,0
2025-07-02 22:05:04,29.0,SYS_XCU001_Memory,0,0
2025-07-02 22:05:05,29.0,SYS_XCU001_Memory,0,0
2025-07-02 22:05:06,29.0,SYS_XCU001_Memory,0,0
2025-07-02 22:05:07,29.0,SYS_XCU001_Memory,0,0
2025-07-02 22:05:08,29.0,SYS_XCU001_Memory,0,0
2025-07-02 22:05:09,29.0,SYS_XCU001_Memory,0,0
2025-07-02 22:05:10,29.0,SYS_XCU001_Memory,0,0
2025-07-02 22:05:11,29.0,SYS_XCU001_Memory,0,0
2025-07-02 22:05:12,29.0,SYS_XCU001_Memory,0,0
2025-07-02 22:05:13,29.0,SYS_XCU001_Memory,0,0
2025-07-02 22:05:14,29.0,SYS_XCU001_Memory,0,0
2025-07-02 22:05:15,29.0,SYS_XCU001_Memory,0,0
2025-07-02 22:05:16,29.0,SYS_XCU001_Memory,0,0
2025-07-02 22:05:17,29.0,SYS_XCU001_Memory,0,0
2025-07-02 22:05:18,29.0,SYS_XCU001_Memory,0,0
2025-07-02 22:05:19,29.0,SYS_XCU001_Memory,0,0
2025-07-02 22:05:20,29.0,SYS_XCU001_Memory,0,0
2025-07-02 22:05:21,29.0,SYS_XCU001_Memory,0,0
2025-07-02 22:05:22,29.0,SYS_XCU001_Memory,0,0
2025-07-02 22:05:23,29.0,SYS_XCU001_Memory,0,0
2025-07-02 22:05:24,29.0,SYS_XCU001_Memory,0,0
2025-07-02 22:05:25,29.0,SYS_XCU001_Memory,0,0
2025-07-02 22:05:26,29.0,SYS_XCU001_Memory,0,0
2025-07-02 22:05:27,29.0,SYS_XCU001_Memory,0,0
2025-07-02 22:05:28,29.0,SYS_XCU001_Memory,0,0
2025-07-02 22:05:29,29.0,SYS_XCU001_Memory,0,0
2025-07-02 22:05:30,29.0,SYS_XCU001_Memory,0,0
2025-07-02 22:05:31,29.0,SYS_XCU001_Memory,0,0
2025-07-02 22:05:32,29.0,SYS_XCU001_Memory,0,0
2025-07-02 22:05:33,29.0,SYS_XCU001_Memory,0,0
2025-07-02 22:05:34,29.0,SYS_XCU001_Memory,0,0
2025-07-02 22:05:35,29.0,SYS_XCU001_Memory,0,0
2025-07-02 22:05:36,29.0,SYS_XCU001_Memory,0,0
2025-07-02 22:05:37,29.0,SYS_XCU001_Memory,0,0
2025-07-02 22:05:38,29.0,SYS_XCU001_Memory,0,0
2025-07-02 22:05:39,29.0,SYS_XCU001_Memory,0,0
2025-07-02 22:05:40,29.0,SYS_XCU001_Memory,0,0
2025-07-02 22:05:41,29.0,SYS_XCU001_Memory,0,0
2025-07-02 22:05:42,29.0,SYS_XCU001_Memory,0,0
2025-07-02 22:05:43,29.0,SYS_XCU001_Memory,0,0
2025-07-02 22:05:44,29.0,SYS_XCU001_Memory,0,0
2025-07-02 22:05:45,29.0,SYS_XCU001_Memory,0,0
2025-07-02 22:05:46,29.0,SYS_XCU001_Memory,0,0
2025-07-02 22:05:47,29.0,SYS_XCU001_Memory,0,0
2025-07-02 22:05:48,29.0,SYS_XCU001_Memory,0,0
2025-07-02 22:05:49,29.0,SYS_XCU001_Memory,0,0
2025-07-02 22:05:50,29.0,SYS_XCU001_Memory,0,0
2025-07-02 22:05:51,29.0,SYS_XCU001_Memory,0,0
2025-07-02 22:05:52,29.0,SYS_XCU001_Memory,0,0
2025-07-02 22:05:53,29.0,SYS_XCU001_Memory,0,0
2025-07-02 22:05:54,29.0,SYS_XCU001_Memory,0,0
2025-07-02 22:05:55,29.0,SYS_XCU001_Memory,0,0
2025-07-02 22:05:56,29.0,SYS_XCU001_Memory,0,0
2025-07-02 22:05:57,29.0,SYS_XCU001_Memory,0,0
2025-07-02 22:05:58,29.0,SYS_XCU001_Memory,0,0
2025-07-02 22:05:59,29.0,SYS_XCU001_Memory,0,0
2025-07-02 22:06:00,29.0,SYS_XCU001_Memory,0,0
2025-07-02 22:06:01,29.0,SYS_XCU001_Memory,0,0
2025-07-02 22:06:02,29.0,SYS_XCU001_Memory,0,0
2025-07-02 22:06:03,29.0,SYS_XCU001_Memory,0,0
2025-07-02 22:06:04,29.0,SYS_XCU001_Memory,0,0
2025-07-02 22:06:05,29.0,SYS_XCU001_Memory,0,0
2025-07-02 22:06:06,29.0,SYS_XCU001_Memory,0,0
2025-07-02 22:06:07,29.0,SYS_XCU001_Memory,0,0
2025-07-02 22:06:08,29.0,SYS_XCU001_Memory,0,0
2025-07-02 22:06:09,29.0,SYS_XCU001_Memory,0,0
2025-07-02 22:06:10,29.0,SYS_XCU001_Memory,0,0
2025-07-02 22:06:11,29.0,SYS_XCU001_Memory,0,0
2025-07-02 22:06:12,29.0,SYS_XCU001_Memory,0,0
2025-07-02 22:06:13,29.0,SYS_XCU001_Memory,0,0
2025-07-02 22:06:14,29.0,SYS_XCU001_Memory,0,0
2025-07-02 22:06:15,29.0,SYS_XCU001_Memory,0,0
2025-07-02 22:06:16,29.0,SYS_XCU001_Memory,0,0
2025-07-02 22:06:17,29.0,SYS_XCU001_Memory,0,0
2025-07-02 22:06:18,29.0,SYS_XCU001_Memory,0,0
2025-07-02 22:06:19,29.0,SYS_XCU001_Memory,0,0
2025-07-02 22:06:20,29.0,SYS_XCU001_Memory,0,0
2025-07-02 22:06:21,29.0,SYS_XCU001_Memory,0,0
2025-07-02 22:06:22,29.0,SYS_XCU001_Memory,0,0
2025-07-02 22:06:23,29.0,SYS_XCU001_Memory,0,0
2025-07-02 22:06:24,29.0,SYS_XCU001_Memory,0,0
2025-07-02 22:06:25,29.0,SYS_XCU001_Memory,0,0
2025-07-02 22:06:26,29.0,SYS_XCU001_Memory,0,0
2025-07-02 22:06:27,29.0,SYS_XCU001_Memory,0,0
2025-07-02 22:06:28,29.0,SYS_XCU001_Memory,0,0
2025-07-02 22:06:29,29.0,SYS_XCU001_Memory,0,0
2025-07-02 22:06:30,29.0,SYS_XCU001_Memory,0,0
2025-07-02 22:06:31,29.0,SYS_XCU001_Memory,0,0
2025-07-02 22:06:32,29.0,SYS_XCU001_Memory,0,0
2025-07-02 22:06:33,29.0,SYS_XCU001_Memory,0,0
2025-07-02 22:06:34,29.0,SYS_XCU001_Memory,0,0
2025-07-02 22:06:35,29.0,SYS_XCU001_Memory,0,0
2025-07-02 22:06:36,29.0,SYS_XCU001_Memory,0,0
2025-07-02 22:06:37,29.0,SYS_XCU001_Memory,0,0
2025-07-02 22:06:38,29.0,SYS_XCU001_Memory,0,0
2025-07-02 22:06:39,29.0,SYS_XCU001_Memory,0,0
2025-07-02 22:06:40,29.0,SYS_XCU001_Memory,0,0
2025-07-02 22:06:41,29.0,SYS_XCU001_Memory,0,0
2025-07-02 22:06:42,29.0,SYS_XCU001_Memory,0,0
2025-07-02 22:06:43,29.0,SYS_XCU001_Memory,0,0
2025-07-02 22:06:44,29.0,SYS_XCU001_Memory,0,0
2025-07-02 22:06:45,29.0,SYS_XCU001_Memory,0,0
2025-07-02 22:06:46,29.0,SYS_XCU001_Memory,0,0
2025-07-02 22:06:47,29.0,SYS_XCU001_Memory,0,0
2025-07-02 22:06:48,29.0,SYS_XCU001_Memory,0,0
2025-07-02 22:06:49,29.0,SYS_XCU001_Memory,0,0
2025-07-02 22:06:50,29.0,SYS_XCU001_Memory,0,0
2025-07-02 22:06:51,29.0,SYS_XCU001_Memory,0,0
2025-07-02 22:06:52,29.0,SYS_XCU001_Memory,0,0
2025-07-02 22:06:53,29.0,SYS_XCU001_Memory,0,0
2025-07-02 22:06:54,29.0,SYS_XCU001_Memory,0,0
2025-07-02 22:06:55,29.0,SYS_XCU001_Memory,0,0
2025-07-02 22:06:56,29.0,SYS_XCU001_Memory,0,0
2025-07-02 22:06:57,29.0,SYS_XCU001_Memory,0,0
2025-07-02 22:06:58,29.0,SYS_XCU001_Memory,0,0
2025-07-02 22:06:59,29.0,SYS_XCU001_Memory,0,0
2025-07-02 22:07:00,29.0,SYS_XCU001_Memory,0,0
2025-07-02 22:07:01,29.0,SYS_XCU001_Memory,0,0
2025-07-02 22:07:02,29.0,SYS_XCU001_Memory,0,0
2025-07-02 22:07:03,29.0,SYS_XCU001_Memory,0,0
2025-07-02 22:07:04,29.0,SYS_XCU001_Memory,0,0
2025-07-02 22:07:05,29.0,SYS_XCU001_Memory,0,0
2025-07-02 22:07:06,29.0,SYS_XCU001_Memory,0,0
2025-07-02 22:07:07,29.0,SYS_XCU001_Memory,0,0
2025-07-02 22:07:08,29.0,SYS_XCU001_Memory,0,0
2025-07-02 22:07:09,29.0,SYS_XCU001_Memory,0,0
2025-07-02 22:07:10,29.0,SYS_XCU001_Memory,0,0
2025-07-02 22:07:11,29.0,SYS_XCU001_Memory,0,0
2025-07-02 22:07:12,29.0,SYS_XCU001_Memory,0,0
2025-07-02 22:07:13,29.0,SYS_XCU001_Memory,0,0
2025-07-02 22:07:14,29.0,SYS_XCU001_Memory,0,0
2025-07-02 22:07:15,29.0,SYS_XCU001_Memory,0,0
2025-07-02 22:07:16,29.0,SYS_XCU001_Memory,0,0
2025-07-02 22:07:17,29.0,SYS_XCU001_Memory,0,0
2025-07-02 22:07:18,29.0,SYS_XCU001_Memory,0,0
2025-07-02 22:07:19,29.0,SYS_XCU001_Memory,0,0
2025-07-02 22:07:20,29.0,SYS_XCU001_Memory,0,0
2025-07-02 22:07:21,29.0,SYS_XCU001_Memory,0,0
2025-07-02 22:07:22,29.0,SYS_XCU001_Memory,0,0
2025-07-02 22:07:23,29.0,SYS_XCU001_Memory,0,0
2025-07-02 22:07:24,29.0,SYS_XCU001_Memory,0,0
2025-07-02 22:07:25,29.0,SYS_XCU001_Memory,0,0
2025-07-02 22:07:26,29.0,SYS_XCU001_Memory,0,0
2025-07-02 22:07:27,29.0,SYS_XCU001_Memory,0,0
2025-07-02 22:07:28,29.0,SYS_XCU001_Memory,0,0
2025-07-02 22:07:29,29.0,SYS_XCU001_Memory,0,0
2025-07-02 22:07:30,29.0,SYS_XCU001_Memory,0,0
2025-07-02 22:07:31,29.0,SYS_XCU001_Memory,0,0
2025-07-02 22:07:32,29.0,SYS_XCU001_Memory,0,0
2025-07-02 22:07:33,29.0,SYS_XCU001_Memory,0,0
2025-07-02 22:07:34,29.0,SYS_XCU001_Memory,0,0
2025-07-02 22:07:35,29.0,SYS_XCU001_Memory,0,0
2025-07-02 22:07:36,29.0,SYS_XCU001_Memory,0,0
2025-07-02 22:07:37,29.0,SYS_XCU001_Memory,0,0
2025-07-02 22:07:38,29.0,SYS_XCU001_Memory,0,0
2025-07-02 22:07:39,29.0,SYS_XCU001_Memory,0,0
2025-07-02 22:07:40,29.0,SYS_XCU001_Memory,0,0
2025-07-02 22:07:41,29.0,SYS_XCU001_Memory,0,0
2025-07-02 22:07:42,29.0,SYS_XCU001_Memory,0,0
2025-07-02 22:07:43,29.0,SYS_XCU001_Memory,0,0
2025-07-02 22:07:44,29.0,SYS_XCU001_Memory,0,0
2025-07-02 22:07:45,29.0,SYS_XCU001_Memory,0,0
2025-07-02 22:07:46,29.0,SYS_XCU001_Memory,0,0
2025-07-02 22:07:47,29.0,SYS_XCU001_Memory,0,0
2025-07-02 22:07:48,29.0,SYS_XCU001_Memory,0,0
2025-07-02 22:07:49,29.0,SYS_XCU001_Memory,0,0
2025-07-02 22:07:50,29.0,SYS_XCU001_Memory,0,0
2025-07-02 22:07:51,29.0,SYS_XCU001_Memory,0,0
2025-07-02 22:07:52,29.0,SYS_XCU001_Memory,0,0
2025-07-02 22:07:53,29.0,SYS_XCU001_Memory,0,0
2025-07-02 22:07:54,29.0,SYS_XCU001_Memory,0,0
2025-07-02 22:07:55,29.0,SYS_XCU001_Memory,0,0
2025-07-02 22:07:56,29.0,SYS_XCU001_Memory,0,0
2025-07-02 22:07:57,29.0,SYS_XCU001_Memory,0,0
2025-07-02 22:07:58,29.0,SYS_XCU001_Memory,0,0
2025-07-02 22:07:59,29.0,SYS_XCU001_Memory,0,0
2025-07-02 22:08:00,29.0,SYS_XCU001_Memory,0,0
2025-07-02 22:08:01,29.0,SYS_XCU001_Memory,0,0
2025-07-02 22:08:02,29.0,SYS_XCU001_Memory,0,0
2025-07-02 22:08:03,29.0,SYS_XCU001_Memory,0,0
2025-07-02 22:08:04,29.0,SYS_XCU001_Memory,0,0
2025-07-02 22:08:05,29.0,SYS_XCU001_Memory,0,0
2025-07-02 22:08:06,29.0,SYS_XCU001_Memory,0,0
2025-07-02 22:08:07,29.0,SYS_XCU001_Memory,0,0
2025-07-02 22:08:08,29.0,SYS_XCU001_Memory,0,0
2025-07-02 22:08:09,29.0,SYS_XCU001_Memory,0,0
2025-07-02 22:08:10,29.0,SYS_XCU001_Memory,0,0
2025-07-02 22:08:11,29.0,SYS_XCU001_Memory,0,0
2025-07-02 22:08:12,29.0,SYS_XCU001_Memory,0,0
2025-07-02 22:08:13,29.0,SYS_XCU001_Memory,0,0
2025-07-02 22:08:14,29.0,SYS_XCU001_Memory,0,0
2025-07-02 22:08:15,29.0,SYS_XCU001_Memory,0,0
2025-07-02 22:08:16,29.0,SYS_XCU001_Memory,0,0
2025-07-02 22:08:17,29.0,SYS_XCU001_Memory,0,0
2025-07-02 22:08:18,29.0,SYS_XCU001_Memory,0,0
2025-07-02 22:08:19,29.0,SYS_XCU001_Memory,0,0
2025-07-02 22:08:20,29.0,SYS_XCU001_Memory,0,0
2025-07-02 22:08:21,29.0,SYS_XCU001_Memory,0,0
2025-07-02 22:08:22,29.0,SYS_XCU001_Memory,0,0
2025-07-02 22:08:23,29.0,SYS_XCU001_Memory,0,0
2025-07-02 22:08:24,29.0,SYS_XCU001_Memory,0,0
2025-07-02 22:08:25,29.0,SYS_XCU001_Memory,0,0
2025-07-02 22:08:26,29.0,SYS_XCU001_Memory,0,0
2025-07-02 22:08:27,29.0,SYS_XCU001_Memory,0,0
2025-07-02 22:08:28,29.0,SYS_XCU001_Memory,0,0
2025-07-02 22:08:29,29.0,SYS_XCU001_Memory,0,0
2025-07-02 22:08:30,29.0,SYS_XCU001_Memory,0,0
2025-07-02 22:08:31,29.0,SYS_XCU001_Memory,0,0
2025-07-02 22:08:32,29.0,SYS_XCU001_Memory,0,0
2025-07-02 22:08:33,29.0,SYS_XCU001_Memory,0,0
2025-07-02 22:08:34,29.0,SYS_XCU001_Memory,0,0
2025-07-02 22:08:35,29.0,SYS_XCU001_Memory,0,0
2025-07-02 22:08:36,29.0,SYS_XCU001_Memory,0,0
2025-07-02 22:08:37,29.0,SYS_XCU001_Memory,0,0
2025-07-02 22:08:38,29.0,SYS_XCU001_Memory,0,0
2025-07-02 22:08:39,29.0,SYS_XCU001_Memory,0,0
2025-07-02 22:08:40,29.0,SYS_XCU001_Memory,0,0
2025-07-02 22:08:41,29.0,SYS_XCU001_Memory,0,0
2025-07-02 22:08:42,29.0,SYS_XCU001_Memory,0,0
2025-07-02 22:08:43,29.0,SYS_XCU001_Memory,0,0
2025-07-02 22:08:44,29.0,SYS_XCU001_Memory,0,0
2025-07-02 22:08:45,29.0,SYS_XCU001_Memory,0,0
2025-07-02 22:08:46,29.0,SYS_XCU001_Memory,0,0
2025-07-02 22:08:47,29.0,SYS_XCU001_Memory,0,0
2025-07-02 22:08:48,29.0,SYS_XCU001_Memory,0,0
2025-07-02 22:08:49,29.0,SYS_XCU001_Memory,0,0
2025-07-02 22:08:50,29.0,SYS_XCU001_Memory,0,0
2025-07-02 22:08:51,29.0,SYS_XCU001_Memory,0,0
2025-07-02 22:08:52,29.0,SYS_XCU001_Memory,0,0
2025-07-02 22:08:53,29.0,SYS_XCU001_Memory,0,0
2025-07-02 22:08:54,29.0,SYS_XCU001_Memory,0,0
2025-07-02 22:08:55,29.0,SYS_XCU001_Memory,0,0
2025-07-02 22:08:56,29.0,SYS_XCU001_Memory,0,0
2025-07-02 22:08:57,29.0,SYS_XCU001_Memory,0,0
2025-07-02 22:08:58,29.0,SYS_XCU001_Memory,0,0
2025-07-02 22:08:59,29.0,SYS_XCU001_Memory,0,0
2025-07-02 22:09:00,29.0,SYS_XCU001_Memory,0,0
2025-07-02 22:09:01,29.0,SYS_XCU001_Memory,0,0
2025-07-02 22:09:02,29.0,SYS_XCU001_Memory,0,0
2025-07-02 22:09:03,29.0,SYS_XCU001_Memory,0,0
2025-07-02 22:09:04,29.0,SYS_XCU001_Memory,0,0
2025-07-02 22:09:05,29.0,SYS_XCU001_Memory,0,0
2025-07-02 22:09:06,29.0,SYS_XCU001_Memory,0,0
2025-07-02 22:09:07,29.0,SYS_XCU001_Memory,0,0
2025-07-02 22:09:08,29.0,SYS_XCU001_Memory,0,0
2025-07-02 22:09:09,29.0,SYS_XCU001_Memory,0,0
2025-07-02 22:09:10,29.0,SYS_XCU001_Memory,0,0
2025-07-02 22:09:11,29.0,SYS_XCU001_Memory,0,0
2025-07-02 22:09:12,29.0,SYS_XCU001_Memory,0,0
2025-07-02 22:09:13,29.0,SYS_XCU001_Memory,0,0
2025-07-02 22:09:14,29.0,SYS_XCU001_Memory,0,0
2025-07-02 22:09:15,29.0,SYS_XCU001_Memory,0,0
2025-07-02 22:09:16,29.0,SYS_XCU001_Memory,0,0
2025-07-02 22:09:17,29.0,SYS_XCU001_Memory,0,0
2025-07-02 22:09:18,29.0,SYS_XCU001_Memory,0,0
2025-07-02 22:09:19,29.0,SYS_XCU001_Memory,0,0
2025-07-02 22:09:20,29.0,SYS_XCU001_Memory,0,0
2025-07-02 22:09:21,29.0,SYS_XCU001_Memory,0,0
2025-07-02 22:09:22,29.0,SYS_XCU001_Memory,0,0
2025-07-02 22:09:23,29.0,SYS_XCU001_Memory,0,0
2025-07-02 22:09:24,29.0,SYS_XCU001_Memory,0,0
2025-07-02 22:09:25,29.0,SYS_XCU001_Memory,0,0
2025-07-02 22:09:26,29.0,SYS_XCU001_Memory,0,0
2025-07-02 22:09:27,29.0,SYS_XCU001_Memory,0,0
2025-07-02 22:09:28,29.0,SYS_XCU001_Memory,0,0
2025-07-02 22:09:29,29.0,SYS_XCU001_Memory,0,0
2025-07-02 22:09:30,29.0,SYS_XCU001_Memory,0,0
2025-07-02 22:09:31,29.0,SYS_XCU001_Memory,0,0
2025-07-02 22:09:32,29.0,SYS_XCU001_Memory,0,0
2025-07-02 22:09:33,29.0,SYS_XCU001_Memory,0,0
2025-07-02 22:09:34,29.0,SYS_XCU001_Memory,0,0
2025-07-02 22:09:35,29.0,SYS_XCU001_Memory,0,0
2025-07-02 22:09:36,29.0,SYS_XCU001_Memory,0,0
2025-07-02 22:09:37,29.0,SYS_XCU001_Memory,0,0
2025-07-02 22:09:38,29.0,SYS_XCU001_Memory,0,0
2025-07-02 22:09:39,29.0,SYS_XCU001_Memory,0,0
2025-07-02 22:09:40,29.0,SYS_XCU001_Memory,0,0
2025-07-02 22:09:41,29.0,SYS_XCU001_Memory,0,0
2025-07-02 22:09:42,29.0,SYS_XCU001_Memory,0,0
2025-07-02 22:09:43,29.0,SYS_XCU001_Memory,0,0
2025-07-02 22:09:44,29.0,SYS_XCU001_Memory,0,0
2025-07-02 22:09:45,29.0,SYS_XCU001_Memory,0,0
2025-07-02 22:09:46,29.0,SYS_XCU001_Memory,0,0
2025-07-02 22:09:47,29.0,SYS_XCU001_Memory,0,0
2025-07-02 22:09:48,29.0,SYS_XCU001_Memory,0,0
2025-07-02 22:09:49,29.0,SYS_XCU001_Memory,0,0
2025-07-02 22:09:50,29.0,SYS_XCU001_Memory,0,0
2025-07-02 22:09:51,29.0,SYS_XCU001_Memory,0,0
2025-07-02 22:09:52,29.0,SYS_XCU001_Memory,0,0
2025-07-02 22:09:53,29.0,SYS_XCU001_Memory,0,0
2025-07-02 22:09:54,29.0,SYS_XCU001_Memory,0,0
2025-07-02 22:09:55,29.0,SYS_XCU001_Memory,0,0
2025-07-02 22:09:56,29.0,SYS_XCU001_Memory,0,0
2025-07-02 22:09:57,29.0,SYS_XCU001_Memory,0,0
2025-07-02 22:09:58,29.0,SYS_XCU001_Memory,0,0
2025-07-02 22:09:59,29.0,SYS_XCU001_Memory,0,0
2025-07-02 22:10:00,29.0,SYS_XCU001_Memory,0,0
2025-07-02 22:10:01,29.0,SYS_XCU001_Memory,0,0
2025-07-02 22:10:02,29.0,SYS_XCU001_Memory,0,0
2025-07-02 22:10:03,29.0,SYS_XCU001_Memory,0,0
2025-07-02 22:10:04,29.0,SYS_XCU001_Memory,0,0
2025-07-02 22:10:05,29.0,SYS_XCU001_Memory,0,0
2025-07-02 22:10:06,29.0,SYS_XCU001_Memory,0,0
2025-07-02 22:10:07,29.0,SYS_XCU001_Memory,0,0
2025-07-02 22:10:08,29.0,SYS_XCU001_Memory,0,0
2025-07-02 22:10:09,29.0,SYS_XCU001_Memory,0,0
2025-07-02 22:10:10,29.0,SYS_XCU001_Memory,0,0
2025-07-02 22:10:11,29.0,SYS_XCU001_Memory,0,0
2025-07-02 22:10:12,29.0,SYS_XCU001_Memory,0,0
2025-07-02 22:10:13,29.0,SYS_XCU001_Memory,0,0
2025-07-02 22:10:14,29.0,SYS_XCU001_Memory,0,0
2025-07-02 22:10:15,29.0,SYS_XCU001_Memory,0,0
2025-07-02 22:10:16,29.0,SYS_XCU001_Memory,0,0
2025-07-02 22:10:17,29.0,SYS_XCU001_Memory,0,0
2025-07-02 22:10:18,29.0,SYS_XCU001_Memory,0,0
2025-07-02 22:10:19,29.0,SYS_XCU001_Memory,0,0
2025-07-02 22:10:20,29.0,SYS_XCU001_Memory,0,0
2025-07-02 22:10:21,29.0,SYS_XCU001_Memory,0,0
2025-07-02 22:10:22,29.0,SYS_XCU001_Memory,0,0
2025-07-02 22:10:23,29.0,SYS_XCU001_Memory,0,0
2025-07-02 22:10:24,29.0,SYS_XCU001_Memory,0,0
2025-07-02 22:10:25,29.0,SYS_XCU001_Memory,0,0
2025-07-02 22:10:26,29.0,SYS_XCU001_Memory,0,0
2025-07-02 22:10:27,29.0,SYS_XCU001_Memory,0,0
2025-07-02 22:10:28,29.0,SYS_XCU001_Memory,0,0
2025-07-02 22:10:29,29.0,SYS_XCU001_Memory,0,0
2025-07-02 22:10:30,29.0,SYS_XCU001_Memory,0,0
2025-07-02 22:10:31,29.0,SYS_XCU001_Memory,0,0
2025-07-02 22:10:32,29.0,SYS_XCU001_Memory,0,0
2025-07-02 22:10:33,29.0,SYS_XCU001_Memory,0,0
2025-07-02 22:10:34,29.0,SYS_XCU001_Memory,0,0
2025-07-02 22:10:35,29.0,SYS_XCU001_Memory,0,0
2025-07-02 22:10:36,29.0,SYS_XCU001_Memory,0,0
2025-07-02 22:10:37,29.0,SYS_XCU001_Memory,0,0
2025-07-02 22:10:38,29.0,SYS_XCU001_Memory,0,0
2025-07-02 22:10:39,29.0,SYS_XCU001_Memory,0,0
2025-07-02 22:10:40,29.0,SYS_XCU001_Memory,0,0
2025-07-02 22:10:41,29.0,SYS_XCU001_Memory,0,0
2025-07-02 22:10:42,29.0,SYS_XCU001_Memory,0,0
2025-07-02 22:10:43,29.0,SYS_XCU001_Memory,0,0
2025-07-02 22:10:44,29.0,SYS_XCU001_Memory,0,0
2025-07-02 22:10:45,29.0,SYS_XCU001_Memory,0,0
2025-07-02 22:10:46,29.0,SYS_XCU001_Memory,0,0
2025-07-02 22:10:47,29.0,SYS_XCU001_Memory,0,0
2025-07-02 22:10:48,29.0,SYS_XCU001_Memory,0,0
2025-07-02 22:10:49,29.0,SYS_XCU001_Memory,0,0
2025-07-02 22:10:50,29.0,SYS_XCU001_Memory,0,0
2025-07-02 22:10:51,29.0,SYS_XCU001_Memory,0,0
2025-07-02 22:10:52,29.0,SYS_XCU001_Memory,0,0
2025-07-02 22:10:53,29.0,SYS_XCU001_Memory,0,0
2025-07-02 22:10:54,29.0,SYS_XCU001_Memory,0,0
2025-07-02 22:10:55,29.0,SYS_XCU001_Memory,0,0
2025-07-02 22:10:56,29.0,SYS_XCU001_Memory,0,0
2025-07-02 22:10:57,29.0,SYS_XCU001_Memory,0,0
2025-07-02 22:10:58,29.0,SYS_XCU001_Memory,0,0
2025-07-02 22:10:59,29.0,SYS_XCU001_Memory,0,0
2025-07-02 22:11:00,29.0,SYS_XCU001_Memory,0,0
2025-07-02 22:11:01,29.0,SYS_XCU001_Memory,0,0
2025-07-02 22:11:02,29.0,SYS_XCU001_Memory,0,0
2025-07-02 22:11:03,29.0,SYS_XCU001_Memory,0,0
2025-07-02 22:11:04,29.0,SYS_XCU001_Memory,0,0
2025-07-02 22:11:05,29.0,SYS_XCU001_Memory,0,0
2025-07-02 22:11:06,29.0,SYS_XCU001_Memory,0,0
2025-07-02 22:11:07,29.0,SYS_XCU001_Memory,0,0
2025-07-02 22:11:08,29.0,SYS_XCU001_Memory,0,0
2025-07-02 22:11:09,29.0,SYS_XCU001_Memory,0,0
2025-07-02 22:11:10,29.0,SYS_XCU001_Memory,0,0
2025-07-02 22:11:11,29.0,SYS_XCU001_Memory,0,0
2025-07-02 22:11:12,29.0,SYS_XCU001_Memory,0,0
2025-07-02 22:11:13,29.0,SYS_XCU001_Memory,0,0
2025-07-02 22:11:14,29.0,SYS_XCU001_Memory,0,0
2025-07-02 22:11:15,29.0,SYS_XCU001_Memory,0,0
2025-07-02 22:11:16,29.0,SYS_XCU001_Memory,0,0
2025-07-02 22:11:17,29.0,SYS_XCU001_Memory,0,0
2025-07-02 22:11:18,29.0,SYS_XCU001_Memory,0,0
2025-07-02 22:11:19,29.0,SYS_XCU001_Memory,0,0
2025-07-02 22:11:20,29.0,SYS_XCU001_Memory,0,0
2025-07-02 22:11:21,29.0,SYS_XCU001_Memory,0,0
2025-07-02 22:11:22,29.0,SYS_XCU001_Memory,0,0
2025-07-02 22:11:23,29.0,SYS_XCU001_Memory,0,0
2025-07-02 22:11:24,29.0,SYS_XCU001_Memory,0,0
2025-07-02 22:11:25,29.0,SYS_XCU001_Memory,0,0
2025-07-02 22:11:26,29.0,SYS_XCU001_Memory,0,0
2025-07-02 22:11:27,29.0,SYS_XCU001_Memory,0,0
2025-07-02 22:11:28,29.0,SYS_XCU001_Memory,0,0
2025-07-02 22:11:29,29.0,SYS_XCU001_Memory,0,0
2025-07-02 22:11:30,29.0,SYS_XCU001_Memory,0,0
2025-07-02 22:11:31,29.0,SYS_XCU001_Memory,0,0
2025-07-02 22:11:32,29.0,SYS_XCU001_Memory,0,0
2025-07-02 22:11:33,29.0,SYS_XCU001_Memory,0,0
2025-07-02 22:11:34,29.0,SYS_XCU001_Memory,0,0
2025-07-02 22:11:35,29.0,SYS_XCU001_Memory,0,0
2025-07-02 22:11:36,29.0,SYS_XCU001_Memory,0,0
2025-07-02 22:11:37,29.0,SYS_XCU001_Memory,0,0
2025-07-02 22:11:38,29.0,SYS_XCU001_Memory,0,0
2025-07-02 22:11:39,29.0,SYS_XCU001_Memory,0,0
2025-07-02 22:11:40,29.0,SYS_XCU001_Memory,0,0
2025-07-02 22:11:41,29.0,SYS_XCU001_Memory,0,0
2025-07-02 22:11:42,29.0,SYS_XCU001_Memory,0,0
2025-07-02 22:11:43,29.0,SYS_XCU001_Memory,0,0
2025-07-02 22:11:44,29.0,SYS_XCU001_Memory,0,0
2025-07-02 22:11:45,29.0,SYS_XCU001_Memory,0,0
2025-07-02 22:11:46,29.0,SYS_XCU001_Memory,0,0
2025-07-02 22:11:47,29.0,SYS_XCU001_Memory,0,0
2025-07-02 22:11:48,29.0,SYS_XCU001_Memory,0,0
2025-07-02 22:11:49,29.0,SYS_XCU001_Memory,0,0
2025-07-02 22:11:50,29.0,SYS_XCU001_Memory,0,0
2025-07-02 22:11:51,29.0,SYS_XCU001_Memory,0,0
2025-07-02 22:11:52,29.0,SYS_XCU001_Memory,0,0
2025-07-02 22:11:53,29.0,SYS_XCU001_Memory,0,0
2025-07-02 22:11:54,29.0,SYS_XCU001_Memory,0,0
2025-07-02 22:11:55,29.0,SYS_XCU001_Memory,0,0
2025-07-02 22:11:56,29.0,SYS_XCU001_Memory,0,0
2025-07-02 22:11:57,29.0,SYS_XCU001_Memory,0,0
2025-07-02 22:11:58,29.0,SYS_XCU001_Memory,0,0
2025-07-02 22:11:59,29.0,SYS_XCU001_Memory,0,0
2025-07-02 22:12:00,29.0,SYS_XCU001_Memory,0,0
2025-07-02 22:12:01,29.0,SYS_XCU001_Memory,0,0
2025-07-02 22:12:02,29.0,SYS_XCU001_Memory,0,0
2025-07-02 22:12:03,29.0,SYS_XCU001_Memory,0,0
2025-07-02 22:12:04,29.0,SYS_XCU001_Memory,0,0
2025-07-02 22:12:05,29.0,SYS_XCU001_Memory,0,0
2025-07-02 22:12:06,29.0,SYS_XCU001_Memory,0,0
2025-07-02 22:12:07,29.0,SYS_XCU001_Memory,0,0
2025-07-02 22:12:08,29.0,SYS_XCU001_Memory,0,0
2025-07-02 22:12:09,29.0,SYS_XCU001_Memory,0,0
2025-07-02 22:12:10,29.0,SYS_XCU001_Memory,0,0
2025-07-02 22:12:11,29.0,SYS_XCU001_Memory,0,0
2025-07-02 22:12:12,29.0,SYS_XCU001_Memory,0,0
2025-07-02 22:12:13,29.0,SYS_XCU001_Memory,0,0
2025-07-02 22:12:14,29.0,SYS_XCU001_Memory,0,0
2025-07-02 22:12:15,29.0,SYS_XCU001_Memory,0,0
2025-07-02 22:12:16,29.0,SYS_XCU001_Memory,0,0
2025-07-02 22:12:17,29.0,SYS_XCU001_Memory,0,0
2025-07-02 22:12:18,29.0,SYS_XCU001_Memory,0,0
2025-07-02 22:12:19,29.0,SYS_XCU001_Memory,0,0
2025-07-02 22:12:20,29.0,SYS_XCU001_Memory,0,0
2025-07-02 22:12:21,29.0,SYS_XCU001_Memory,0,0
2025-07-02 22:12:22,29.0,SYS_XCU001_Memory,0,0
2025-07-02 22:12:23,29.0,SYS_XCU001_Memory,0,0
2025-07-02 22:12:24,29.0,SYS_XCU001_Memory,0,0
2025-07-02 22:12:25,29.0,SYS_XCU001_Memory,0,0
2025-07-02 22:12:26,29.0,SYS_XCU001_Memory,0,0
2025-07-02 22:12:27,29.0,SYS_XCU001_Memory,0,0
2025-07-02 22:12:28,29.0,SYS_XCU001_Memory,0,0
2025-07-02 22:12:29,29.0,SYS_XCU001_Memory,0,0
2025-07-02 22:12:30,29.0,SYS_XCU001_Memory,0,0
2025-07-02 22:12:31,29.0,SYS_XCU001_Memory,0,0
2025-07-02 22:12:32,29.0,SYS_XCU001_Memory,0,0
2025-07-02 22:12:33,29.0,SYS_XCU001_Memory,0,0
2025-07-02 22:12:34,29.0,SYS_XCU001_Memory,0,0
2025-07-02 22:12:35,29.0,SYS_XCU001_Memory,0,0
2025-07-02 22:12:36,29.0,SYS_XCU001_Memory,0,0
2025-07-02 22:12:37,29.0,SYS_XCU001_Memory,0,0
2025-07-02 22:12:38,29.0,SYS_XCU001_Memory,0,0
2025-07-02 22:12:39,29.0,SYS_XCU001_Memory,0,0
2025-07-02 22:12:40,29.0,SYS_XCU001_Memory,0,0
2025-07-02 22:12:41,29.0,SYS_XCU001_Memory,0,0
2025-07-02 22:12:42,29.0,SYS_XCU001_Memory,0,0
2025-07-02 22:12:43,29.0,SYS_XCU001_Memory,0,0
2025-07-02 22:12:44,29.0,SYS_XCU001_Memory,0,0
2025-07-02 22:12:45,29.0,SYS_XCU001_Memory,0,0
2025-07-02 22:12:46,29.0,SYS_XCU001_Memory,0,0
2025-07-02 22:12:47,29.0,SYS_XCU001_Memory,0,0
2025-07-02 22:12:48,29.0,SYS_XCU001_Memory,0,0
2025-07-02 22:12:49,29.0,SYS_XCU001_Memory,0,0
2025-07-02 22:12:50,29.0,SYS_XCU001_Memory,0,0
2025-07-02 22:12:51,29.0,SYS_XCU001_Memory,0,0
2025-07-02 22:12:52,29.0,SYS_XCU001_Memory,0,0
2025-07-02 22:12:53,29.0,SYS_XCU001_Memory,0,0
2025-07-02 22:12:54,29.0,SYS_XCU001_Memory,0,0
2025-07-02 22:12:55,29.0,SYS_XCU001_Memory,0,0
2025-07-02 22:12:56,29.0,SYS_XCU001_Memory,0,0
2025-07-02 22:12:57,29.0,SYS_XCU001_Memory,0,0
2025-07-02 22:12:58,29.0,SYS_XCU001_Memory,0,0
2025-07-02 22:12:59,29.0,SYS_XCU001_Memory,0,0
2025-07-02 22:13:00,29.0,SYS_XCU001_Memory,0,0
2025-07-02 22:13:01,29.0,SYS_XCU001_Memory,0,0
2025-07-02 22:13:02,29.0,SYS_XCU001_Memory,0,0
2025-07-02 22:13:03,29.0,SYS_XCU001_Memory,0,0
2025-07-02 22:13:04,29.0,SYS_XCU001_Memory,0,0
2025-07-02 22:13:05,29.0,SYS_XCU001_Memory,0,0
2025-07-02 22:13:06,29.0,SYS_XCU001_Memory,0,0
2025-07-02 22:13:07,29.0,SYS_XCU001_Memory,0,0
2025-07-02 22:13:08,29.0,SYS_XCU001_Memory,0,0
2025-07-02 22:13:09,29.0,SYS_XCU001_Memory,0,0
2025-07-02 22:13:10,29.0,SYS_XCU001_Memory,0,0
2025-07-02 22:13:11,29.0,SYS_XCU001_Memory,0,0
2025-07-02 22:13:12,29.0,SYS_XCU001_Memory,0,0
2025-07-02 22:13:13,29.0,SYS_XCU001_Memory,0,0
2025-07-02 22:13:14,29.0,SYS_XCU001_Memory,0,0
2025-07-02 22:13:15,29.0,SYS_XCU001_Memory,0,0
2025-07-02 22:13:16,29.0,SYS_XCU001_Memory,0,0
2025-07-02 22:13:17,29.0,SYS_XCU001_Memory,0,0
2025-07-02 22:13:18,29.0,SYS_XCU001_Memory,0,0
2025-07-02 22:13:19,29.0,SYS_XCU001_Memory,0,0
2025-07-02 22:13:20,29.0,SYS_XCU001_Memory,0,0
2025-07-02 22:13:21,29.0,SYS_XCU001_Memory,0,0
2025-07-02 22:13:22,29.0,SYS_XCU001_Memory,0,0
2025-07-02 22:13:23,29.0,SYS_XCU001_Memory,0,0
2025-07-02 22:13:24,29.0,SYS_XCU001_Memory,0,0
2025-07-02 22:13:25,29.0,SYS_XCU001_Memory,0,0
2025-07-02 22:13:26,29.0,SYS_XCU001_Memory,0,0
2025-07-02 22:13:27,29.0,SYS_XCU001_Memory,0,0
2025-07-02 22:13:28,29.0,SYS_XCU001_Memory,0,0
2025-07-02 22:13:29,29.0,SYS_XCU001_Memory,0,0
2025-07-02 22:13:30,29.0,SYS_XCU001_Memory,0,0
2025-07-02 22:13:31,29.0,SYS_XCU001_Memory,0,0
2025-07-02 22:13:32,29.0,SYS_XCU001_Memory,0,0
2025-07-02 22:13:33,29.0,SYS_XCU001_Memory,0,0
2025-07-02 22:13:34,29.0,SYS_XCU001_Memory,0,0
2025-07-02 22:13:35,29.0,SYS_XCU001_Memory,0,0
2025-07-02 22:13:36,29.0,SYS_XCU001_Memory,0,0
2025-07-02 22:13:37,29.0,SYS_XCU001_Memory,0,0
2025-07-02 22:13:38,29.0,SYS_XCU001_Memory,0,0
2025-07-02 22:13:39,29.0,SYS_XCU001_Memory,0,0
2025-07-02 22:13:40,29.0,SYS_XCU001_Memory,0,0
2025-07-02 22:13:41,29.0,SYS_XCU001_Memory,0,0
2025-07-02 22:13:42,29.0,SYS_XCU001_Memory,0,0
2025-07-02 22:13:43,29.0,SYS_XCU001_Memory,0,0
2025-07-02 22:13:44,29.0,SYS_XCU001_Memory,0,0
2025-07-02 22:13:45,29.0,SYS_XCU001_Memory,0,0
2025-07-02 22:13:46,29.0,SYS_XCU001_Memory,0,0
2025-07-02 22:13:47,29.0,SYS_XCU001_Memory,0,0
2025-07-02 22:13:48,29.0,SYS_XCU001_Memory,0,0
2025-07-02 22:13:49,29.0,SYS_XCU001_Memory,0,0
2025-07-02 22:13:50,29.0,SYS_XCU001_Memory,0,0
2025-07-02 22:13:51,29.0,SYS_XCU001_Memory,0,0
2025-07-02 22:13:52,29.0,SYS_XCU001_Memory,0,0
2025-07-02 22:13:53,29.0,SYS_XCU001_Memory,0,0
2025-07-02 22:13:54,29.0,SYS_XCU001_Memory,0,0
2025-07-02 22:13:55,29.0,SYS_XCU001_Memory,0,0
2025-07-02 22:13:56,29.0,SYS_XCU001_Memory,0,0
2025-07-02 22:13:57,29.0,SYS_XCU001_Memory,0,0
2025-07-02 22:13:58,29.0,SYS_XCU001_Memory,0,0
2025-07-02 22:13:59,29.0,SYS_XCU001_Memory,0,0
2025-07-02 22:14:00,29.0,SYS_XCU001_Memory,0,0
2025-07-02 22:14:01,29.0,SYS_XCU001_Memory,0,0
2025-07-02 22:14:02,29.0,SYS_XCU001_Memory,0,0
2025-07-02 22:14:03,29.0,SYS_XCU001_Memory,0,0
2025-07-02 22:14:04,29.0,SYS_XCU001_Memory,0,0
2025-07-02 22:14:05,29.0,SYS_XCU001_Memory,0,0
2025-07-02 22:14:06,29.0,SYS_XCU001_Memory,0,0
2025-07-02 22:14:07,29.0,SYS_XCU001_Memory,0,0
2025-07-02 22:14:08,29.0,SYS_XCU001_Memory,0,0
2025-07-02 22:14:09,29.0,SYS_XCU001_Memory,0,0
2025-07-02 22:14:10,29.0,SYS_XCU001_Memory,0,0
2025-07-02 22:14:11,29.0,SYS_XCU001_Memory,0,0
2025-07-02 22:14:12,29.0,SYS_XCU001_Memory,0,0
2025-07-02 22:14:13,29.0,SYS_XCU001_Memory,0,0
2025-07-02 22:14:14,29.0,SYS_XCU001_Memory,0,0
2025-07-02 22:14:15,29.0,SYS_XCU001_Memory,0,0
2025-07-02 22:14:16,29.0,SYS_XCU001_Memory,0,0
2025-07-02 22:14:17,29.0,SYS_XCU001_Memory,0,0
2025-07-02 22:14:18,29.0,SYS_XCU001_Memory,0,0
2025-07-02 22:14:19,29.0,SYS_XCU001_Memory,0,0
2025-07-02 22:14:20,29.0,SYS_XCU001_Memory,0,0
2025-07-02 22:14:21,29.0,SYS_XCU001_Memory,0,0
2025-07-02 22:14:22,29.0,SYS_XCU001_Memory,0,0
2025-07-02 22:14:23,29.0,SYS_XCU001_Memory,0,0
2025-07-02 22:14:24,29.0,SYS_XCU001_Memory,0,0
2025-07-02 22:14:25,29.0,SYS_XCU001_Memory,0,0
2025-07-02 22:14:26,29.0,SYS_XCU001_Memory,0,0
2025-07-02 22:14:27,29.0,SYS_XCU001_Memory,0,0
2025-07-02 22:14:28,29.0,SYS_XCU001_Memory,0,0
2025-07-02 22:14:29,29.0,SYS_XCU001_Memory,0,0
2025-07-02 22:14:30,29.0,SYS_XCU001_Memory,0,0
2025-07-02 22:14:31,29.0,SYS_XCU001_Memory,0,0
2025-07-02 22:14:32,29.0,SYS_XCU001_Memory,0,0
2025-07-02 22:14:33,29.0,SYS_XCU001_Memory,0,0
2025-07-02 22:14:34,29.0,SYS_XCU001_Memory,0,0
2025-07-02 22:14:35,29.0,SYS_XCU001_Memory,0,0
2025-07-02 22:14:36,29.0,SYS_XCU001_Memory,0,0
2025-07-02 22:14:37,29.0,SYS_XCU001_Memory,0,0
2025-07-02 22:14:38,29.0,SYS_XCU001_Memory,0,0
2025-07-02 22:14:39,29.0,SYS_XCU001_Memory,0,0
2025-07-02 22:14:40,29.0,SYS_XCU001_Memory,0,0
2025-07-02 22:14:41,29.0,SYS_XCU001_Memory,0,0
2025-07-02 22:14:42,29.0,SYS_XCU001_Memory,0,0
2025-07-02 22:14:43,29.0,SYS_XCU001_Memory,0,0
2025-07-02 22:14:44,29.0,SYS_XCU001_Memory,0,0
2025-07-02 22:14:45,29.0,SYS_XCU001_Memory,0,0
2025-07-02 22:14:46,29.0,SYS_XCU001_Memory,0,0
2025-07-02 22:14:47,29.0,SYS_XCU001_Memory,0,0
2025-07-02 22:14:48,29.0,SYS_XCU001_Memory,0,0
2025-07-02 22:14:49,29.0,SYS_XCU001_Memory,0,0
2025-07-02 22:14:50,29.0,SYS_XCU001_Memory,0,0
2025-07-02 22:14:51,29.0,SYS_XCU001_Memory,0,0
2025-07-02 22:14:52,29.0,SYS_XCU001_Memory,0,0
2025-07-02 22:14:53,29.0,SYS_XCU001_Memory,0,0
2025-07-02 22:14:54,29.0,SYS_XCU001_Memory,0,0
2025-07-02 22:14:55,29.0,SYS_XCU001_Memory,0,0
2025-07-02 22:14:56,29.0,SYS_XCU001_Memory,0,0
2025-07-02 22:14:57,29.0,SYS_XCU001_Memory,0,0
2025-07-02 22:14:58,29.0,SYS_XCU001_Memory,0,0
2025-07-02 22:14:59,29.0,SYS_XCU001_Memory,0,0
2025-07-02 22:15:00,29.0,SYS_XCU001_Memory,0,0
2025-07-02 22:15:01,29.0,SYS_XCU001_Memory,0,0
2025-07-02 22:15:02,29.0,SYS_XCU001_Memory,0,0
2025-07-02 22:15:03,29.0,SYS_XCU001_Memory,0,0
2025-07-02 22:15:04,29.0,SYS_XCU001_Memory,0,0
2025-07-02 22:15:05,29.0,SYS_XCU001_Memory,0,0
2025-07-02 22:15:06,29.0,SYS_XCU001_Memory,0,0
2025-07-02 22:15:07,29.0,SYS_XCU001_Memory,0,0
2025-07-02 22:15:08,29.0,SYS_XCU001_Memory,0,0
2025-07-02 22:15:09,29.0,SYS_XCU001_Memory,0,0
2025-07-02 22:15:10,29.0,SYS_XCU001_Memory,0,0
2025-07-02 22:15:11,29.0,SYS_XCU001_Memory,0,0
2025-07-02 22:15:12,29.0,SYS_XCU001_Memory,0,0
2025-07-02 22:15:13,29.0,SYS_XCU001_Memory,0,0
2025-07-02 22:15:14,29.0,SYS_XCU001_Memory,0,0
2025-07-02 22:15:15,29.0,SYS_XCU001_Memory,0,0
2025-07-02 22:15:16,29.0,SYS_XCU001_Memory,0,0
2025-07-02 22:15:17,29.0,SYS_XCU001_Memory,0,0
2025-07-02 22:15:18,29.0,SYS_XCU001_Memory,0,0
2025-07-02 22:15:19,29.0,SYS_XCU001_Memory,0,0
2025-07-02 22:15:20,29.0,SYS_XCU001_Memory,0,0
2025-07-02 22:15:21,29.0,SYS_XCU001_Memory,0,0
2025-07-02 22:15:22,29.0,SYS_XCU001_Memory,0,0
2025-07-02 22:15:23,29.0,SYS_XCU001_Memory,0,0
2025-07-02 22:15:24,29.0,SYS_XCU001_Memory,0,0
2025-07-02 22:15:25,29.0,SYS_XCU001_Memory,0,0
2025-07-02 22:15:26,29.0,SYS_XCU001_Memory,0,0
2025-07-02 22:15:27,29.0,SYS_XCU001_Memory,0,0
2025-07-02 22:15:28,29.0,SYS_XCU001_Memory,0,0
2025-07-02 22:15:29,29.0,SYS_XCU001_Memory,0,0
2025-07-02 22:15:30,29.0,SYS_XCU001_Memory,0,0
2025-07-02 22:15:31,29.0,SYS_XCU001_Memory,0,0
2025-07-02 22:15:32,29.0,SYS_XCU001_Memory,0,0
2025-07-02 22:15:33,29.0,SYS_XCU001_Memory,0,0
2025-07-02 22:15:34,29.0,SYS_XCU001_Memory,0,0
2025-07-02 22:15:35,29.0,SYS_XCU001_Memory,0,0
2025-07-02 22:15:36,29.0,SYS_XCU001_Memory,0,0
2025-07-02 22:15:37,29.0,SYS_XCU001_Memory,0,0
2025-07-02 22:15:38,29.0,SYS_XCU001_Memory,0,0
2025-07-02 22:15:39,29.0,SYS_XCU001_Memory,0,0
2025-07-02 22:15:40,29.0,SYS_XCU001_Memory,0,0
2025-07-02 22:15:41,29.0,SYS_XCU001_Memory,0,0
2025-07-02 22:15:42,29.0,SYS_XCU001_Memory,0,0
2025-07-02 22:15:43,29.0,SYS_XCU001_Memory,0,0
2025-07-02 22:15:44,29.0,SYS_XCU001_Memory,0,0
2025-07-02 22:15:45,29.0,SYS_XCU001_Memory,0,0
2025-07-02 22:15:46,29.0,SYS_XCU001_Memory,0,0
2025-07-02 22:15:47,29.0,SYS_XCU001_Memory,0,0
2025-07-02 22:15:48,29.0,SYS_XCU001_Memory,0,0
2025-07-02 22:15:49,29.0,SYS_XCU001_Memory,0,0
2025-07-02 22:15:50,29.0,SYS_XCU001_Memory,0,0
2025-07-02 22:15:51,29.0,SYS_XCU001_Memory,0,0
2025-07-02 22:15:52,29.0,SYS_XCU001_Memory,0,0
2025-07-02 22:15:53,29.0,SYS_XCU001_Memory,0,0
2025-07-02 22:15:54,29.0,SYS_XCU001_Memory,0,0
2025-07-02 22:15:55,29.0,SYS_XCU001_Memory,0,0
2025-07-02 22:15:56,29.0,SYS_XCU001_Memory,0,0
2025-07-02 22:15:57,29.0,SYS_XCU001_Memory,0,0
2025-07-02 22:15:58,29.0,SYS_XCU001_Memory,0,0
2025-07-02 22:15:59,29.0,SYS_XCU001_Memory,0,0
2025-07-02 22:16:00,29.0,SYS_XCU001_Memory,0,0
2025-07-02 22:16:01,29.0,SYS_XCU001_Memory,0,0
2025-07-02 22:16:02,29.0,SYS_XCU001_Memory,0,0
2025-07-02 22:16:03,29.0,SYS_XCU001_Memory,0,0
2025-07-02 22:16:04,29.0,SYS_XCU001_Memory,0,0
2025-07-02 22:16:05,29.0,SYS_XCU001_Memory,0,0
2025-07-02 22:16:06,29.0,SYS_XCU001_Memory,0,0
2025-07-02 22:16:07,29.0,SYS_XCU001_Memory,0,0
2025-07-02 22:16:08,29.0,SYS_XCU001_Memory,0,0
2025-07-02 22:16:09,29.0,SYS_XCU001_Memory,0,0
2025-07-02 22:16:10,29.0,SYS_XCU001_Memory,0,0
2025-07-02 22:16:11,29.0,SYS_XCU001_Memory,0,0
2025-07-02 22:16:12,29.0,SYS_XCU001_Memory,0,0
2025-07-02 22:16:13,29.0,SYS_XCU001_Memory,0,0
2025-07-02 22:16:14,29.0,SYS_XCU001_Memory,0,0
2025-07-02 22:16:15,29.0,SYS_XCU001_Memory,0,0
2025-07-02 22:16:16,29.0,SYS_XCU001_Memory,0,0
2025-07-02 22:16:17,29.0,SYS_XCU001_Memory,0,0
2025-07-02 22:16:18,29.0,SYS_XCU001_Memory,0,0
2025-07-02 22:16:19,29.0,SYS_XCU001_Memory,0,0
2025-07-02 22:16:20,29.0,SYS_XCU001_Memory,0,0
2025-07-02 22:16:21,29.0,SYS_XCU001_Memory,0,0
2025-07-02 22:16:22,29.0,SYS_XCU001_Memory,0,0
2025-07-02 22:16:23,29.0,SYS_XCU001_Memory,0,0
2025-07-02 22:16:24,29.0,SYS_XCU001_Memory,0,0
2025-07-02 22:16:25,29.0,SYS_XCU001_Memory,0,0
2025-07-02 22:16:26,29.0,SYS_XCU001_Memory,0,0
2025-07-02 22:16:27,29.0,SYS_XCU001_Memory,0,0
2025-07-02 22:16:28,29.0,SYS_XCU001_Memory,0,0
2025-07-02 22:16:29,29.0,SYS_XCU001_Memory,0,0
2025-07-02 22:16:30,29.0,SYS_XCU001_Memory,0,0
2025-07-02 22:16:31,29.0,SYS_XCU001_Memory,0,0
2025-07-02 22:16:32,29.0,SYS_XCU001_Memory,0,0
2025-07-02 22:16:33,29.0,SYS_XCU001_Memory,0,0
2025-07-02 22:16:34,29.0,SYS_XCU001_Memory,0,0
2025-07-02 22:16:35,29.0,SYS_XCU001_Memory,0,0
2025-07-02 22:16:36,29.0,SYS_XCU001_Memory,0,0
2025-07-02 22:16:37,29.0,SYS_XCU001_Memory,0,0
2025-07-02 22:16:38,29.0,SYS_XCU001_Memory,0,0
2025-07-02 22:16:39,29.0,SYS_XCU001_Memory,0,0
2025-07-02 22:16:40,29.0,SYS_XCU001_Memory,0,0
2025-07-02 22:16:41,29.0,SYS_XCU001_Memory,0,0
2025-07-02 22:16:42,29.0,SYS_XCU001_Memory,0,0
2025-07-02 22:16:43,29.0,SYS_XCU001_Memory,0,0
2025-07-02 22:16:44,29.0,SYS_XCU001_Memory,0,0
2025-07-02 22:16:45,29.0,SYS_XCU001_Memory,0,0
2025-07-02 22:16:46,29.0,SYS_XCU001_Memory,0,0
2025-07-02 22:16:47,29.0,SYS_XCU001_Memory,0,0
2025-07-02 22:16:48,29.0,SYS_XCU001_Memory,0,0
2025-07-02 22:16:49,29.0,SYS_XCU001_Memory,0,0
2025-07-02 22:16:50,29.0,SYS_XCU001_Memory,0,0
2025-07-02 22:16:51,29.0,SYS_XCU001_Memory,0,0
2025-07-02 22:16:52,29.0,SYS_XCU001_Memory,0,0
2025-07-02 22:16:53,29.0,SYS_XCU001_Memory,0,0
2025-07-02 22:16:54,29.0,SYS_XCU001_Memory,0,0
2025-07-02 22:16:55,29.0,SYS_XCU001_Memory,0,0
2025-07-02 22:16:56,29.0,SYS_XCU001_Memory,0,0
2025-07-02 22:16:57,29.0,SYS_XCU001_Memory,0,0
2025-07-02 22:16:58,29.0,SYS_XCU001_Memory,0,0
2025-07-02 22:16:59,29.0,SYS_XCU001_Memory,0,0
2025-07-02 22:17:00,29.0,SYS_XCU001_Memory,0,0
2025-07-02 22:17:01,29.0,SYS_XCU001_Memory,0,0
2025-07-02 22:17:02,29.0,SYS_XCU001_Memory,0,0
2025-07-02 22:17:03,29.0,SYS_XCU001_Memory,0,0
2025-07-02 22:17:04,29.0,SYS_XCU001_Memory,0,0
2025-07-02 22:17:05,29.0,SYS_XCU001_Memory,0,0
2025-07-02 22:17:06,29.0,SYS_XCU001_Memory,0,0
2025-07-02 22:17:07,29.0,SYS_XCU001_Memory,0,0
2025-07-02 22:17:08,29.0,SYS_XCU001_Memory,0,0
2025-07-02 22:17:09,29.0,SYS_XCU001_Memory,0,0
2025-07-02 22:17:10,29.0,SYS_XCU001_Memory,0,0
2025-07-02 22:17:11,29.0,SYS_XCU001_Memory,0,0
2025-07-02 22:17:12,29.0,SYS_XCU001_Memory,0,0
2025-07-02 22:17:13,29.0,SYS_XCU001_Memory,0,0
2025-07-02 22:17:14,29.0,SYS_XCU001_Memory,0,0
2025-07-02 22:17:15,29.0,SYS_XCU001_Memory,0,0
2025-07-02 22:17:16,29.0,SYS_XCU001_Memory,0,0
2025-07-02 22:17:17,29.0,SYS_XCU001_Memory,0,0
2025-07-02 22:17:18,29.0,SYS_XCU001_Memory,0,0
2025-07-02 22:17:19,29.0,SYS_XCU001_Memory,0,0
2025-07-02 22:17:20,29.0,SYS_XCU001_Memory,0,0
2025-07-02 22:17:21,29.0,SYS_XCU001_Memory,0,0
2025-07-02 22:17:22,29.0,SYS_XCU001_Memory,0,0
2025-07-02 22:17:23,29.0,SYS_XCU001_Memory,0,0
2025-07-02 22:17:24,29.0,SYS_XCU001_Memory,0,0
2025-07-02 22:17:25,29.0,SYS_XCU001_Memory,0,0
2025-07-02 22:17:26,29.0,SYS_XCU001_Memory,0,0
2025-07-02 22:17:27,29.0,SYS_XCU001_Memory,0,0
2025-07-02 22:17:28,29.0,SYS_XCU001_Memory,0,0
2025-07-02 22:17:29,29.0,SYS_XCU001_Memory,0,0
2025-07-02 22:17:30,29.0,SYS_XCU001_Memory,0,0
2025-07-02 22:17:31,29.0,SYS_XCU001_Memory,0,0
2025-07-02 22:17:32,29.0,SYS_XCU001_Memory,0,0
2025-07-02 22:17:33,29.0,SYS_XCU001_Memory,0,0
2025-07-02 22:17:34,29.0,SYS_XCU001_Memory,0,0
2025-07-02 22:17:35,29.0,SYS_XCU001_Memory,0,0
2025-07-02 22:17:36,29.0,SYS_XCU001_Memory,0,0
2025-07-02 22:17:37,29.0,SYS_XCU001_Memory,0,0
2025-07-02 22:17:38,29.0,SYS_XCU001_Memory,0,0
2025-07-02 22:17:39,29.0,SYS_XCU001_Memory,0,0
2025-07-02 22:17:40,29.0,SYS_XCU001_Memory,0,0
2025-07-02 22:17:41,29.0,SYS_XCU001_Memory,0,0
2025-07-02 22:17:42,29.0,SYS_XCU001_Memory,0,0
2025-07-02 22:17:43,29.0,SYS_XCU001_Memory,0,0
2025-07-02 22:17:44,29.0,SYS_XCU001_Memory,0,0
2025-07-02 22:17:45,29.0,SYS_XCU001_Memory,0,0
2025-07-02 22:17:46,29.0,SYS_XCU001_Memory,0,0
2025-07-02 22:17:47,29.0,SYS_XCU001_Memory,0,0
2025-07-02 22:17:48,29.0,SYS_XCU001_Memory,0,0
2025-07-02 22:17:49,29.0,SYS_XCU001_Memory,0,0
2025-07-02 22:17:50,29.0,SYS_XCU001_Memory,0,0
2025-07-02 22:17:51,29.0,SYS_XCU001_Memory,0,0
2025-07-02 22:17:52,29.0,SYS_XCU001_Memory,0,0
2025-07-02 22:17:53,29.0,SYS_XCU001_Memory,0,0
2025-07-02 22:17:54,29.0,SYS_XCU001_Memory,0,0
2025-07-02 22:17:55,29.0,SYS_XCU001_Memory,0,0
2025-07-02 22:17:56,29.0,SYS_XCU001_Memory,0,0
2025-07-02 22:17:57,29.0,SYS_XCU001_Memory,0,0
2025-07-02 22:17:58,29.0,SYS_XCU001_Memory,0,0
2025-07-02 22:17:59,29.0,SYS_XCU001_Memory,0,0
2025-07-02 22:18:00,29.0,SYS_XCU001_Memory,0,0
2025-07-02 22:18:01,29.0,SYS_XCU001_Memory,0,0
2025-07-02 22:18:02,29.0,SYS_XCU001_Memory,0,0
2025-07-02 22:18:03,29.0,SYS_XCU001_Memory,0,0
2025-07-02 22:18:04,29.0,SYS_XCU001_Memory,0,0
2025-07-02 22:18:05,29.0,SYS_XCU001_Memory,0,0
2025-07-02 22:18:06,29.0,SYS_XCU001_Memory,0,0
2025-07-02 22:18:07,29.0,SYS_XCU001_Memory,0,0
2025-07-02 22:18:08,29.0,SYS_XCU001_Memory,0,0
2025-07-02 22:18:09,29.0,SYS_XCU001_Memory,0,0
2025-07-02 22:18:10,29.0,SYS_XCU001_Memory,0,0
2025-07-02 22:18:11,29.0,SYS_XCU001_Memory,0,0
2025-07-02 22:18:12,29.0,SYS_XCU001_Memory,0,0
2025-07-02 22:18:13,29.0,SYS_XCU001_Memory,0,0
2025-07-02 22:18:14,29.0,SYS_XCU001_Memory,0,0
2025-07-02 22:18:15,29.0,SYS_XCU001_Memory,0,0
2025-07-02 22:18:16,29.0,SYS_XCU001_Memory,0,0
2025-07-02 22:18:17,29.0,SYS_XCU001_Memory,0,0
2025-07-02 22:18:18,29.0,SYS_XCU001_Memory,0,0
2025-07-02 22:18:19,29.0,SYS_XCU001_Memory,0,0
2025-07-02 22:18:20,29.0,SYS_XCU001_Memory,0,0
2025-07-02 22:18:21,29.0,SYS_XCU001_Memory,0,0
2025-07-02 22:18:22,29.0,SYS_XCU001_Memory,0,0
2025-07-02 22:18:23,29.0,SYS_XCU001_Memory,0,0
2025-07-02 22:18:24,29.0,SYS_XCU001_Memory,0,0
2025-07-02 22:18:25,29.0,SYS_XCU001_Memory,0,0
2025-07-02 22:18:26,29.0,SYS_XCU001_Memory,0,0
2025-07-02 22:18:27,29.0,SYS_XCU001_Memory,0,0
2025-07-02 22:18:28,29.0,SYS_XCU001_Memory,0,0
2025-07-02 22:18:29,29.0,SYS_XCU001_Memory,0,0
2025-07-02 22:18:30,29.0,SYS_XCU001_Memory,0,0
2025-07-02 22:18:31,29.0,SYS_XCU001_Memory,0,0
2025-07-02 22:18:32,29.0,SYS_XCU001_Memory,0,0
2025-07-02 22:18:33,29.0,SYS_XCU001_Memory,0,0
2025-07-02 22:18:34,29.0,SYS_XCU001_Memory,0,0
2025-07-02 22:18:35,29.0,SYS_XCU001_Memory,0,0
2025-07-02 22:18:36,29.0,SYS_XCU001_Memory,0,0
2025-07-02 22:18:37,29.0,SYS_XCU001_Memory,0,0
2025-07-02 22:18:38,29.0,SYS_XCU001_Memory,0,0
2025-07-02 22:18:39,29.0,SYS_XCU001_Memory,0,0
2025-07-02 22:18:40,29.0,SYS_XCU001_Memory,0,0
2025-07-02 22:18:41,29.0,SYS_XCU001_Memory,0,0
2025-07-02 22:18:42,29.0,SYS_XCU001_Memory,0,0
2025-07-02 22:18:43,29.0,SYS_XCU001_Memory,0,0
2025-07-02 22:18:44,29.0,SYS_XCU001_Memory,0,0
2025-07-02 22:18:45,29.0,SYS_XCU001_Memory,0,0
2025-07-02 22:18:46,29.0,SYS_XCU001_Memory,0,0
2025-07-02 22:18:47,29.0,SYS_XCU001_Memory,0,0
2025-07-02 22:18:48,29.0,SYS_XCU001_Memory,0,0
2025-07-02 22:18:49,29.0,SYS_XCU001_Memory,0,0
2025-07-02 22:18:50,29.0,SYS_XCU001_Memory,0,0
2025-07-02 22:18:51,29.0,SYS_XCU001_Memory,0,0
2025-07-02 22:18:52,29.0,SYS_XCU001_Memory,0,0
2025-07-02 22:18:53,29.0,SYS_XCU001_Memory,0,0
2025-07-02 22:18:54,29.0,SYS_XCU001_Memory,0,0
2025-07-02 22:18:55,29.0,SYS_XCU001_Memory,0,0
2025-07-02 22:18:56,29.0,SYS_XCU001_Memory,0,0
2025-07-02 22:18:57,29.0,SYS_XCU001_Memory,0,0
2025-07-02 22:18:58,29.0,SYS_XCU001_Memory,0,0
2025-07-02 22:18:59,29.0,SYS_XCU001_Memory,0,0
2025-07-02 22:19:00,29.0,SYS_XCU001_Memory,0,0
2025-07-02 22:19:01,29.0,SYS_XCU001_Memory,0,0
2025-07-02 22:19:02,29.0,SYS_XCU001_Memory,0,0
2025-07-02 22:19:03,29.0,SYS_XCU001_Memory,0,0
2025-07-02 22:19:04,29.0,SYS_XCU001_Memory,0,0
2025-07-02 22:19:05,29.0,SYS_XCU001_Memory,0,0
2025-07-02 22:19:06,29.0,SYS_XCU001_Memory,0,0
2025-07-02 22:19:07,29.0,SYS_XCU001_Memory,0,0
2025-07-02 22:19:08,29.0,SYS_XCU001_Memory,0,0
2025-07-02 22:19:09,29.0,SYS_XCU001_Memory,0,0
2025-07-02 22:19:10,29.0,SYS_XCU001_Memory,0,0
2025-07-02 22:19:11,29.0,SYS_XCU001_Memory,0,0
2025-07-02 22:19:12,29.0,SYS_XCU001_Memory,0,0
2025-07-02 22:19:13,29.0,SYS_XCU001_Memory,0,0
2025-07-02 22:19:14,29.0,SYS_XCU001_Memory,0,0
2025-07-02 22:19:15,29.0,SYS_XCU001_Memory,0,0
2025-07-02 22:19:16,29.0,SYS_XCU001_Memory,0,0
2025-07-02 22:19:17,29.0,SYS_XCU001_Memory,0,0
2025-07-02 22:19:18,29.0,SYS_XCU001_Memory,0,0
2025-07-02 22:19:19,29.0,SYS_XCU001_Memory,0,0
2025-07-02 22:19:20,29.0,SYS_XCU001_Memory,0,0
2025-07-02 22:19:21,29.0,SYS_XCU001_Memory,0,0
2025-07-02 22:19:22,29.0,SYS_XCU001_Memory,0,0
2025-07-02 22:19:23,29.0,SYS_XCU001_Memory,0,0
2025-07-02 22:19:24,29.0,SYS_XCU001_Memory,0,0
2025-07-02 22:19:25,29.0,SYS_XCU001_Memory,0,0
2025-07-02 22:19:26,29.0,SYS_XCU001_Memory,0,0
2025-07-02 22:19:27,29.0,SYS_XCU001_Memory,0,0
2025-07-02 22:19:28,29.0,SYS_XCU001_Memory,0,0
2025-07-02 22:19:29,29.0,SYS_XCU001_Memory,0,0
2025-07-02 22:19:30,29.0,SYS_XCU001_Memory,0,0
2025-07-02 22:19:31,29.0,SYS_XCU001_Memory,0,0
2025-07-02 22:19:32,29.0,SYS_XCU001_Memory,0,0
2025-07-02 22:19:33,29.0,SYS_XCU001_Memory,0,0
2025-07-02 22:19:34,29.0,SYS_XCU001_Memory,0,0
2025-07-02 22:19:35,29.0,SYS_XCU001_Memory,0,0
2025-07-02 22:19:36,29.0,SYS_XCU001_Memory,0,0
2025-07-02 22:19:37,29.0,SYS_XCU001_Memory,0,0
2025-07-02 22:19:38,29.0,SYS_XCU001_Memory,0,0
2025-07-02 22:19:39,29.0,SYS_XCU001_Memory,0,0
2025-07-02 22:19:40,29.0,SYS_XCU001_Memory,0,0
2025-07-02 22:19:41,29.0,SYS_XCU001_Memory,0,0
2025-07-02 22:19:42,29.0,SYS_XCU001_Memory,0,0
2025-07-02 22:19:43,29.0,SYS_XCU001_Memory,0,0
2025-07-02 22:19:44,29.0,SYS_XCU001_Memory,0,0
2025-07-02 22:19:45,29.0,SYS_XCU001_Memory,0,0
2025-07-02 22:19:46,29.0,SYS_XCU001_Memory,0,0
2025-07-02 22:19:47,29.0,SYS_XCU001_Memory,0,0
2025-07-02 22:19:48,29.0,SYS_XCU001_Memory,0,0
2025-07-02 22:19:49,29.0,SYS_XCU001_Memory,0,0
2025-07-02 22:19:50,29.0,SYS_XCU001_Memory,0,0
2025-07-02 22:19:51,29.0,SYS_XCU001_Memory,0,0
2025-07-02 22:19:52,29.0,SYS_XCU001_Memory,0,0
2025-07-02 22:19:53,29.0,SYS_XCU001_Memory,0,0
2025-07-02 22:19:54,29.0,SYS_XCU001_Memory,0,0
2025-07-02 22:19:55,29.0,SYS_XCU001_Memory,0,0
2025-07-02 22:19:56,29.0,SYS_XCU001_Memory,0,0
2025-07-02 22:19:57,29.0,SYS_XCU001_Memory,0,0
2025-07-02 22:19:58,29.0,SYS_XCU001_Memory,0,0
2025-07-02 22:19:59,29.0,SYS_XCU001_Memory,0,0
2025-07-02 22:20:00,29.0,SYS_XCU001_Memory,0,0
2025-07-02 22:20:01,29.0,SYS_XCU001_Memory,0,0
2025-07-02 22:20:02,29.0,SYS_XCU001_Memory,0,0
2025-07-02 22:20:03,29.0,SYS_XCU001_Memory,0,0
2025-07-02 22:20:04,29.0,SYS_XCU001_Memory,0,0
2025-07-02 22:20:05,29.0,SYS_XCU001_Memory,0,0
2025-07-02 22:20:06,29.0,SYS_XCU001_Memory,0,0
2025-07-02 22:20:07,29.0,SYS_XCU001_Memory,0,0
2025-07-02 22:20:08,29.0,SYS_XCU001_Memory,0,0
2025-07-02 22:20:09,29.0,SYS_XCU001_Memory,0,0
2025-07-02 22:20:10,29.0,SYS_XCU001_Memory,0,0
2025-07-02 22:20:11,29.0,SYS_XCU001_Memory,0,0
2025-07-02 22:20:12,29.0,SYS_XCU001_Memory,0,0
2025-07-02 22:20:13,29.0,SYS_XCU001_Memory,0,0
2025-07-02 22:20:14,29.0,SYS_XCU001_Memory,0,0
2025-07-02 22:20:15,29.0,SYS_XCU001_Memory,0,0
2025-07-02 22:20:16,29.0,SYS_XCU001_Memory,0,0
2025-07-02 22:20:17,29.0,SYS_XCU001_Memory,0,0
2025-07-02 22:20:18,29.0,SYS_XCU001_Memory,0,0
2025-07-02 22:20:19,29.0,SYS_XCU001_Memory,0,0
2025-07-02 22:20:20,29.0,SYS_XCU001_Memory,0,0
2025-07-02 22:20:21,29.0,SYS_XCU001_Memory,0,0
2025-07-02 22:20:22,29.0,SYS_XCU001_Memory,0,0
2025-07-02 22:20:23,29.0,SYS_XCU001_Memory,0,0
2025-07-02 22:20:24,29.0,SYS_XCU001_Memory,0,0
2025-07-02 22:20:25,29.0,SYS_XCU001_Memory,0,0
2025-07-02 22:20:26,29.0,SYS_XCU001_Memory,0,0
2025-07-02 22:20:27,29.0,SYS_XCU001_Memory,0,0
2025-07-02 22:20:28,29.0,SYS_XCU001_Memory,0,0
2025-07-02 22:20:29,29.0,SYS_XCU001_Memory,0,0
2025-07-02 22:20:30,29.0,SYS_XCU001_Memory,0,0
2025-07-02 22:20:31,29.0,SYS_XCU001_Memory,0,0
2025-07-02 22:20:32,29.0,SYS_XCU001_Memory,0,0
2025-07-02 22:20:33,29.0,SYS_XCU001_Memory,0,0
2025-07-02 22:20:34,29.0,SYS_XCU001_Memory,0,0
2025-07-02 22:20:35,29.0,SYS_XCU001_Memory,0,0
2025-07-02 22:20:36,29.0,SYS_XCU001_Memory,0,0
2025-07-02 22:20:37,29.0,SYS_XCU001_Memory,0,0
2025-07-02 22:20:38,29.0,SYS_XCU001_Memory,0,0
2025-07-02 22:20:39,29.0,SYS_XCU001_Memory,0,0
2025-07-02 22:20:40,29.0,SYS_XCU001_Memory,0,0
2025-07-02 22:20:41,29.0,SYS_XCU001_Memory,0,0
2025-07-02 22:20:42,29.0,SYS_XCU001_Memory,0,0
2025-07-02 22:20:43,29.0,SYS_XCU001_Memory,0,0
2025-07-02 22:20:44,29.0,SYS_XCU001_Memory,0,0
2025-07-02 22:20:45,29.0,SYS_XCU001_Memory,0,0
2025-07-02 22:20:46,29.0,SYS_XCU001_Memory,0,0
2025-07-02 22:20:47,29.0,SYS_XCU001_Memory,0,0
2025-07-02 22:20:48,29.0,SYS_XCU001_Memory,0,0
2025-07-02 22:20:49,29.0,SYS_XCU001_Memory,0,0
2025-07-02 22:20:50,29.0,SYS_XCU001_Memory,0,0
2025-07-02 22:20:51,29.0,SYS_XCU001_Memory,0,0
2025-07-02 22:20:52,29.0,SYS_XCU001_Memory,0,0
2025-07-02 22:20:53,29.0,SYS_XCU001_Memory,0,0
2025-07-02 22:20:54,29.0,SYS_XCU001_Memory,0,0
2025-07-02 22:20:55,29.0,SYS_XCU001_Memory,0,0
2025-07-02 22:20:56,29.0,SYS_XCU001_Memory,0,0
2025-07-02 22:20:57,29.0,SYS_XCU001_Memory,0,0
2025-07-02 22:20:58,29.0,SYS_XCU001_Memory,0,0
2025-07-02 22:20:59,29.0,SYS_XCU001_Memory,0,0
2025-07-02 22:21:00,29.0,SYS_XCU001_Memory,0,0
2025-07-02 22:21:01,29.0,SYS_XCU001_Memory,0,0
2025-07-02 22:21:02,29.0,SYS_XCU001_Memory,0,0
2025-07-02 22:21:03,29.0,SYS_XCU001_Memory,0,0
2025-07-02 22:21:04,29.0,SYS_XCU001_Memory,0,0
2025-07-02 22:21:05,29.0,SYS_XCU001_Memory,0,0
2025-07-02 22:21:06,29.0,SYS_XCU001_Memory,0,0
2025-07-02 22:21:07,29.0,SYS_XCU001_Memory,0,0
2025-07-02 22:21:08,29.0,SYS_XCU001_Memory,0,0
2025-07-02 22:21:09,29.0,SYS_XCU001_Memory,0,0
2025-07-02 22:21:10,29.0,SYS_XCU001_Memory,0,0
2025-07-02 22:21:11,29.0,SYS_XCU001_Memory,0,0
2025-07-02 22:21:12,29.0,SYS_XCU001_Memory,0,0
2025-07-02 22:21:13,29.0,SYS_XCU001_Memory,0,0
2025-07-02 22:21:14,29.0,SYS_XCU001_Memory,0,0
2025-07-02 22:21:15,29.0,SYS_XCU001_Memory,0,0
2025-07-02 22:21:16,29.0,SYS_XCU001_Memory,0,0
2025-07-02 22:21:17,29.0,SYS_XCU001_Memory,0,0
2025-07-02 22:21:18,29.0,SYS_XCU001_Memory,0,0
2025-07-02 22:21:19,29.0,SYS_XCU001_Memory,0,0
2025-07-02 22:21:20,29.0,SYS_XCU001_Memory,0,0
2025-07-02 22:21:21,29.0,SYS_XCU001_Memory,0,0
2025-07-02 22:21:22,29.0,SYS_XCU001_Memory,0,0
2025-07-02 22:21:23,29.0,SYS_XCU001_Memory,0,0
2025-07-02 22:21:24,29.0,SYS_XCU001_Memory,0,0
2025-07-02 22:21:25,29.0,SYS_XCU001_Memory,0,0
2025-07-02 22:21:26,29.0,SYS_XCU001_Memory,0,0
2025-07-02 22:21:27,29.0,SYS_XCU001_Memory,0,0
2025-07-02 22:21:28,29.0,SYS_XCU001_Memory,0,0
2025-07-02 22:21:29,29.0,SYS_XCU001_Memory,0,0
2025-07-02 22:21:30,29.0,SYS_XCU001_Memory,0,0
2025-07-02 22:21:31,29.0,SYS_XCU001_Memory,0,0
2025-07-02 22:21:32,29.0,SYS_XCU001_Memory,0,0
2025-07-02 22:21:33,29.0,SYS_XCU001_Memory,0,0
2025-07-02 22:21:34,29.0,SYS_XCU001_Memory,0,0
2025-07-02 22:21:35,29.0,SYS_XCU001_Memory,0,0
2025-07-02 22:21:36,29.0,SYS_XCU001_Memory,0,0
2025-07-02 22:21:37,29.0,SYS_XCU001_Memory,0,0
2025-07-02 22:21:38,29.0,SYS_XCU001_Memory,0,0
2025-07-02 22:21:39,29.0,SYS_XCU001_Memory,0,0
2025-07-02 22:21:40,29.0,SYS_XCU001_Memory,0,0
2025-07-02 22:21:41,29.0,SYS_XCU001_Memory,0,0
2025-07-02 22:21:42,29.0,SYS_XCU001_Memory,0,0
2025-07-02 22:21:43,29.0,SYS_XCU001_Memory,0,0
2025-07-02 22:21:44,29.0,SYS_XCU001_Memory,0,0
2025-07-02 22:21:45,29.0,SYS_XCU001_Memory,0,0
2025-07-02 22:21:46,29.0,SYS_XCU001_Memory,0,0
2025-07-02 22:21:47,29.0,SYS_XCU001_Memory,0,0
2025-07-02 22:21:48,29.0,SYS_XCU001_Memory,0,0
2025-07-02 22:21:49,29.0,SYS_XCU001_Memory,0,0
2025-07-02 22:21:50,29.0,SYS_XCU001_Memory,0,0
2025-07-02 22:21:51,29.0,SYS_XCU001_Memory,0,0
2025-07-02 22:21:52,29.0,SYS_XCU001_Memory,0,0
2025-07-02 22:21:53,29.0,SYS_XCU001_Memory,0,0
2025-07-02 22:21:54,29.0,SYS_XCU001_Memory,0,0
2025-07-02 22:21:55,29.0,SYS_XCU001_Memory,0,0
2025-07-02 22:21:56,29.0,SYS_XCU001_Memory,0,0
2025-07-02 22:21:57,29.0,SYS_XCU001_Memory,0,0
2025-07-02 22:21:58,29.0,SYS_XCU001_Memory,0,0
2025-07-02 22:21:59,29.0,SYS_XCU001_Memory,0,0
2025-07-02 22:22:00,29.0,SYS_XCU001_Memory,0,0
2025-07-02 22:22:01,29.0,SYS_XCU001_Memory,0,0
2025-07-02 22:22:02,29.0,SYS_XCU001_Memory,0,0
2025-07-02 22:22:03,29.0,SYS_XCU001_Memory,0,0
2025-07-02 22:22:04,29.0,SYS_XCU001_Memory,0,0
2025-07-02 22:22:05,29.0,SYS_XCU001_Memory,0,0
2025-07-02 22:22:06,29.0,SYS_XCU001_Memory,0,0
2025-07-02 22:22:07,29.0,SYS_XCU001_Memory,0,0
2025-07-02 22:22:08,29.0,SYS_XCU001_Memory,0,0
2025-07-02 22:22:09,29.0,SYS_XCU001_Memory,0,0
2025-07-02 22:22:10,29.0,SYS_XCU001_Memory,0,0
2025-07-02 22:22:11,29.0,SYS_XCU001_Memory,0,0
2025-07-02 22:22:12,29.0,SYS_XCU001_Memory,0,0
2025-07-02 22:22:13,29.0,SYS_XCU001_Memory,0,0
2025-07-02 22:22:14,29.0,SYS_XCU001_Memory,0,0
2025-07-02 22:22:15,29.0,SYS_XCU001_Memory,0,0
2025-07-02 22:22:16,29.0,SYS_XCU001_Memory,0,0
2025-07-02 22:22:17,29.0,SYS_XCU001_Memory,0,0
2025-07-02 22:22:18,29.0,SYS_XCU001_Memory,0,0
2025-07-02 22:22:19,29.0,SYS_XCU001_Memory,0,0
2025-07-02 22:22:20,29.0,SYS_XCU001_Memory,0,0
2025-07-02 22:22:21,29.0,SYS_XCU001_Memory,0,0
2025-07-02 22:22:22,29.0,SYS_XCU001_Memory,0,0
2025-07-02 22:22:23,29.0,SYS_XCU001_Memory,0,0
2025-07-02 22:22:24,29.0,SYS_XCU001_Memory,0,0
2025-07-02 22:22:25,29.0,SYS_XCU001_Memory,0,0
2025-07-02 22:22:26,29.0,SYS_XCU001_Memory,0,0
2025-07-02 22:22:27,29.0,SYS_XCU001_Memory,0,0
2025-07-02 22:22:28,29.0,SYS_XCU001_Memory,0,0
2025-07-02 22:22:29,29.0,SYS_XCU001_Memory,0,0
2025-07-02 22:22:30,29.0,SYS_XCU001_Memory,0,0
2025-07-02 22:22:31,29.0,SYS_XCU001_Memory,0,0
2025-07-02 22:22:32,29.0,SYS_XCU001_Memory,0,0
2025-07-02 22:22:33,29.0,SYS_XCU001_Memory,0,0
2025-07-02 22:22:34,29.0,SYS_XCU001_Memory,0,0
2025-07-02 22:22:35,29.0,SYS_XCU001_Memory,0,0
2025-07-02 22:22:36,29.0,SYS_XCU001_Memory,0,0
2025-07-02 22:22:37,29.0,SYS_XCU001_Memory,0,0
2025-07-02 22:22:38,29.0,SYS_XCU001_Memory,0,0
2025-07-02 22:22:39,29.0,SYS_XCU001_Memory,0,0
2025-07-02 22:22:40,29.0,SYS_XCU001_Memory,0,0
2025-07-02 22:22:41,29.0,SYS_XCU001_Memory,0,0
2025-07-02 22:22:42,29.0,SYS_XCU001_Memory,0,0
2025-07-02 22:22:43,29.0,SYS_XCU001_Memory,0,0
2025-07-02 22:22:44,29.0,SYS_XCU001_Memory,0,0
2025-07-02 22:22:45,29.0,SYS_XCU001_Memory,0,0
2025-07-02 22:22:46,29.0,SYS_XCU001_Memory,0,0
2025-07-02 22:22:47,29.0,SYS_XCU001_Memory,0,0
2025-07-02 22:22:48,29.0,SYS_XCU001_Memory,0,0
2025-07-02 22:22:49,29.0,SYS_XCU001_Memory,0,0
2025-07-02 22:22:50,29.0,SYS_XCU001_Memory,0,0
2025-07-02 22:22:51,29.0,SYS_XCU001_Memory,0,0
2025-07-02 22:22:52,29.0,SYS_XCU001_Memory,0,0
2025-07-02 22:22:53,29.0,SYS_XCU001_Memory,0,0
2025-07-02 22:22:54,29.0,SYS_XCU001_Memory,0,0
2025-07-02 22:22:55,29.0,SYS_XCU001_Memory,0,0
2025-07-02 22:22:56,29.0,SYS_XCU001_Memory,0,0
2025-07-02 22:22:57,29.0,SYS_XCU001_Memory,0,0
2025-07-02 22:22:58,29.0,SYS_XCU001_Memory,0,0
2025-07-02 22:22:59,29.0,SYS_XCU001_Memory,0,0
2025-07-02 22:23:00,29.0,SYS_XCU001_Memory,0,0
2025-07-02 22:23:01,29.0,SYS_XCU001_Memory,0,0
2025-07-02 22:23:02,29.0,SYS_XCU001_Memory,0,0
2025-07-02 22:23:03,29.0,SYS_XCU001_Memory,0,0
2025-07-02 22:23:04,29.0,SYS_XCU001_Memory,0,0
2025-07-02 22:23:05,29.0,SYS_XCU001_Memory,0,0
2025-07-02 22:23:06,29.0,SYS_XCU001_Memory,0,0
2025-07-02 22:23:07,29.0,SYS_XCU001_Memory,0,0
2025-07-02 22:23:08,29.0,SYS_XCU001_Memory,0,0
2025-07-02 22:23:09,29.0,SYS_XCU001_Memory,0,0
2025-07-02 22:23:10,29.0,SYS_XCU001_Memory,0,0
2025-07-02 22:23:11,29.0,SYS_XCU001_Memory,0,0
2025-07-02 22:23:12,29.0,SYS_XCU001_Memory,0,0
2025-07-02 22:23:13,29.0,SYS_XCU001_Memory,0,0
2025-07-02 22:23:14,29.0,SYS_XCU001_Memory,0,0
2025-07-02 22:23:15,29.0,SYS_XCU001_Memory,0,0
2025-07-02 22:23:16,29.0,SYS_XCU001_Memory,0,0
2025-07-02 22:23:17,29.0,SYS_XCU001_Memory,0,0
2025-07-02 22:23:18,29.0,SYS_XCU001_Memory,0,0
2025-07-02 22:23:19,29.0,SYS_XCU001_Memory,0,0
2025-07-02 22:23:20,29.0,SYS_XCU001_Memory,0,0
2025-07-02 22:23:21,29.0,SYS_XCU001_Memory,0,0
2025-07-02 22:23:22,29.0,SYS_XCU001_Memory,0,0
2025-07-02 22:23:23,29.0,SYS_XCU001_Memory,0,0
2025-07-02 22:23:24,29.0,SYS_XCU001_Memory,0,0
2025-07-02 22:23:25,29.0,SYS_XCU001_Memory,0,0
2025-07-02 22:23:26,29.0,SYS_XCU001_Memory,0,0
2025-07-02 22:23:27,29.0,SYS_XCU001_Memory,0,0
2025-07-02 22:23:28,29.0,SYS_XCU001_Memory,0,0
2025-07-02 22:23:29,29.0,SYS_XCU001_Memory,0,0
2025-07-02 22:23:30,29.0,SYS_XCU001_Memory,0,0
2025-07-02 22:23:31,29.0,SYS_XCU001_Memory,0,0
2025-07-02 22:23:32,29.0,SYS_XCU001_Memory,0,0
2025-07-02 22:23:33,29.0,SYS_XCU001_Memory,0,0
2025-07-02 22:23:34,29.0,SYS_XCU001_Memory,0,0
2025-07-02 22:23:35,29.0,SYS_XCU001_Memory,0,0
2025-07-02 22:23:36,29.0,SYS_XCU001_Memory,0,0
2025-07-02 22:23:37,29.0,SYS_XCU001_Memory,0,0
2025-07-02 22:23:38,29.0,SYS_XCU001_Memory,0,0
2025-07-02 22:23:39,29.0,SYS_XCU001_Memory,0,0
2025-07-02 22:23:40,29.0,SYS_XCU001_Memory,0,0
2025-07-02 22:23:41,29.0,SYS_XCU001_Memory,0,0
2025-07-02 22:23:42,29.0,SYS_XCU001_Memory,0,0
2025-07-02 22:23:43,29.0,SYS_XCU001_Memory,0,0
2025-07-02 22:23:44,29.0,SYS_XCU001_Memory,0,0
2025-07-02 22:23:45,29.0,SYS_XCU001_Memory,0,0
2025-07-02 22:23:46,29.0,SYS_XCU001_Memory,0,0
2025-07-02 22:23:47,29.0,SYS_XCU001_Memory,0,0
2025-07-02 22:23:48,29.0,SYS_XCU001_Memory,0,0
2025-07-02 22:23:49,29.0,SYS_XCU001_Memory,0,0
2025-07-02 22:23:50,29.0,SYS_XCU001_Memory,0,0
2025-07-02 22:23:51,29.0,SYS_XCU001_Memory,0,0
2025-07-02 22:23:52,29.0,SYS_XCU001_Memory,0,0
2025-07-02 22:23:53,29.0,SYS_XCU001_Memory,0,0
2025-07-02 22:23:54,29.0,SYS_XCU001_Memory,0,0
2025-07-02 22:23:55,29.0,SYS_XCU001_Memory,0,0
2025-07-02 22:23:56,29.0,SYS_XCU001_Memory,0,0
2025-07-02 22:23:57,29.0,SYS_XCU001_Memory,0,0
2025-07-02 22:23:58,29.0,SYS_XCU001_Memory,0,0
2025-07-02 22:23:59,29.0,SYS_XCU001_Memory,0,0
2025-07-02 22:24:00,29.0,SYS_XCU001_Memory,0,0
2025-07-02 22:24:01,29.0,SYS_XCU001_Memory,0,0
2025-07-02 22:24:02,29.0,SYS_XCU001_Memory,0,0
2025-07-02 22:24:03,29.0,SYS_XCU001_Memory,0,0
2025-07-02 22:24:04,29.0,SYS_XCU001_Memory,0,0
2025-07-02 22:24:05,29.0,SYS_XCU001_Memory,0,0
2025-07-02 22:24:06,29.0,SYS_XCU001_Memory,0,0
2025-07-02 22:24:07,29.0,SYS_XCU001_Memory,0,0
2025-07-02 22:24:08,29.0,SYS_XCU001_Memory,0,0
2025-07-02 22:24:09,29.0,SYS_XCU001_Memory,0,0
2025-07-02 22:24:10,29.0,SYS_XCU001_Memory,0,0
2025-07-02 22:24:11,29.0,SYS_XCU001_Memory,0,0
2025-07-02 22:24:12,29.0,SYS_XCU001_Memory,0,0
2025-07-02 22:24:13,29.0,SYS_XCU001_Memory,0,0
2025-07-02 22:24:14,29.0,SYS_XCU001_Memory,0,0
2025-07-02 22:24:15,29.0,SYS_XCU001_Memory,0,0
2025-07-02 22:24:16,29.0,SYS_XCU001_Memory,0,0
2025-07-02 22:24:17,29.0,SYS_XCU001_Memory,0,0
2025-07-02 22:24:18,29.0,SYS_XCU001_Memory,0,0
2025-07-02 22:24:19,29.0,SYS_XCU001_Memory,0,0
2025-07-02 22:24:20,29.0,SYS_XCU001_Memory,0,0
2025-07-02 22:24:21,29.0,SYS_XCU001_Memory,0,0
2025-07-02 22:24:22,29.0,SYS_XCU001_Memory,0,0
2025-07-02 22:24:23,29.0,SYS_XCU001_Memory,0,0
2025-07-02 22:24:24,29.0,SYS_XCU001_Memory,0,0
2025-07-02 22:24:25,29.0,SYS_XCU001_Memory,0,0
2025-07-02 22:24:26,29.0,SYS_XCU001_Memory,0,0
2025-07-02 22:24:27,29.0,SYS_XCU001_Memory,0,0
2025-07-02 22:24:28,29.0,SYS_XCU001_Memory,0,0
2025-07-02 22:24:29,29.0,SYS_XCU001_Memory,0,0
2025-07-02 22:24:30,29.0,SYS_XCU001_Memory,0,0
2025-07-02 22:24:31,29.0,SYS_XCU001_Memory,0,0
2025-07-02 22:24:32,29.0,SYS_XCU001_Memory,0,0
2025-07-02 22:24:33,29.0,SYS_XCU001_Memory,0,0
2025-07-02 22:24:34,29.0,SYS_XCU001_Memory,0,0
2025-07-02 22:24:35,29.0,SYS_XCU001_Memory,0,0
2025-07-02 22:24:36,29.0,SYS_XCU001_Memory,0,0
2025-07-02 22:24:37,29.0,SYS_XCU001_Memory,0,0
2025-07-02 22:24:38,29.0,SYS_XCU001_Memory,0,0
2025-07-02 22:24:39,29.0,SYS_XCU001_Memory,0,0
2025-07-02 22:24:40,29.0,SYS_XCU001_Memory,0,0
2025-07-02 22:24:41,29.0,SYS_XCU001_Memory,0,0
2025-07-02 22:24:42,29.0,SYS_XCU001_Memory,0,0
2025-07-02 22:24:43,29.0,SYS_XCU001_Memory,0,0
2025-07-02 22:24:44,29.0,SYS_XCU001_Memory,0,0
2025-07-02 22:24:45,29.0,SYS_XCU001_Memory,0,0
2025-07-02 22:24:46,29.0,SYS_XCU001_Memory,0,0
2025-07-02 22:24:47,29.0,SYS_XCU001_Memory,0,0
2025-07-02 22:24:48,29.0,SYS_XCU001_Memory,0,0
2025-07-02 22:24:49,29.0,SYS_XCU001_Memory,0,0
2025-07-02 22:24:50,29.0,SYS_XCU001_Memory,0,0
2025-07-02 22:24:51,29.0,SYS_XCU001_Memory,0,0
2025-07-02 22:24:52,29.0,SYS_XCU001_Memory,0,0
2025-07-02 22:24:53,29.0,SYS_XCU001_Memory,0,0
2025-07-02 22:24:54,29.0,SYS_XCU001_Memory,0,0
2025-07-02 22:24:55,29.0,SYS_XCU001_Memory,0,0
2025-07-02 22:24:56,29.0,SYS_XCU001_Memory,0,0
2025-07-02 22:24:57,29.0,SYS_XCU001_Memory,0,0
2025-07-02 22:24:58,29.0,SYS_XCU001_Memory,0,0
2025-07-02 22:24:59,29.0,SYS_XCU001_Memory,0,0
2025-07-02 22:25:00,29.0,SYS_XCU001_Memory,0,0
2025-07-02 22:25:01,29.0,SYS_XCU001_Memory,0,0
2025-07-02 22:25:02,29.0,SYS_XCU001_Memory,0,0
2025-07-02 22:25:03,29.0,SYS_XCU001_Memory,0,0
2025-07-02 22:25:04,29.0,SYS_XCU001_Memory,0,0
2025-07-02 22:25:05,29.0,SYS_XCU001_Memory,0,0
2025-07-02 22:25:06,29.0,SYS_XCU001_Memory,0,0
2025-07-02 22:25:07,29.0,SYS_XCU001_Memory,0,0
2025-07-02 22:25:08,29.0,SYS_XCU001_Memory,0,0
2025-07-02 22:25:09,29.0,SYS_XCU001_Memory,0,0
2025-07-02 22:25:10,29.0,SYS_XCU001_Memory,0,0
2025-07-02 22:25:11,29.0,SYS_XCU001_Memory,0,0
2025-07-02 22:25:12,29.0,SYS_XCU001_Memory,0,0
2025-07-02 22:25:13,29.0,SYS_XCU001_Memory,0,0
2025-07-02 22:25:14,29.0,SYS_XCU001_Memory,0,0
2025-07-02 22:25:15,29.0,SYS_XCU001_Memory,0,0
2025-07-02 22:25:16,29.0,SYS_XCU001_Memory,0,0
2025-07-02 22:25:17,29.0,SYS_XCU001_Memory,0,0
2025-07-02 22:25:18,29.0,SYS_XCU001_Memory,0,0
2025-07-02 22:25:19,29.0,SYS_XCU001_Memory,0,0
2025-07-02 22:25:20,29.0,SYS_XCU001_Memory,0,0
2025-07-02 22:25:21,29.0,SYS_XCU001_Memory,0,0
2025-07-02 22:25:22,29.0,SYS_XCU001_Memory,0,0
2025-07-02 22:25:23,29.0,SYS_XCU001_Memory,0,0
2025-07-02 22:25:24,29.0,SYS_XCU001_Memory,0,0
2025-07-02 22:25:25,29.0,SYS_XCU001_Memory,0,0
2025-07-02 22:25:26,29.0,SYS_XCU001_Memory,0,0
2025-07-02 22:25:27,29.0,SYS_XCU001_Memory,0,0
2025-07-02 22:25:28,29.0,SYS_XCU001_Memory,0,0
2025-07-02 22:25:29,29.0,SYS_XCU001_Memory,0,0
2025-07-02 22:25:30,29.0,SYS_XCU001_Memory,0,0
2025-07-02 22:25:31,29.0,SYS_XCU001_Memory,0,0
2025-07-02 22:25:32,29.0,SYS_XCU001_Memory,0,0
2025-07-02 22:25:33,29.0,SYS_XCU001_Memory,0,0
2025-07-02 22:25:34,29.0,SYS_XCU001_Memory,0,0
2025-07-02 22:25:35,29.0,SYS_XCU001_Memory,0,0
2025-07-02 22:25:36,29.0,SYS_XCU001_Memory,0,0
2025-07-02 22:25:37,29.0,SYS_XCU001_Memory,0,0
2025-07-02 22:25:38,29.0,SYS_XCU001_Memory,0,0
2025-07-02 22:25:39,29.0,SYS_XCU001_Memory,0,0
2025-07-02 22:25:40,29.0,SYS_XCU001_Memory,0,0
2025-07-02 22:25:41,29.0,SYS_XCU001_Memory,0,0
2025-07-02 22:25:42,29.0,SYS_XCU001_Memory,0,0
2025-07-02 22:25:43,29.0,SYS_XCU001_Memory,0,0
2025-07-02 22:25:44,29.0,SYS_XCU001_Memory,0,0
2025-07-02 22:25:45,29.0,SYS_XCU001_Memory,0,0
2025-07-02 22:25:46,29.0,SYS_XCU001_Memory,0,0
2025-07-02 22:25:47,29.0,SYS_XCU001_Memory,0,0
2025-07-02 22:25:48,29.0,SYS_XCU001_Memory,0,0
2025-07-02 22:25:49,29.0,SYS_XCU001_Memory,0,0
2025-07-02 22:25:50,29.0,SYS_XCU001_Memory,0,0
2025-07-02 22:25:51,29.0,SYS_XCU001_Memory,0,0
2025-07-02 22:25:52,29.0,SYS_XCU001_Memory,0,0
2025-07-02 22:25:53,29.0,SYS_XCU001_Memory,0,0
2025-07-02 22:25:54,29.0,SYS_XCU001_Memory,0,0
2025-07-02 22:25:55,29.0,SYS_XCU001_Memory,0,0
2025-07-02 22:25:56,29.0,SYS_XCU001_Memory,0,0
2025-07-02 22:25:57,29.0,SYS_XCU001_Memory,0,0
2025-07-02 22:25:58,29.0,SYS_XCU001_Memory,0,0
2025-07-02 22:25:59,29.0,SYS_XCU001_Memory,0,0
2025-07-02 22:26:00,29.0,SYS_XCU001_Memory,0,0
2025-07-02 22:26:01,29.0,SYS_XCU001_Memory,0,0
2025-07-02 22:26:02,29.0,SYS_XCU001_Memory,0,0
2025-07-02 22:26:03,29.0,SYS_XCU001_Memory,0,0
2025-07-02 22:26:04,29.0,SYS_XCU001_Memory,0,0
2025-07-02 22:26:05,29.0,SYS_XCU001_Memory,0,0
2025-07-02 22:26:06,29.0,SYS_XCU001_Memory,0,0
2025-07-02 22:26:07,29.0,SYS_XCU001_Memory,0,0
2025-07-02 22:26:08,29.0,SYS_XCU001_Memory,0,0
2025-07-02 22:26:09,29.0,SYS_XCU001_Memory,0,0
2025-07-02 22:26:10,29.0,SYS_XCU001_Memory,0,0
2025-07-02 22:26:11,29.0,SYS_XCU001_Memory,0,0
2025-07-02 22:26:12,29.0,SYS_XCU001_Memory,0,0
2025-07-02 22:26:13,29.0,SYS_XCU001_Memory,0,0
2025-07-02 22:26:14,29.0,SYS_XCU001_Memory,0,0
2025-07-02 22:26:15,29.0,SYS_XCU001_Memory,0,0
2025-07-02 22:26:16,29.0,SYS_XCU001_Memory,0,0
2025-07-02 22:26:17,29.0,SYS_XCU001_Memory,0,0
2025-07-02 22:26:18,29.0,SYS_XCU001_Memory,0,0
2025-07-02 22:26:19,29.0,SYS_XCU001_Memory,0,0
2025-07-02 22:26:20,29.0,SYS_XCU001_Memory,0,0
2025-07-02 22:26:21,29.0,SYS_XCU001_Memory,0,0
2025-07-02 22:26:22,29.0,SYS_XCU001_Memory,0,0
2025-07-02 22:26:23,29.0,SYS_XCU001_Memory,0,0
2025-07-02 22:26:24,29.0,SYS_XCU001_Memory,0,0
2025-07-02 22:26:25,29.0,SYS_XCU001_Memory,0,0
2025-07-02 22:26:26,29.0,SYS_XCU001_Memory,0,0
2025-07-02 22:26:27,29.0,SYS_XCU001_Memory,0,0
2025-07-02 22:26:28,29.0,SYS_XCU001_Memory,0,0
2025-07-02 22:26:29,29.0,SYS_XCU001_Memory,0,0
2025-07-02 22:26:30,29.0,SYS_XCU001_Memory,0,0
2025-07-02 22:26:31,29.0,SYS_XCU001_Memory,0,0
2025-07-02 22:26:32,29.0,SYS_XCU001_Memory,0,0
2025-07-02 22:26:33,29.0,SYS_XCU001_Memory,0,0
2025-07-02 22:26:34,29.0,SYS_XCU001_Memory,0,0
2025-07-02 22:26:35,29.0,SYS_XCU001_Memory,0,0
2025-07-02 22:26:36,29.0,SYS_XCU001_Memory,0,0
2025-07-02 22:26:37,29.0,SYS_XCU001_Memory,0,0
2025-07-02 22:26:38,29.0,SYS_XCU001_Memory,0,0
2025-07-02 22:26:39,29.0,SYS_XCU001_Memory,0,0
2025-07-02 22:26:40,29.0,SYS_XCU001_Memory,0,0
2025-07-02 22:26:41,29.0,SYS_XCU001_Memory,0,0
2025-07-02 22:26:42,29.0,SYS_XCU001_Memory,0,0
2025-07-02 22:26:43,29.0,SYS_XCU001_Memory,0,0
2025-07-02 22:26:44,29.0,SYS_XCU001_Memory,0,0
2025-07-02 22:26:45,29.0,SYS_XCU001_Memory,0,0
2025-07-02 22:26:46,29.0,SYS_XCU001_Memory,0,0
2025-07-02 22:26:47,29.0,SYS_XCU001_Memory,0,0
2025-07-02 22:26:48,29.0,SYS_XCU001_Memory,0,0
2025-07-02 22:26:49,29.0,SYS_XCU001_Memory,0,0
2025-07-02 22:26:50,29.0,SYS_XCU001_Memory,0,0
2025-07-02 22:26:51,29.0,SYS_XCU001_Memory,0,0
2025-07-02 22:26:52,29.0,SYS_XCU001_Memory,0,0
2025-07-02 22:26:53,29.0,SYS_XCU001_Memory,0,0
2025-07-02 22:26:54,29.0,SYS_XCU001_Memory,0,0
2025-07-02 22:26:55,29.0,SYS_XCU001_Memory,0,0
2025-07-02 22:26:56,29.0,SYS_XCU001_Memory,0,0
2025-07-02 22:26:57,29.0,SYS_XCU001_Memory,0,0
2025-07-02 22:26:58,29.0,SYS_XCU001_Memory,0,0
2025-07-02 22:26:59,29.0,SYS_XCU001_Memory,0,0
2025-07-02 22:27:00,29.0,SYS_XCU001_Memory,0,0
2025-07-02 22:27:01,29.0,SYS_XCU001_Memory,0,0
2025-07-02 22:27:02,29.0,SYS_XCU001_Memory,0,0
2025-07-02 22:27:03,29.0,SYS_XCU001_Memory,0,0
2025-07-02 22:27:04,29.0,SYS_XCU001_Memory,0,0
2025-07-02 22:27:05,29.0,SYS_XCU001_Memory,0,0
2025-07-02 22:27:06,29.0,SYS_XCU001_Memory,0,0
2025-07-02 22:27:07,29.0,SYS_XCU001_Memory,0,0
2025-07-02 22:27:08,29.0,SYS_XCU001_Memory,0,0
2025-07-02 22:27:09,29.0,SYS_XCU001_Memory,0,0
2025-07-02 22:27:10,29.0,SYS_XCU001_Memory,0,0
2025-07-02 22:27:11,29.0,SYS_XCU001_Memory,0,0
2025-07-02 22:27:12,29.0,SYS_XCU001_Memory,0,0
2025-07-02 22:27:13,29.0,SYS_XCU001_Memory,0,0
2025-07-02 22:27:14,29.0,SYS_XCU001_Memory,0,0
2025-07-02 22:27:15,29.0,SYS_XCU001_Memory,0,0
2025-07-02 22:27:16,29.0,SYS_XCU001_Memory,0,0
2025-07-02 22:27:17,29.0,SYS_XCU001_Memory,0,0
2025-07-02 22:27:18,29.0,SYS_XCU001_Memory,0,0
2025-07-02 22:27:19,29.0,SYS_XCU001_Memory,0,0
2025-07-02 22:27:20,29.0,SYS_XCU001_Memory,0,0
2025-07-02 22:27:21,29.0,SYS_XCU001_Memory,0,0
2025-07-02 22:27:22,29.0,SYS_XCU001_Memory,0,0
2025-07-02 22:27:23,29.0,SYS_XCU001_Memory,0,0
2025-07-02 22:27:24,29.0,SYS_XCU001_Memory,0,0
2025-07-02 22:27:25,29.0,SYS_XCU001_Memory,0,0
2025-07-02 22:27:26,29.0,SYS_XCU001_Memory,0,0
2025-07-02 22:27:27,29.0,SYS_XCU001_Memory,0,0
2025-07-02 22:27:28,29.0,SYS_XCU001_Memory,0,0
2025-07-02 22:27:29,29.0,SYS_XCU001_Memory,0,0
2025-07-02 22:27:30,29.0,SYS_XCU001_Memory,0,0
2025-07-02 22:27:31,29.0,SYS_XCU001_Memory,0,0
2025-07-02 22:27:32,29.0,SYS_XCU001_Memory,0,0
2025-07-02 22:27:33,29.0,SYS_XCU001_Memory,0,0
2025-07-02 22:27:34,29.0,SYS_XCU001_Memory,0,0
2025-07-02 22:27:35,29.0,SYS_XCU001_Memory,0,0
2025-07-02 22:27:36,29.0,SYS_XCU001_Memory,0,0
2025-07-02 22:27:37,29.0,SYS_XCU001_Memory,0,0
2025-07-02 22:27:38,29.0,SYS_XCU001_Memory,0,0
2025-07-02 22:27:39,29.0,SYS_XCU001_Memory,0,0
2025-07-02 22:27:40,29.0,SYS_XCU001_Memory,0,0
2025-07-02 22:27:41,29.0,SYS_XCU001_Memory,0,0
2025-07-02 22:27:42,29.0,SYS_XCU001_Memory,0,0
2025-07-02 22:27:43,29.0,SYS_XCU001_Memory,0,0
2025-07-02 22:27:44,29.0,SYS_XCU001_Memory,0,0
2025-07-02 22:27:45,29.0,SYS_XCU001_Memory,0,0
2025-07-02 22:27:46,29.0,SYS_XCU001_Memory,0,0
2025-07-02 22:27:47,29.0,SYS_XCU001_Memory,0,0
2025-07-02 22:27:48,29.0,SYS_XCU001_Memory,0,0
2025-07-02 22:27:49,29.0,SYS_XCU001_Memory,0,0
2025-07-02 22:27:50,29.0,SYS_XCU001_Memory,0,0
2025-07-02 22:27:51,29.0,SYS_XCU001_Memory,0,0
2025-07-02 22:27:52,29.0,SYS_XCU001_Memory,0,0
2025-07-02 22:27:53,29.0,SYS_XCU001_Memory,0,0
2025-07-02 22:27:54,29.0,SYS_XCU001_Memory,0,0
2025-07-02 22:27:55,29.0,SYS_XCU001_Memory,0,0
2025-07-02 22:27:56,29.0,SYS_XCU001_Memory,0,0
2025-07-02 22:27:57,29.0,SYS_XCU001_Memory,0,0
2025-07-02 22:27:58,29.0,SYS_XCU001_Memory,0,0
2025-07-02 22:27:59,29.0,SYS_XCU001_Memory,0,0
2025-07-02 22:28:00,29.0,SYS_XCU001_Memory,0,0
2025-07-02 22:28:01,29.0,SYS_XCU001_Memory,0,0
2025-07-02 22:28:02,29.0,SYS_XCU001_Memory,0,0
2025-07-02 22:28:03,29.0,SYS_XCU001_Memory,0,0
2025-07-02 22:28:04,29.0,SYS_XCU001_Memory,0,0
2025-07-02 22:28:05,29.0,SYS_XCU001_Memory,0,0
2025-07-02 22:28:06,29.0,SYS_XCU001_Memory,0,0
2025-07-02 22:28:07,29.0,SYS_XCU001_Memory,0,0
2025-07-02 22:28:08,29.0,SYS_XCU001_Memory,0,0
2025-07-02 22:28:09,29.0,SYS_XCU001_Memory,0,0
2025-07-02 22:28:10,29.0,SYS_XCU001_Memory,0,0
2025-07-02 22:28:11,29.0,SYS_XCU001_Memory,0,0
2025-07-02 22:28:12,29.0,SYS_XCU001_Memory,0,0
2025-07-02 22:28:13,29.0,SYS_XCU001_Memory,0,0
2025-07-02 22:28:14,29.0,SYS_XCU001_Memory,0,0
2025-07-02 22:28:15,29.0,SYS_XCU001_Memory,0,0
2025-07-02 22:28:16,29.0,SYS_XCU001_Memory,0,0
2025-07-02 22:28:17,29.0,SYS_XCU001_Memory,0,0
2025-07-02 22:28:18,29.0,SYS_XCU001_Memory,0,0
2025-07-02 22:28:19,29.0,SYS_XCU001_Memory,0,0
2025-07-02 22:28:20,29.0,SYS_XCU001_Memory,0,0
2025-07-02 22:28:21,29.0,SYS_XCU001_Memory,0,0
2025-07-02 22:28:22,29.0,SYS_XCU001_Memory,0,0
2025-07-02 22:28:23,29.0,SYS_XCU001_Memory,0,0
2025-07-02 22:28:24,29.0,SYS_XCU001_Memory,0,0
2025-07-02 22:28:25,29.0,SYS_XCU001_Memory,0,0
2025-07-02 22:28:26,29.0,SYS_XCU001_Memory,0,0
2025-07-02 22:28:27,29.0,SYS_XCU001_Memory,0,0
2025-07-02 22:28:28,29.0,SYS_XCU001_Memory,0,0
2025-07-02 22:28:29,29.0,SYS_XCU001_Memory,0,0
2025-07-02 22:28:30,29.0,SYS_XCU001_Memory,0,0
2025-07-02 22:28:31,29.0,SYS_XCU001_Memory,0,0
2025-07-02 22:28:32,29.0,SYS_XCU001_Memory,0,0
2025-07-02 22:28:33,29.0,SYS_XCU001_Memory,0,0
2025-07-02 22:28:34,29.0,SYS_XCU001_Memory,0,0
2025-07-02 22:28:35,29.0,SYS_XCU001_Memory,0,0
2025-07-02 22:28:36,29.0,SYS_XCU001_Memory,0,0
2025-07-02 22:28:37,29.0,SYS_XCU001_Memory,0,0
2025-07-02 22:28:38,29.0,SYS_XCU001_Memory,0,0
2025-07-02 22:28:39,29.0,SYS_XCU001_Memory,0,0
2025-07-02 22:28:40,29.0,SYS_XCU001_Memory,0,0
2025-07-02 22:28:41,29.0,SYS_XCU001_Memory,0,0
2025-07-02 22:28:42,29.0,SYS_XCU001_Memory,0,0
2025-07-02 22:28:43,29.0,SYS_XCU001_Memory,0,0
2025-07-02 22:28:44,29.0,SYS_XCU001_Memory,0,0
2025-07-02 22:28:45,29.0,SYS_XCU001_Memory,0,0
2025-07-02 22:28:46,29.0,SYS_XCU001_Memory,0,0
2025-07-02 22:28:47,29.0,SYS_XCU001_Memory,0,0
2025-07-02 22:28:48,29.0,SYS_XCU001_Memory,0,0
2025-07-02 22:28:49,29.0,SYS_XCU001_Memory,0,0
2025-07-02 22:28:50,29.0,SYS_XCU001_Memory,0,0
2025-07-02 22:28:51,29.0,SYS_XCU001_Memory,0,0
2025-07-02 22:28:52,29.0,SYS_XCU001_Memory,0,0
2025-07-02 22:28:53,29.0,SYS_XCU001_Memory,0,0
2025-07-02 22:28:54,29.0,SYS_XCU001_Memory,0,0
2025-07-02 22:28:55,29.0,SYS_XCU001_Memory,0,0
2025-07-02 22:28:56,29.0,SYS_XCU001_Memory,0,0
2025-07-02 22:28:57,29.0,SYS_XCU001_Memory,0,0
2025-07-02 22:28:58,29.0,SYS_XCU001_Memory,0,0
2025-07-02 22:28:59,29.0,SYS_XCU001_Memory,0,0
2025-07-02 22:29:00,29.0,SYS_XCU001_Memory,0,0
2025-07-02 22:29:01,29.0,SYS_XCU001_Memory,0,0
2025-07-02 22:29:02,29.0,SYS_XCU001_Memory,0,0
2025-07-02 22:29:03,29.0,SYS_XCU001_Memory,0,0
2025-07-02 22:29:04,29.0,SYS_XCU001_Memory,0,0
2025-07-02 22:29:05,29.0,SYS_XCU001_Memory,0,0
2025-07-02 22:29:06,29.0,SYS_XCU001_Memory,0,0
2025-07-02 22:29:07,29.0,SYS_XCU001_Memory,0,0
2025-07-02 22:29:08,29.0,SYS_XCU001_Memory,0,0
2025-07-02 22:29:09,29.0,SYS_XCU001_Memory,0,0
2025-07-02 22:29:10,29.0,SYS_XCU001_Memory,0,0
2025-07-02 22:29:11,29.0,SYS_XCU001_Memory,0,0
2025-07-02 22:29:12,29.0,SYS_XCU001_Memory,0,0
2025-07-02 22:29:13,29.0,SYS_XCU001_Memory,0,0
2025-07-02 22:29:14,29.0,SYS_XCU001_Memory,0,0
2025-07-02 22:29:15,29.0,SYS_XCU001_Memory,0,0
2025-07-02 22:29:16,29.0,SYS_XCU001_Memory,0,0
2025-07-02 22:29:17,29.0,SYS_XCU001_Memory,0,0
2025-07-02 22:29:18,29.0,SYS_XCU001_Memory,0,0
2025-07-02 22:29:19,29.0,SYS_XCU001_Memory,0,0
2025-07-02 22:29:20,29.0,SYS_XCU001_Memory,0,0
2025-07-02 22:29:21,29.0,SYS_XCU001_Memory,0,0
2025-07-02 22:29:22,29.0,SYS_XCU001_Memory,0,0
2025-07-02 22:29:23,29.0,SYS_XCU001_Memory,0,0
2025-07-02 22:29:24,29.0,SYS_XCU001_Memory,0,0
2025-07-02 22:29:25,29.0,SYS_XCU001_Memory,0,0
2025-07-02 22:29:26,29.0,SYS_XCU001_Memory,0,0
2025-07-02 22:29:27,29.0,SYS_XCU001_Memory,0,0
2025-07-02 22:29:28,29.0,SYS_XCU001_Memory,0,0
2025-07-02 22:29:29,29.0,SYS_XCU001_Memory,0,0
2025-07-02 22:29:30,29.0,SYS_XCU001_Memory,0,0
2025-07-02 22:29:31,29.0,SYS_XCU001_Memory,0,0
2025-07-02 22:29:32,29.0,SYS_XCU001_Memory,0,0
2025-07-02 22:29:33,29.0,SYS_XCU001_Memory,0,0
2025-07-02 22:29:34,29.0,SYS_XCU001_Memory,0,0
2025-07-02 22:29:35,29.0,SYS_XCU001_Memory,0,0
2025-07-02 22:29:36,29.0,SYS_XCU001_Memory,0,0
2025-07-02 22:29:37,29.0,SYS_XCU001_Memory,0,0
2025-07-02 22:29:38,29.0,SYS_XCU001_Memory,0,0
2025-07-02 22:29:39,29.0,SYS_XCU001_Memory,0,0
2025-07-02 22:29:40,29.0,SYS_XCU001_Memory,0,0
2025-07-02 22:29:41,29.0,SYS_XCU001_Memory,0,0
2025-07-02 22:29:42,29.0,SYS_XCU001_Memory,0,0
2025-07-02 22:29:43,29.0,SYS_XCU001_Memory,0,0
2025-07-02 22:29:44,29.0,SYS_XCU001_Memory,0,0
2025-07-02 22:29:45,29.0,SYS_XCU001_Memory,0,0
2025-07-02 22:29:46,29.0,SYS_XCU001_Memory,0,0
2025-07-02 22:29:47,29.0,SYS_XCU001_Memory,0,0
2025-07-02 22:29:48,29.0,SYS_XCU001_Memory,0,0
2025-07-02 22:29:49,29.0,SYS_XCU001_Memory,0,0
2025-07-02 22:29:50,29.0,SYS_XCU001_Memory,0,0
2025-07-02 22:29:51,29.0,SYS_XCU001_Memory,0,0
2025-07-02 22:29:52,29.0,SYS_XCU001_Memory,0,0
2025-07-02 22:29:53,29.0,SYS_XCU001_Memory,0,0
2025-07-02 22:29:54,29.0,SYS_XCU001_Memory,0,0
2025-07-02 22:29:55,29.0,SYS_XCU001_Memory,0,0
2025-07-02 22:29:56,29.0,SYS_XCU001_Memory,0,0
2025-07-02 22:29:57,29.0,SYS_XCU001_Memory,0,0
2025-07-02 22:29:58,29.0,SYS_XCU001_Memory,0,0
2025-07-02 22:29:59,29.0,SYS_XCU001_Memory,0,0
2025-07-02 22:30:00,29.0,SYS_XCU001_Memory,0,0
2025-07-02 22:30:01,29.0,SYS_XCU001_Memory,0,0
2025-07-02 22:30:02,29.0,SYS_XCU001_Memory,0,0
2025-07-02 22:30:03,29.0,SYS_XCU001_Memory,0,0
2025-07-02 22:30:04,29.0,SYS_XCU001_Memory,0,0
2025-07-02 22:30:05,29.0,SYS_XCU001_Memory,0,0
2025-07-02 22:30:06,29.0,SYS_XCU001_Memory,0,0
2025-07-02 22:30:07,29.0,SYS_XCU001_Memory,0,0
2025-07-02 22:30:08,29.0,SYS_XCU001_Memory,0,0
2025-07-02 22:30:09,29.0,SYS_XCU001_Memory,0,0
2025-07-02 22:30:10,29.0,SYS_XCU001_Memory,0,0
2025-07-02 22:30:11,29.0,SYS_XCU001_Memory,0,0
2025-07-02 22:30:12,29.0,SYS_XCU001_Memory,0,0
2025-07-02 22:30:13,29.0,SYS_XCU001_Memory,0,0
2025-07-02 22:30:14,29.0,SYS_XCU001_Memory,0,0
2025-07-02 22:30:15,29.0,SYS_XCU001_Memory,0,0
2025-07-02 22:30:16,29.0,SYS_XCU001_Memory,0,0
2025-07-02 22:30:17,29.0,SYS_XCU001_Memory,0,0
2025-07-02 22:30:18,29.0,SYS_XCU001_Memory,0,0
2025-07-02 22:30:19,29.0,SYS_XCU001_Memory,0,0
2025-07-02 22:30:20,29.0,SYS_XCU001_Memory,0,0
2025-07-02 22:30:21,29.0,SYS_XCU001_Memory,0,0
2025-07-02 22:30:22,29.0,SYS_XCU001_Memory,0,0
2025-07-02 22:30:23,29.0,SYS_XCU001_Memory,0,0
2025-07-02 22:30:24,29.0,SYS_XCU001_Memory,0,0
2025-07-02 22:30:25,29.0,SYS_XCU001_Memory,0,0
2025-07-02 22:30:26,29.0,SYS_XCU001_Memory,0,0
2025-07-02 22:30:27,29.0,SYS_XCU001_Memory,0,0
2025-07-02 22:30:28,29.0,SYS_XCU001_Memory,0,0
2025-07-02 22:30:29,29.0,SYS_XCU001_Memory,0,0
2025-07-02 22:30:30,29.0,SYS_XCU001_Memory,0,0
2025-07-02 22:30:31,29.0,SYS_XCU001_Memory,0,0
2025-07-02 22:30:32,29.0,SYS_XCU001_Memory,0,0
2025-07-02 22:30:33,29.0,SYS_XCU001_Memory,0,0
2025-07-02 22:30:34,29.0,SYS_XCU001_Memory,0,0
2025-07-02 22:30:35,29.0,SYS_XCU001_Memory,0,0
2025-07-02 22:30:36,29.0,SYS_XCU001_Memory,0,0
2025-07-02 22:30:37,29.0,SYS_XCU001_Memory,0,0
2025-07-02 22:30:38,29.0,SYS_XCU001_Memory,0,0
2025-07-02 22:30:39,29.0,SYS_XCU001_Memory,0,0
2025-07-02 22:30:40,29.0,SYS_XCU001_Memory,0,0
2025-07-02 22:30:41,29.0,SYS_XCU001_Memory,0,0
2025-07-02 22:30:42,29.0,SYS_XCU001_Memory,0,0
2025-07-02 22:30:43,29.0,SYS_XCU001_Memory,0,0
2025-07-02 22:30:44,29.0,SYS_XCU001_Memory,0,0
2025-07-02 22:30:45,29.0,SYS_XCU001_Memory,0,0
2025-07-02 22:30:46,29.0,SYS_XCU001_Memory,0,0
2025-07-02 22:30:47,29.0,SYS_XCU001_Memory,0,0
2025-07-02 22:30:48,29.0,SYS_XCU001_Memory,0,0
2025-07-02 22:30:49,29.0,SYS_XCU001_Memory,0,0
2025-07-02 22:30:50,29.0,SYS_XCU001_Memory,0,0
2025-07-02 22:30:51,29.0,SYS_XCU001_Memory,0,0
2025-07-02 22:30:52,29.0,SYS_XCU001_Memory,0,0
2025-07-02 22:30:53,29.0,SYS_XCU001_Memory,0,0
2025-07-02 22:30:54,29.0,SYS_XCU001_Memory,0,0
2025-07-02 22:30:55,29.0,SYS_XCU001_Memory,0,0
2025-07-02 22:30:56,29.0,SYS_XCU001_Memory,0,0
2025-07-02 22:30:57,29.0,SYS_XCU001_Memory,0,0
2025-07-02 22:30:58,29.0,SYS_XCU001_Memory,0,0
2025-07-02 22:30:59,29.0,SYS_XCU001_Memory,0,0
2025-07-02 22:31:00,29.0,SYS_XCU001_Memory,0,0
2025-07-02 22:31:01,29.0,SYS_XCU001_Memory,0,0
2025-07-02 22:31:02,29.0,SYS_XCU001_Memory,0,0
2025-07-02 22:31:03,29.0,SYS_XCU001_Memory,0,0
2025-07-02 22:31:04,29.0,SYS_XCU001_Memory,0,0
2025-07-02 22:31:05,29.0,SYS_XCU001_Memory,0,0
2025-07-02 22:31:06,29.0,SYS_XCU001_Memory,0,0
2025-07-02 22:31:07,29.0,SYS_XCU001_Memory,0,0
2025-07-02 22:31:08,29.0,SYS_XCU001_Memory,0,0
2025-07-02 22:31:09,29.0,SYS_XCU001_Memory,0,0
2025-07-02 22:31:10,29.0,SYS_XCU001_Memory,0,0
2025-07-02 22:31:11,29.0,SYS_XCU001_Memory,0,0
2025-07-02 22:31:12,29.0,SYS_XCU001_Memory,0,0
2025-07-02 22:31:13,29.0,SYS_XCU001_Memory,0,0
2025-07-02 22:31:14,29.0,SYS_XCU001_Memory,0,0
2025-07-02 22:31:15,29.0,SYS_XCU001_Memory,0,0
2025-07-02 22:31:16,29.0,SYS_XCU001_Memory,0,0
2025-07-02 22:31:17,29.0,SYS_XCU001_Memory,0,0
2025-07-02 22:31:18,29.0,SYS_XCU001_Memory,0,0
2025-07-02 22:31:19,29.0,SYS_XCU001_Memory,0,0
2025-07-02 22:31:20,29.0,SYS_XCU001_Memory,0,0
2025-07-02 22:31:21,29.0,SYS_XCU001_Memory,0,0
2025-07-02 22:31:22,29.0,SYS_XCU001_Memory,0,0
2025-07-02 22:31:23,29.0,SYS_XCU001_Memory,0,0
2025-07-02 22:31:24,29.0,SYS_XCU001_Memory,0,0
2025-07-02 22:31:25,29.0,SYS_XCU001_Memory,0,0
2025-07-02 22:31:26,29.0,SYS_XCU001_Memory,0,0
2025-07-02 22:31:27,29.0,SYS_XCU001_Memory,0,0
2025-07-02 22:31:28,29.0,SYS_XCU001_Memory,0,0
2025-07-02 22:31:29,29.0,SYS_XCU001_Memory,0,0
2025-07-02 22:31:30,29.0,SYS_XCU001_Memory,0,0
2025-07-02 22:31:31,29.0,SYS_XCU001_Memory,0,0
2025-07-02 22:31:32,29.0,SYS_XCU001_Memory,0,0
2025-07-02 22:31:33,29.0,SYS_XCU001_Memory,0,0
2025-07-02 22:31:34,29.0,SYS_XCU001_Memory,0,0
2025-07-02 22:31:35,29.0,SYS_XCU001_Memory,0,0
2025-07-02 22:31:36,29.0,SYS_XCU001_Memory,0,0
2025-07-02 22:31:37,29.0,SYS_XCU001_Memory,0,0
2025-07-02 22:31:38,29.0,SYS_XCU001_Memory,0,0
2025-07-02 22:31:39,29.0,SYS_XCU001_Memory,0,0
2025-07-02 22:31:40,29.0,SYS_XCU001_Memory,0,0
2025-07-02 22:31:41,29.0,SYS_XCU001_Memory,0,0
2025-07-02 22:31:42,29.0,SYS_XCU001_Memory,0,0
2025-07-02 22:31:43,29.0,SYS_XCU001_Memory,0,0
2025-07-02 22:31:44,29.0,SYS_XCU001_Memory,0,0
2025-07-02 22:31:45,29.0,SYS_XCU001_Memory,0,0
2025-07-02 22:31:46,29.0,SYS_XCU001_Memory,0,0
2025-07-02 22:31:47,29.0,SYS_XCU001_Memory,0,0
2025-07-02 22:31:48,29.0,SYS_XCU001_Memory,0,0
2025-07-02 22:31:49,29.0,SYS_XCU001_Memory,0,0
2025-07-02 22:31:50,29.0,SYS_XCU001_Memory,0,0
2025-07-02 22:31:51,29.0,SYS_XCU001_Memory,0,0
2025-07-02 22:31:52,29.0,SYS_XCU001_Memory,0,0
2025-07-02 22:31:53,29.0,SYS_XCU001_Memory,0,0
2025-07-02 22:31:54,29.0,SYS_XCU001_Memory,0,0
2025-07-02 22:31:55,29.0,SYS_XCU001_Memory,0,0
2025-07-02 22:31:56,29.0,SYS_XCU001_Memory,0,0
2025-07-02 22:31:57,29.0,SYS_XCU001_Memory,0,0
2025-07-02 22:31:58,29.0,SYS_XCU001_Memory,0,0
2025-07-02 22:31:59,29.0,SYS_XCU001_Memory,0,0
2025-07-02 22:32:00,29.0,SYS_XCU001_Memory,0,0
2025-07-02 22:32:01,29.0,SYS_XCU001_Memory,0,0
2025-07-02 22:32:02,29.0,SYS_XCU001_Memory,0,0
2025-07-02 22:32:03,29.0,SYS_XCU001_Memory,0,0
2025-07-02 22:32:04,29.0,SYS_XCU001_Memory,0,0
2025-07-02 22:32:05,29.0,SYS_XCU001_Memory,0,0
2025-07-02 22:32:06,29.0,SYS_XCU001_Memory,0,0
2025-07-02 22:32:07,29.0,SYS_XCU001_Memory,0,0
2025-07-02 22:32:08,29.0,SYS_XCU001_Memory,0,0
2025-07-02 22:32:09,29.0,SYS_XCU001_Memory,0,0
2025-07-02 22:32:10,29.0,SYS_XCU001_Memory,0,0
2025-07-02 22:32:11,29.0,SYS_XCU001_Memory,0,0
2025-07-02 22:32:12,29.0,SYS_XCU001_Memory,0,0
2025-07-02 22:32:13,29.0,SYS_XCU001_Memory,0,0
2025-07-02 22:32:14,29.0,SYS_XCU001_Memory,0,0
2025-07-02 22:32:15,29.0,SYS_XCU001_Memory,0,0
2025-07-02 22:32:16,29.0,SYS_XCU001_Memory,0,0
2025-07-02 22:32:17,29.0,SYS_XCU001_Memory,0,0
2025-07-02 22:32:18,29.0,SYS_XCU001_Memory,0,0
2025-07-02 22:32:19,29.0,SYS_XCU001_Memory,0,0
2025-07-02 22:32:20,29.0,SYS_XCU001_Memory,0,0
2025-07-02 22:32:21,29.0,SYS_XCU001_Memory,0,0
2025-07-02 22:32:22,29.0,SYS_XCU001_Memory,0,0
2025-07-02 22:32:23,29.0,SYS_XCU001_Memory,0,0
2025-07-02 22:32:24,29.0,SYS_XCU001_Memory,0,0
2025-07-02 22:32:25,29.0,SYS_XCU001_Memory,0,0
2025-07-02 22:32:26,29.0,SYS_XCU001_Memory,0,0
2025-07-02 22:32:27,29.0,SYS_XCU001_Memory,0,0
2025-07-02 22:32:28,29.0,SYS_XCU001_Memory,0,0
2025-07-02 22:32:29,29.0,SYS_XCU001_Memory,0,0
2025-07-02 22:32:30,29.0,SYS_XCU001_Memory,0,0
2025-07-02 22:32:31,29.0,SYS_XCU001_Memory,0,0
2025-07-02 22:32:32,29.0,SYS_XCU001_Memory,0,0
2025-07-02 22:32:33,29.0,SYS_XCU001_Memory,0,0
2025-07-02 22:32:34,29.0,SYS_XCU001_Memory,0,0
2025-07-02 22:32:35,29.0,SYS_XCU001_Memory,0,0
2025-07-02 22:32:36,29.0,SYS_XCU001_Memory,0,0
2025-07-02 22:32:37,29.0,SYS_XCU001_Memory,0,0
2025-07-02 22:32:38,29.0,SYS_XCU001_Memory,0,0
2025-07-02 22:32:39,29.0,SYS_XCU001_Memory,0,0
2025-07-02 22:32:40,29.0,SYS_XCU001_Memory,0,0
2025-07-02 22:32:41,29.0,SYS_XCU001_Memory,0,0
2025-07-02 22:32:42,29.0,SYS_XCU001_Memory,0,0
2025-07-02 22:32:43,29.0,SYS_XCU001_Memory,0,0
2025-07-02 22:32:44,29.0,SYS_XCU001_Memory,0,0
2025-07-02 22:32:45,29.0,SYS_XCU001_Memory,0,0
2025-07-02 22:32:46,29.0,SYS_XCU001_Memory,0,0
2025-07-02 22:32:47,29.0,SYS_XCU001_Memory,0,0
2025-07-02 22:32:48,29.0,SYS_XCU001_Memory,0,0
2025-07-02 22:32:49,29.0,SYS_XCU001_Memory,0,0
2025-07-02 22:32:50,29.0,SYS_XCU001_Memory,0,0
2025-07-02 22:32:51,29.0,SYS_XCU001_Memory,0,0
2025-07-02 22:32:52,29.0,SYS_XCU001_Memory,0,0
2025-07-02 22:32:53,29.0,SYS_XCU001_Memory,0,0
2025-07-02 22:32:54,29.0,SYS_XCU001_Memory,0,0
2025-07-02 22:32:55,29.0,SYS_XCU001_Memory,0,0
2025-07-02 22:32:56,29.0,SYS_XCU001_Memory,0,0
2025-07-02 22:32:57,29.0,SYS_XCU001_Memory,0,0
2025-07-02 22:32:58,29.0,SYS_XCU001_Memory,0,0
2025-07-02 22:32:59,29.0,SYS_XCU001_Memory,0,0
2025-07-02 22:33:00,29.0,SYS_XCU001_Memory,0,0
2025-07-02 22:33:01,29.0,SYS_XCU001_Memory,0,0
2025-07-02 22:33:02,29.0,SYS_XCU001_Memory,0,0
2025-07-02 22:33:03,29.0,SYS_XCU001_Memory,0,0
2025-07-02 22:33:04,29.0,SYS_XCU001_Memory,0,0
2025-07-02 22:33:05,29.0,SYS_XCU001_Memory,0,0
2025-07-02 22:33:06,29.0,SYS_XCU001_Memory,0,0
2025-07-02 22:33:07,29.0,SYS_XCU001_Memory,0,0
2025-07-02 22:33:08,29.0,SYS_XCU001_Memory,0,0
2025-07-02 22:33:09,29.0,SYS_XCU001_Memory,0,0
2025-07-02 22:33:10,29.0,SYS_XCU001_Memory,0,0
2025-07-02 22:33:11,29.0,SYS_XCU001_Memory,0,0
2025-07-02 22:33:12,29.0,SYS_XCU001_Memory,0,0
2025-07-02 22:33:13,29.0,SYS_XCU001_Memory,0,0
2025-07-02 22:33:14,29.0,SYS_XCU001_Memory,0,0
2025-07-02 22:33:15,29.0,SYS_XCU001_Memory,0,0
2025-07-02 22:33:16,29.0,SYS_XCU001_Memory,0,0
2025-07-02 22:33:17,29.0,SYS_XCU001_Memory,0,0
2025-07-02 22:33:18,29.0,SYS_XCU001_Memory,0,0
2025-07-02 22:33:19,29.0,SYS_XCU001_Memory,0,0
2025-07-02 22:33:20,29.0,SYS_XCU001_Memory,0,0
2025-07-02 22:33:21,29.0,SYS_XCU001_Memory,0,0
2025-07-02 22:33:22,29.0,SYS_XCU001_Memory,0,0
2025-07-02 22:33:23,29.0,SYS_XCU001_Memory,0,0
2025-07-02 22:33:24,29.0,SYS_XCU001_Memory,0,0
2025-07-02 22:33:25,29.0,SYS_XCU001_Memory,0,0
2025-07-02 22:33:26,29.0,SYS_XCU001_Memory,0,0
2025-07-02 22:33:27,29.0,SYS_XCU001_Memory,0,0
2025-07-02 22:33:28,29.0,SYS_XCU001_Memory,0,0
2025-07-02 22:33:29,29.0,SYS_XCU001_Memory,0,0
2025-07-02 22:33:30,29.0,SYS_XCU001_Memory,0,0
2025-07-02 22:33:31,29.0,SYS_XCU001_Memory,0,0
2025-07-02 22:33:32,29.0,SYS_XCU001_Memory,0,0
2025-07-02 22:33:33,29.0,SYS_XCU001_Memory,0,0
2025-07-02 22:33:34,29.0,SYS_XCU001_Memory,0,0
2025-07-02 22:33:35,29.0,SYS_XCU001_Memory,0,0
2025-07-02 22:33:36,29.0,SYS_XCU001_Memory,0,0
2025-07-02 22:33:37,29.0,SYS_XCU001_Memory,0,0
2025-07-02 22:33:38,29.0,SYS_XCU001_Memory,0,0
2025-07-02 22:33:39,29.0,SYS_XCU001_Memory,0,0
2025-07-02 22:33:40,29.0,SYS_XCU001_Memory,0,0
2025-07-02 22:33:41,29.0,SYS_XCU001_Memory,0,0
2025-07-02 22:33:42,29.0,SYS_XCU001_Memory,0,0
2025-07-02 22:33:43,29.0,SYS_XCU001_Memory,0,0
2025-07-02 22:33:44,29.0,SYS_XCU001_Memory,0,0
2025-07-02 22:33:45,29.0,SYS_XCU001_Memory,0,0
2025-07-02 22:33:46,29.0,SYS_XCU001_Memory,0,0
2025-07-02 22:33:47,29.0,SYS_XCU001_Memory,0,0
2025-07-02 22:33:48,29.0,SYS_XCU001_Memory,0,0
2025-07-02 22:33:49,29.0,SYS_XCU001_Memory,0,0
2025-07-02 22:33:50,29.0,SYS_XCU001_Memory,0,0
2025-07-02 22:33:51,29.0,SYS_XCU001_Memory,0,0
2025-07-02 22:33:52,29.0,SYS_XCU001_Memory,0,0
2025-07-02 22:33:53,29.0,SYS_XCU001_Memory,0,0
2025-07-02 22:33:54,29.0,SYS_XCU001_Memory,0,0
2025-07-02 22:33:55,29.0,SYS_XCU001_Memory,0,0
2025-07-02 22:33:56,29.0,SYS_XCU001_Memory,0,0
2025-07-02 22:33:57,29.0,SYS_XCU001_Memory,0,0
2025-07-02 22:33:58,29.0,SYS_XCU001_Memory,0,0
2025-07-02 22:33:59,29.0,SYS_XCU001_Memory,0,0
2025-07-02 22:34:00,29.0,SYS_XCU001_Memory,0,0
2025-07-02 22:34:01,29.0,SYS_XCU001_Memory,0,0
2025-07-02 22:34:02,29.0,SYS_XCU001_Memory,0,0
2025-07-02 22:34:03,29.0,SYS_XCU001_Memory,0,0
2025-07-02 22:34:04,29.0,SYS_XCU001_Memory,0,0
2025-07-02 22:34:05,29.0,SYS_XCU001_Memory,0,0
2025-07-02 22:34:06,29.0,SYS_XCU001_Memory,0,0
2025-07-02 22:34:07,29.0,SYS_XCU001_Memory,0,0
2025-07-02 22:34:08,29.0,SYS_XCU001_Memory,0,0
2025-07-02 22:34:09,29.0,SYS_XCU001_Memory,0,0
2025-07-02 22:34:10,29.0,SYS_XCU001_Memory,0,0
2025-07-02 22:34:11,29.0,SYS_XCU001_Memory,0,0
2025-07-02 22:34:12,29.0,SYS_XCU001_Memory,0,0
2025-07-02 22:34:13,29.0,SYS_XCU001_Memory,0,0
2025-07-02 22:34:14,29.0,SYS_XCU001_Memory,0,0
2025-07-02 22:34:15,29.0,SYS_XCU001_Memory,0,0
2025-07-02 22:34:16,29.0,SYS_XCU001_Memory,0,0
2025-07-02 22:34:17,29.0,SYS_XCU001_Memory,0,0
2025-07-02 22:34:18,29.0,SYS_XCU001_Memory,0,0
2025-07-02 22:34:19,29.0,SYS_XCU001_Memory,0,0
2025-07-02 22:34:20,29.0,SYS_XCU001_Memory,0,0
2025-07-02 22:34:21,29.0,SYS_XCU001_Memory,0,0
2025-07-02 22:34:22,29.0,SYS_XCU001_Memory,0,0
2025-07-02 22:34:23,29.0,SYS_XCU001_Memory,0,0
2025-07-02 22:34:24,29.0,SYS_XCU001_Memory,0,0
2025-07-02 22:34:25,29.0,SYS_XCU001_Memory,0,0
2025-07-02 22:34:26,29.0,SYS_XCU001_Memory,0,0
2025-07-02 22:34:27,29.0,SYS_XCU001_Memory,0,0
2025-07-02 22:34:28,29.0,SYS_XCU001_Memory,0,0
2025-07-02 22:34:29,29.0,SYS_XCU001_Memory,0,0
2025-07-02 22:34:30,29.0,SYS_XCU001_Memory,0,0
2025-07-02 22:34:31,29.0,SYS_XCU001_Memory,0,0
2025-07-02 22:34:32,29.0,SYS_XCU001_Memory,0,0
2025-07-02 22:34:33,29.0,SYS_XCU001_Memory,0,0
2025-07-02 22:34:34,29.0,SYS_XCU001_Memory,0,0
2025-07-02 22:34:35,29.0,SYS_XCU001_Memory,0,0
2025-07-02 22:34:36,29.0,SYS_XCU001_Memory,0,0
2025-07-02 22:34:37,29.0,SYS_XCU001_Memory,0,0
2025-07-02 22:34:38,29.0,SYS_XCU001_Memory,0,0
2025-07-02 22:34:39,29.0,SYS_XCU001_Memory,0,0
2025-07-02 22:34:40,29.0,SYS_XCU001_Memory,0,0
2025-07-02 22:34:41,29.0,SYS_XCU001_Memory,0,0
2025-07-02 22:34:42,29.0,SYS_XCU001_Memory,0,0
2025-07-02 22:34:43,29.0,SYS_XCU001_Memory,0,0
2025-07-02 22:34:44,29.0,SYS_XCU001_Memory,0,0
2025-07-02 22:34:45,29.0,SYS_XCU001_Memory,0,0
2025-07-02 22:34:46,29.0,SYS_XCU001_Memory,0,0
2025-07-02 22:34:47,29.0,SYS_XCU001_Memory,0,0
2025-07-02 22:34:48,29.0,SYS_XCU001_Memory,0,0
2025-07-02 22:34:49,29.0,SYS_XCU001_Memory,0,0
2025-07-02 22:34:50,29.0,SYS_XCU001_Memory,0,0
2025-07-02 22:34:51,29.0,SYS_XCU001_Memory,0,0
2025-07-02 22:34:52,29.0,SYS_XCU001_Memory,0,0
2025-07-02 22:34:53,29.0,SYS_XCU001_Memory,0,0
2025-07-02 22:34:54,29.0,SYS_XCU001_Memory,0,0
2025-07-02 22:34:55,29.0,SYS_XCU001_Memory,0,0
2025-07-02 22:34:56,29.0,SYS_XCU001_Memory,0,0
2025-07-02 22:34:57,29.0,SYS_XCU001_Memory,0,0
2025-07-02 22:34:58,29.0,SYS_XCU001_Memory,0,0
2025-07-02 22:34:59,29.0,SYS_XCU001_Memory,0,0
2025-07-02 22:35:00,29.0,SYS_XCU001_Memory,0,0
2025-07-02 22:35:01,29.0,SYS_XCU001_Memory,0,0
2025-07-02 22:35:02,29.0,SYS_XCU001_Memory,0,0
2025-07-02 22:35:03,29.0,SYS_XCU001_Memory,0,0
2025-07-02 22:35:04,29.0,SYS_XCU001_Memory,0,0
2025-07-02 22:35:05,29.0,SYS_XCU001_Memory,0,0
2025-07-02 22:35:06,29.0,SYS_XCU001_Memory,0,0
2025-07-02 22:35:07,29.0,SYS_XCU001_Memory,0,0
2025-07-02 22:35:08,29.0,SYS_XCU001_Memory,0,0
2025-07-02 22:35:09,29.0,SYS_XCU001_Memory,0,0
2025-07-02 22:35:10,29.0,SYS_XCU001_Memory,0,0
2025-07-02 22:35:11,29.0,SYS_XCU001_Memory,0,0
2025-07-02 22:35:12,29.0,SYS_XCU001_Memory,0,0
2025-07-02 22:35:13,29.0,SYS_XCU001_Memory,0,0
2025-07-02 22:35:14,29.0,SYS_XCU001_Memory,0,0
2025-07-02 22:35:15,29.0,SYS_XCU001_Memory,0,0
2025-07-02 22:35:16,29.0,SYS_XCU001_Memory,0,0
2025-07-02 22:35:17,29.0,SYS_XCU001_Memory,0,0
2025-07-02 22:35:18,29.0,SYS_XCU001_Memory,0,0
2025-07-02 22:35:19,29.0,SYS_XCU001_Memory,0,0
2025-07-02 22:35:20,29.0,SYS_XCU001_Memory,0,0
2025-07-02 22:35:21,29.0,SYS_XCU001_Memory,0,0
2025-07-02 22:35:22,29.0,SYS_XCU001_Memory,0,0
2025-07-02 22:35:23,29.0,SYS_XCU001_Memory,0,0
2025-07-02 22:35:24,29.0,SYS_XCU001_Memory,0,0
2025-07-02 22:35:25,29.0,SYS_XCU001_Memory,0,0
2025-07-02 22:35:26,29.0,SYS_XCU001_Memory,0,0
2025-07-02 22:35:27,29.0,SYS_XCU001_Memory,0,0
2025-07-02 22:35:28,29.0,SYS_XCU001_Memory,0,0
2025-07-02 22:35:29,29.0,SYS_XCU001_Memory,0,0
2025-07-02 22:35:30,29.0,SYS_XCU001_Memory,0,0
2025-07-02 22:35:31,29.0,SYS_XCU001_Memory,0,0
2025-07-02 22:35:32,29.0,SYS_XCU001_Memory,0,0
2025-07-02 22:35:33,29.0,SYS_XCU001_Memory,0,0
2025-07-02 22:35:34,29.0,SYS_XCU001_Memory,0,0
2025-07-02 22:35:35,29.0,SYS_XCU001_Memory,0,0
2025-07-02 22:35:36,29.0,SYS_XCU001_Memory,0,0
2025-07-02 22:35:37,29.0,SYS_XCU001_Memory,0,0
2025-07-02 22:35:38,29.0,SYS_XCU001_Memory,0,0
2025-07-02 22:35:39,29.0,SYS_XCU001_Memory,0,0
2025-07-02 22:35:40,29.0,SYS_XCU001_Memory,0,0
2025-07-02 22:35:41,29.0,SYS_XCU001_Memory,0,0
2025-07-02 22:35:42,29.0,SYS_XCU001_Memory,0,0
2025-07-02 22:35:43,29.0,SYS_XCU001_Memory,0,0
2025-07-02 22:35:44,29.0,SYS_XCU001_Memory,0,0
2025-07-02 22:35:45,29.0,SYS_XCU001_Memory,0,0
2025-07-02 22:35:46,29.0,SYS_XCU001_Memory,0,0
2025-07-02 22:35:47,29.0,SYS_XCU001_Memory,0,0
2025-07-02 22:35:48,29.0,SYS_XCU001_Memory,0,0
2025-07-02 22:35:49,29.0,SYS_XCU001_Memory,0,0
2025-07-02 22:35:50,29.0,SYS_XCU001_Memory,0,0
2025-07-02 22:35:51,29.0,SYS_XCU001_Memory,0,0
2025-07-02 22:35:52,29.0,SYS_XCU001_Memory,0,0
2025-07-02 22:35:53,29.0,SYS_XCU001_Memory,0,0
2025-07-02 22:35:54,29.0,SYS_XCU001_Memory,0,0
2025-07-02 22:35:55,29.0,SYS_XCU001_Memory,0,0
2025-07-02 22:35:56,29.0,SYS_XCU001_Memory,0,0
2025-07-02 22:35:57,29.0,SYS_XCU001_Memory,0,0
2025-07-02 22:35:58,29.0,SYS_XCU001_Memory,0,0
2025-07-02 22:35:59,29.0,SYS_XCU001_Memory,0,0
2025-07-02 22:36:00,29.0,SYS_XCU001_Memory,0,0
2025-07-02 22:36:01,29.000001907348633,SYS_XCU001_Memory,0,0
2025-07-02 22:36:02,29.000001907348633,SYS_XCU001_Memory,0,0
2025-07-02 22:36:03,29.000001907348633,SYS_XCU001_Memory,0,0
2025-07-02 22:36:04,29.000001907348633,SYS_XCU001_Memory,0,0
2025-07-02 22:36:05,29.000001907348633,SYS_XCU001_Memory,0,0
2025-07-02 22:36:06,29.000001907348633,SYS_XCU001_Memory,0,0
2025-07-02 22:36:07,29.000001907348633,SYS_XCU001_Memory,0,0
2025-07-02 22:36:08,29.000001907348633,SYS_XCU001_Memory,0,0
2025-07-02 22:36:09,29.0,SYS_XCU001_Memory,0,0
2025-07-02 22:36:10,29.0,SYS_XCU001_Memory,0,0
2025-07-02 22:36:11,29.0,SYS_XCU001_Memory,0,0
2025-07-02 22:36:12,29.0,SYS_XCU001_Memory,0,0
2025-07-02 22:36:13,29.0,SYS_XCU001_Memory,0,0
2025-07-02 22:36:14,29.0,SYS_XCU001_Memory,0,0
2025-07-02 22:36:15,29.0,SYS_XCU001_Memory,0,0
2025-07-02 22:36:16,29.0,SYS_XCU001_Memory,0,0
2025-07-02 22:36:17,29.0,SYS_XCU001_Memory,0,0
2025-07-02 22:36:18,29.0,SYS_XCU001_Memory,0,0
2025-07-02 22:36:19,29.0,SYS_XCU001_Memory,0,0
2025-07-02 22:36:20,29.0,SYS_XCU001_Memory,0,0
2025-07-02 22:36:21,29.0,SYS_XCU001_Memory,0,0
2025-07-02 22:36:22,29.0,SYS_XCU001_Memory,0,0
2025-07-02 22:36:23,29.0,SYS_XCU001_Memory,0,0
2025-07-02 22:36:24,29.0,SYS_XCU001_Memory,0,0
2025-07-02 22:36:25,29.0,SYS_XCU001_Memory,0,0
2025-07-02 22:36:26,29.0,SYS_XCU001_Memory,0,0
2025-07-02 22:36:27,29.0,SYS_XCU001_Memory,0,0
2025-07-02 22:36:28,29.0,SYS_XCU001_Memory,0,0
2025-07-02 22:36:29,29.0,SYS_XCU001_Memory,0,0
2025-07-02 22:36:30,29.0,SYS_XCU001_Memory,0,0
2025-07-02 22:36:31,29.0,SYS_XCU001_Memory,0,0
2025-07-02 22:36:32,29.0,SYS_XCU001_Memory,0,0
2025-07-02 22:36:33,29.0,SYS_XCU001_Memory,0,0
2025-07-02 22:36:34,29.0,SYS_XCU001_Memory,0,0
2025-07-02 22:36:35,29.0,SYS_XCU001_Memory,0,0
2025-07-02 22:36:36,29.0,SYS_XCU001_Memory,0,0
2025-07-02 22:36:37,29.0,SYS_XCU001_Memory,0,0
2025-07-02 22:36:38,29.0,SYS_XCU001_Memory,0,0
2025-07-02 22:36:39,29.0,SYS_XCU001_Memory,0,0
2025-07-02 22:36:40,29.0,SYS_XCU001_Memory,0,0
2025-07-02 22:36:41,29.0,SYS_XCU001_Memory,0,0
2025-07-02 22:36:42,29.0,SYS_XCU001_Memory,0,0
2025-07-02 22:36:43,29.0,SYS_XCU001_Memory,0,0
2025-07-02 22:36:44,29.0,SYS_XCU001_Memory,0,0
2025-07-02 22:36:45,29.0,SYS_XCU001_Memory,0,0
2025-07-02 22:36:46,29.0,SYS_XCU001_Memory,0,0
2025-07-02 22:36:47,29.0,SYS_XCU001_Memory,0,0
2025-07-02 22:36:48,29.0,SYS_XCU001_Memory,0,0
2025-07-02 22:36:49,29.0,SYS_XCU001_Memory,0,0
2025-07-02 22:36:50,29.0,SYS_XCU001_Memory,0,0
2025-07-02 22:36:51,29.0,SYS_XCU001_Memory,0,0
2025-07-02 22:36:52,29.0,SYS_XCU001_Memory,0,0
2025-07-02 22:36:53,29.0,SYS_XCU001_Memory,0,0
2025-07-02 22:36:54,29.0,SYS_XCU001_Memory,0,0
2025-07-02 22:36:55,29.0,SYS_XCU001_Memory,0,0
2025-07-02 22:36:56,29.0,SYS_XCU001_Memory,0,0
2025-07-02 22:36:57,29.0,SYS_XCU001_Memory,0,0
2025-07-02 22:36:58,29.0,SYS_XCU001_Memory,0,0
2025-07-02 22:36:59,29.0,SYS_XCU001_Memory,0,0
2025-07-02 22:37:00,29.0,SYS_XCU001_Memory,0,0
2025-07-02 22:37:01,29.0,SYS_XCU001_Memory,0,0
2025-07-02 22:37:02,29.0,SYS_XCU001_Memory,0,0
2025-07-02 22:37:03,29.0,SYS_XCU001_Memory,0,0
2025-07-02 22:37:04,29.0,SYS_XCU001_Memory,0,0
2025-07-02 22:37:05,29.0,SYS_XCU001_Memory,0,0
2025-07-02 22:37:06,29.0,SYS_XCU001_Memory,0,0
2025-07-02 22:37:07,29.0,SYS_XCU001_Memory,0,0
2025-07-02 22:37:08,29.0,SYS_XCU001_Memory,0,0
2025-07-02 22:37:09,29.0,SYS_XCU001_Memory,0,0
2025-07-02 22:37:10,29.0,SYS_XCU001_Memory,0,0
2025-07-02 22:37:11,29.0,SYS_XCU001_Memory,0,0
2025-07-02 22:37:12,29.0,SYS_XCU001_Memory,0,0
2025-07-02 22:37:13,29.0,SYS_XCU001_Memory,0,0
2025-07-02 22:37:14,29.0,SYS_XCU001_Memory,0,0
2025-07-02 22:37:15,29.0,SYS_XCU001_Memory,0,0
2025-07-02 22:37:16,29.0,SYS_XCU001_Memory,0,0
2025-07-02 22:37:17,29.0,SYS_XCU001_Memory,0,0
2025-07-02 22:37:18,29.0,SYS_XCU001_Memory,0,0
2025-07-02 22:37:19,29.0,SYS_XCU001_Memory,0,0
2025-07-02 22:37:20,29.0,SYS_XCU001_Memory,0,0
2025-07-02 22:37:21,29.0,SYS_XCU001_Memory,0,0
2025-07-02 22:37:22,29.0,SYS_XCU001_Memory,0,0
2025-07-02 22:37:23,29.0,SYS_XCU001_Memory,0,0
2025-07-02 22:37:24,29.0,SYS_XCU001_Memory,0,0
2025-07-02 22:37:25,29.0,SYS_XCU001_Memory,0,0
2025-07-02 22:37:26,29.0,SYS_XCU001_Memory,0,0
2025-07-02 22:37:27,29.0,SYS_XCU001_Memory,0,0
2025-07-02 22:37:28,29.0,SYS_XCU001_Memory,0,0
2025-07-02 22:37:29,29.0,SYS_XCU001_Memory,0,0
2025-07-02 22:37:30,29.0,SYS_XCU001_Memory,0,0
2025-07-02 22:37:31,29.0,SYS_XCU001_Memory,0,0
2025-07-02 22:37:32,29.0,SYS_XCU001_Memory,0,0
2025-07-02 22:37:33,29.0,SYS_XCU001_Memory,0,0
2025-07-02 22:37:34,29.0,SYS_XCU001_Memory,0,0
2025-07-02 22:37:35,29.0,SYS_XCU001_Memory,0,0
2025-07-02 22:37:36,29.0,SYS_XCU001_Memory,0,0
2025-07-02 22:37:37,29.0,SYS_XCU001_Memory,0,0
2025-07-02 22:37:38,29.0,SYS_XCU001_Memory,0,0
2025-07-02 22:37:39,29.0,SYS_XCU001_Memory,0,0
2025-07-02 22:37:40,29.0,SYS_XCU001_Memory,0,0
2025-07-02 22:37:41,29.0,SYS_XCU001_Memory,0,0
2025-07-02 22:37:42,29.0,SYS_XCU001_Memory,0,0
2025-07-02 22:37:43,29.0,SYS_XCU001_Memory,0,0
2025-07-02 22:37:44,29.0,SYS_XCU001_Memory,0,0
2025-07-02 22:37:45,29.0,SYS_XCU001_Memory,0,0
2025-07-02 22:37:46,29.0,SYS_XCU001_Memory,0,0
2025-07-02 22:37:47,29.0,SYS_XCU001_Memory,0,0
2025-07-02 22:37:48,29.0,SYS_XCU001_Memory,0,0
2025-07-02 22:37:49,29.0,SYS_XCU001_Memory,0,0
2025-07-02 22:37:50,29.0,SYS_XCU001_Memory,0,0
2025-07-02 22:37:51,29.0,SYS_XCU001_Memory,0,0
2025-07-02 22:37:52,29.0,SYS_XCU001_Memory,0,0
2025-07-02 22:37:53,29.0,SYS_XCU001_Memory,0,0
2025-07-02 22:37:54,29.0,SYS_XCU001_Memory,0,0
2025-07-02 22:37:55,29.0,SYS_XCU001_Memory,0,0
2025-07-02 22:37:56,29.0,SYS_XCU001_Memory,0,0
2025-07-02 22:37:57,29.0,SYS_XCU001_Memory,0,0
2025-07-02 22:37:58,29.0,SYS_XCU001_Memory,0,0
2025-07-02 22:37:59,29.0,SYS_XCU001_Memory,0,0
2025-07-02 22:38:00,29.0,SYS_XCU001_Memory,0,0
2025-07-02 22:38:01,29.0,SYS_XCU001_Memory,0,0
2025-07-02 22:38:02,29.0,SYS_XCU001_Memory,0,0
2025-07-02 22:38:03,29.0,SYS_XCU001_Memory,0,0
2025-07-02 22:38:04,29.0,SYS_XCU001_Memory,0,0
2025-07-02 22:38:05,29.0,SYS_XCU001_Memory,0,0
2025-07-02 22:38:06,29.0,SYS_XCU001_Memory,0,0
2025-07-02 22:38:07,29.0,SYS_XCU001_Memory,0,0
2025-07-02 22:38:08,29.0,SYS_XCU001_Memory,0,0
2025-07-02 22:38:09,29.0,SYS_XCU001_Memory,0,0
2025-07-02 22:38:10,29.0,SYS_XCU001_Memory,0,0
2025-07-02 22:38:11,29.0,SYS_XCU001_Memory,0,0
2025-07-02 22:38:12,29.0,SYS_XCU001_Memory,0,0
2025-07-02 22:38:13,29.0,SYS_XCU001_Memory,0,0
2025-07-02 22:38:14,29.0,SYS_XCU001_Memory,0,0
2025-07-02 22:38:15,29.0,SYS_XCU001_Memory,0,0
2025-07-02 22:38:16,29.0,SYS_XCU001_Memory,0,0
2025-07-02 22:38:17,29.0,SYS_XCU001_Memory,0,0
2025-07-02 22:38:18,29.0,SYS_XCU001_Memory,0,0
2025-07-02 22:38:19,29.0,SYS_XCU001_Memory,0,0
2025-07-02 22:38:20,29.0,SYS_XCU001_Memory,0,0
2025-07-02 22:38:21,29.0,SYS_XCU001_Memory,0,0
2025-07-02 22:38:22,29.0,SYS_XCU001_Memory,0,0
2025-07-02 22:38:23,29.0,SYS_XCU001_Memory,0,0
2025-07-02 22:38:24,29.0,SYS_XCU001_Memory,0,0
2025-07-02 22:38:25,29.0,SYS_XCU001_Memory,0,0
2025-07-02 22:38:26,29.0,SYS_XCU001_Memory,0,0
2025-07-02 22:38:27,29.0,SYS_XCU001_Memory,0,0
2025-07-02 22:38:28,29.0,SYS_XCU001_Memory,0,0
2025-07-02 22:38:29,29.0,SYS_XCU001_Memory,0,0
2025-07-02 22:38:30,29.0,SYS_XCU001_Memory,0,0
2025-07-02 22:38:31,29.0,SYS_XCU001_Memory,0,0
2025-07-02 22:38:32,29.0,SYS_XCU001_Memory,0,0
2025-07-02 22:38:33,29.0,SYS_XCU001_Memory,0,0
2025-07-02 22:38:34,29.0,SYS_XCU001_Memory,0,0
2025-07-02 22:38:35,29.0,SYS_XCU001_Memory,0,0
2025-07-02 22:38:36,29.0,SYS_XCU001_Memory,0,0
2025-07-02 22:38:37,29.0,SYS_XCU001_Memory,0,0
2025-07-02 22:38:38,29.0,SYS_XCU001_Memory,0,0
2025-07-02 22:38:39,29.0,SYS_XCU001_Memory,0,0
2025-07-02 22:38:40,29.0,SYS_XCU001_Memory,0,0
2025-07-02 22:38:41,29.0,SYS_XCU001_Memory,0,0
2025-07-02 22:38:42,29.0,SYS_XCU001_Memory,0,0
2025-07-02 22:38:43,29.0,SYS_XCU001_Memory,0,0
2025-07-02 22:38:44,29.0,SYS_XCU001_Memory,0,0
2025-07-02 22:38:45,29.0,SYS_XCU001_Memory,0,0
2025-07-02 22:38:46,29.0,SYS_XCU001_Memory,0,0
2025-07-02 22:38:47,29.0,SYS_XCU001_Memory,0,0
2025-07-02 22:38:48,29.0,SYS_XCU001_Memory,0,0
2025-07-02 22:38:49,29.0,SYS_XCU001_Memory,0,0
2025-07-02 22:38:50,29.0,SYS_XCU001_Memory,0,0
2025-07-02 22:38:51,29.0,SYS_XCU001_Memory,0,0
2025-07-02 22:38:52,29.0,SYS_XCU001_Memory,0,0
2025-07-02 22:38:53,29.0,SYS_XCU001_Memory,0,0
2025-07-02 22:38:54,29.0,SYS_XCU001_Memory,0,0
2025-07-02 22:38:55,29.0,SYS_XCU001_Memory,0,0
2025-07-02 22:38:56,29.0,SYS_XCU001_Memory,0,0
2025-07-02 22:38:57,29.0,SYS_XCU001_Memory,0,0
2025-07-02 22:38:58,29.0,SYS_XCU001_Memory,0,0
2025-07-02 22:38:59,29.0,SYS_XCU001_Memory,0,0
2025-07-02 22:39:00,29.0,SYS_XCU001_Memory,0,0
2025-07-02 22:39:01,29.0,SYS_XCU001_Memory,0,0
2025-07-02 22:39:02,29.0,SYS_XCU001_Memory,0,0
2025-07-02 22:39:03,29.0,SYS_XCU001_Memory,0,0
2025-07-02 22:39:04,29.0,SYS_XCU001_Memory,0,0
2025-07-02 22:39:05,29.0,SYS_XCU001_Memory,0,0
2025-07-02 22:39:06,29.0,SYS_XCU001_Memory,0,0
2025-07-02 22:39:07,29.0,SYS_XCU001_Memory,0,0
2025-07-02 22:39:08,29.0,SYS_XCU001_Memory,0,0
2025-07-02 22:39:09,29.0,SYS_XCU001_Memory,0,0
2025-07-02 22:39:10,29.0,SYS_XCU001_Memory,0,0
2025-07-02 22:39:11,29.0,SYS_XCU001_Memory,0,0
2025-07-02 22:39:12,29.0,SYS_XCU001_Memory,0,0
2025-07-02 22:39:13,29.0,SYS_XCU001_Memory,0,0
2025-07-02 22:39:14,29.0,SYS_XCU001_Memory,0,0
2025-07-02 22:39:15,29.0,SYS_XCU001_Memory,0,0
2025-07-02 22:39:16,29.0,SYS_XCU001_Memory,0,0
2025-07-02 22:39:17,29.0,SYS_XCU001_Memory,0,0
2025-07-02 22:39:18,29.0,SYS_XCU001_Memory,0,0
2025-07-02 22:39:19,29.0,SYS_XCU001_Memory,0,0
2025-07-02 22:39:20,29.0,SYS_XCU001_Memory,0,0
2025-07-02 22:39:21,29.0,SYS_XCU001_Memory,0,0
2025-07-02 22:39:22,29.0,SYS_XCU001_Memory,0,0
2025-07-02 22:39:23,29.0,SYS_XCU001_Memory,0,0
2025-07-02 22:39:24,29.0,SYS_XCU001_Memory,0,0
2025-07-02 22:39:25,29.0,SYS_XCU001_Memory,0,0
2025-07-02 22:39:26,29.0,SYS_XCU001_Memory,0,0
2025-07-02 22:39:27,29.0,SYS_XCU001_Memory,0,0
2025-07-02 22:39:28,29.0,SYS_XCU001_Memory,0,0
2025-07-02 22:39:29,29.0,SYS_XCU001_Memory,0,0
2025-07-02 22:39:30,29.0,SYS_XCU001_Memory,0,0
2025-07-02 22:39:31,29.0,SYS_XCU001_Memory,0,0
2025-07-02 22:39:32,29.0,SYS_XCU001_Memory,0,0
2025-07-02 22:39:33,29.0,SYS_XCU001_Memory,0,0
2025-07-02 22:39:34,29.0,SYS_XCU001_Memory,0,0
2025-07-02 22:39:35,29.0,SYS_XCU001_Memory,0,0
2025-07-02 22:39:36,29.0,SYS_XCU001_Memory,0,0
2025-07-02 22:39:37,29.0,SYS_XCU001_Memory,0,0
2025-07-02 22:39:38,29.0,SYS_XCU001_Memory,0,0
2025-07-02 22:39:39,29.0,SYS_XCU001_Memory,0,0
2025-07-02 22:39:40,29.0,SYS_XCU001_Memory,0,0
2025-07-02 22:39:41,29.0,SYS_XCU001_Memory,0,0
2025-07-02 22:39:42,29.0,SYS_XCU001_Memory,0,0
2025-07-02 22:39:43,29.0,SYS_XCU001_Memory,0,0
2025-07-02 22:39:44,29.0,SYS_XCU001_Memory,0,0
2025-07-02 22:39:45,29.0,SYS_XCU001_Memory,0,0
2025-07-02 22:39:46,29.0,SYS_XCU001_Memory,0,0
2025-07-02 22:39:47,29.0,SYS_XCU001_Memory,0,0
2025-07-02 22:39:48,29.0,SYS_XCU001_Memory,0,0
2025-07-02 22:39:49,29.0,SYS_XCU001_Memory,0,0
2025-07-02 22:39:50,29.0,SYS_XCU001_Memory,0,0
2025-07-02 22:39:51,29.0,SYS_XCU001_Memory,0,0
2025-07-02 22:39:52,29.0,SYS_XCU001_Memory,0,0
2025-07-02 22:39:53,29.0,SYS_XCU001_Memory,0,0
2025-07-02 22:39:54,29.0,SYS_XCU001_Memory,0,0
2025-07-02 22:39:55,29.0,SYS_XCU001_Memory,0,0
2025-07-02 22:39:56,29.0,SYS_XCU001_Memory,0,0
2025-07-02 22:39:57,29.0,SYS_XCU001_Memory,0,0
2025-07-02 22:39:58,29.0,SYS_XCU001_Memory,0,0
2025-07-02 22:39:59,29.0,SYS_XCU001_Memory,0,0
2025-07-02 22:40:00,29.0,SYS_XCU001_Memory,0,0
2025-07-02 22:40:01,29.0,SYS_XCU001_Memory,0,0
2025-07-02 22:40:02,29.0,SYS_XCU001_Memory,0,0
2025-07-02 22:40:03,29.0,SYS_XCU001_Memory,0,0
2025-07-02 22:40:04,29.0,SYS_XCU001_Memory,0,0
2025-07-02 22:40:05,29.0,SYS_XCU001_Memory,0,0
2025-07-02 22:40:06,29.0,SYS_XCU001_Memory,0,0
2025-07-02 22:40:07,29.0,SYS_XCU001_Memory,0,0
2025-07-02 22:40:08,29.0,SYS_XCU001_Memory,0,0
2025-07-02 22:40:09,29.0,SYS_XCU001_Memory,0,0
2025-07-02 22:40:10,29.0,SYS_XCU001_Memory,0,0
2025-07-02 22:40:11,29.0,SYS_XCU001_Memory,0,0
2025-07-02 22:40:12,29.0,SYS_XCU001_Memory,0,0
2025-07-02 22:40:13,29.0,SYS_XCU001_Memory,0,0
2025-07-02 22:40:14,29.0,SYS_XCU001_Memory,0,0
2025-07-02 22:40:15,29.0,SYS_XCU001_Memory,0,0
2025-07-02 22:40:16,29.0,SYS_XCU001_Memory,0,0
2025-07-02 22:40:17,29.0,SYS_XCU001_Memory,0,0
2025-07-02 22:40:18,29.0,SYS_XCU001_Memory,0,0
2025-07-02 22:40:19,29.0,SYS_XCU001_Memory,0,0
2025-07-02 22:40:20,29.0,SYS_XCU001_Memory,0,0
2025-07-02 22:40:21,29.0,SYS_XCU001_Memory,0,0
2025-07-02 22:40:22,29.0,SYS_XCU001_Memory,0,0
2025-07-02 22:40:23,29.0,SYS_XCU001_Memory,0,0
2025-07-02 22:40:24,29.0,SYS_XCU001_Memory,0,0
2025-07-02 22:40:25,29.0,SYS_XCU001_Memory,0,0
2025-07-02 22:40:26,29.0,SYS_XCU001_Memory,0,0
2025-07-02 22:40:27,29.0,SYS_XCU001_Memory,0,0
2025-07-02 22:40:28,29.0,SYS_XCU001_Memory,0,0
2025-07-02 22:40:29,29.0,SYS_XCU001_Memory,0,0
2025-07-02 22:40:30,29.0,SYS_XCU001_Memory,0,0
2025-07-02 22:40:31,29.0,SYS_XCU001_Memory,0,0
2025-07-02 22:40:32,29.0,SYS_XCU001_Memory,0,0
2025-07-02 22:40:33,29.0,SYS_XCU001_Memory,0,0
2025-07-02 22:40:34,29.0,SYS_XCU001_Memory,0,0
2025-07-02 22:40:35,29.0,SYS_XCU001_Memory,0,0
2025-07-02 22:40:36,29.0,SYS_XCU001_Memory,0,0
2025-07-02 22:40:37,29.0,SYS_XCU001_Memory,0,0
2025-07-02 22:40:38,29.0,SYS_XCU001_Memory,0,0
2025-07-02 22:40:39,29.0,SYS_XCU001_Memory,0,0
2025-07-02 22:40:40,29.0,SYS_XCU001_Memory,0,0
2025-07-02 22:40:41,29.0,SYS_XCU001_Memory,0,0
2025-07-02 22:40:42,29.0,SYS_XCU001_Memory,0,0
2025-07-02 22:40:43,29.0,SYS_XCU001_Memory,0,0
2025-07-02 22:40:44,29.0,SYS_XCU001_Memory,0,0
2025-07-02 22:40:45,29.0,SYS_XCU001_Memory,0,0
2025-07-02 22:40:46,29.0,SYS_XCU001_Memory,0,0
2025-07-02 22:40:47,29.0,SYS_XCU001_Memory,0,0
2025-07-02 22:40:48,29.0,SYS_XCU001_Memory,0,0
2025-07-02 22:40:49,29.0,SYS_XCU001_Memory,0,0
2025-07-02 22:40:50,29.0,SYS_XCU001_Memory,0,0
2025-07-02 22:40:51,29.0,SYS_XCU001_Memory,0,0
2025-07-02 22:40:52,29.0,SYS_XCU001_Memory,0,0
2025-07-02 22:40:53,29.0,SYS_XCU001_Memory,0,0
2025-07-02 22:40:54,29.0,SYS_XCU001_Memory,0,0
2025-07-02 22:40:55,29.0,SYS_XCU001_Memory,0,0
2025-07-02 22:40:56,29.0,SYS_XCU001_Memory,0,0
2025-07-02 22:40:57,29.0,SYS_XCU001_Memory,0,0
2025-07-02 22:40:58,29.0,SYS_XCU001_Memory,0,0
2025-07-02 22:40:59,29.0,SYS_XCU001_Memory,0,0
2025-07-02 22:41:00,29.0,SYS_XCU001_Memory,0,0
2025-07-02 22:41:01,29.0,SYS_XCU001_Memory,0,0
2025-07-02 22:41:02,29.0,SYS_XCU001_Memory,0,0
2025-07-02 22:41:03,29.0,SYS_XCU001_Memory,0,0
2025-07-02 22:41:04,29.0,SYS_XCU001_Memory,0,0
2025-07-02 22:41:05,29.0,SYS_XCU001_Memory,0,0
2025-07-02 22:41:06,29.0,SYS_XCU001_Memory,0,0
2025-07-02 22:41:07,29.0,SYS_XCU001_Memory,0,0
2025-07-02 22:41:08,29.0,SYS_XCU001_Memory,0,0
2025-07-02 22:41:09,29.0,SYS_XCU001_Memory,0,0
2025-07-02 22:41:10,29.0,SYS_XCU001_Memory,0,0
2025-07-02 22:41:11,29.0,SYS_XCU001_Memory,0,0
2025-07-02 22:41:12,29.0,SYS_XCU001_Memory,0,0
2025-07-02 22:41:13,29.0,SYS_XCU001_Memory,0,0
2025-07-02 22:41:14,29.0,SYS_XCU001_Memory,0,0
2025-07-02 22:41:15,29.0,SYS_XCU001_Memory,0,0
2025-07-02 22:41:16,29.0,SYS_XCU001_Memory,0,0
2025-07-02 22:41:17,29.0,SYS_XCU001_Memory,0,0
2025-07-02 22:41:18,29.0,SYS_XCU001_Memory,0,0
2025-07-02 22:41:19,29.0,SYS_XCU001_Memory,0,0
2025-07-02 22:41:20,29.0,SYS_XCU001_Memory,0,0
2025-07-02 22:41:21,29.0,SYS_XCU001_Memory,0,0
2025-07-02 22:41:22,29.0,SYS_XCU001_Memory,0,0
2025-07-02 22:41:23,29.0,SYS_XCU001_Memory,0,0
2025-07-02 22:41:24,29.0,SYS_XCU001_Memory,0,0
2025-07-02 22:41:25,29.0,SYS_XCU001_Memory,0,0
2025-07-02 22:41:26,29.0,SYS_XCU001_Memory,0,0
2025-07-02 22:41:27,29.0,SYS_XCU001_Memory,0,0
2025-07-02 22:41:28,29.0,SYS_XCU001_Memory,0,0
2025-07-02 22:41:29,29.0,SYS_XCU001_Memory,0,0
2025-07-02 22:41:30,29.0,SYS_XCU001_Memory,0,0
2025-07-02 22:41:31,29.0,SYS_XCU001_Memory,0,0
2025-07-02 22:41:32,29.0,SYS_XCU001_Memory,0,0
2025-07-02 22:41:33,29.0,SYS_XCU001_Memory,0,0
2025-07-02 22:41:34,29.0,SYS_XCU001_Memory,0,0
2025-07-02 22:41:35,29.0,SYS_XCU001_Memory,0,0
2025-07-02 22:41:36,29.0,SYS_XCU001_Memory,0,0
2025-07-02 22:41:37,29.0,SYS_XCU001_Memory,0,0
2025-07-02 22:41:38,29.0,SYS_XCU001_Memory,0,0
2025-07-02 22:41:39,29.0,SYS_XCU001_Memory,0,0
2025-07-02 22:41:40,29.0,SYS_XCU001_Memory,0,0
2025-07-02 22:41:41,29.0,SYS_XCU001_Memory,0,0
2025-07-02 22:41:42,29.0,SYS_XCU001_Memory,0,0
2025-07-02 22:41:43,29.0,SYS_XCU001_Memory,0,0
2025-07-02 22:41:44,29.0,SYS_XCU001_Memory,0,0
2025-07-02 22:41:45,29.0,SYS_XCU001_Memory,0,0
2025-07-02 22:41:46,29.0,SYS_XCU001_Memory,0,0
2025-07-02 22:41:47,29.0,SYS_XCU001_Memory,0,0
2025-07-02 22:41:48,29.0,SYS_XCU001_Memory,0,0
2025-07-02 22:41:49,29.0,SYS_XCU001_Memory,0,0
2025-07-02 22:41:50,29.0,SYS_XCU001_Memory,0,0
2025-07-02 22:41:51,29.0,SYS_XCU001_Memory,0,0
2025-07-02 22:41:52,29.0,SYS_XCU001_Memory,0,0
2025-07-02 22:41:53,29.0,SYS_XCU001_Memory,0,0
2025-07-02 22:41:54,29.0,SYS_XCU001_Memory,0,0
2025-07-02 22:41:55,29.0,SYS_XCU001_Memory,0,0
2025-07-02 22:41:56,29.0,SYS_XCU001_Memory,0,0
2025-07-02 22:41:57,29.0,SYS_XCU001_Memory,0,0
2025-07-02 22:41:58,29.0,SYS_XCU001_Memory,0,0
2025-07-02 22:41:59,29.0,SYS_XCU001_Memory,0,0
2025-07-02 22:42:00,29.0,SYS_XCU001_Memory,0,0
2025-07-02 22:42:01,29.0,SYS_XCU001_Memory,0,0
2025-07-02 22:42:02,29.0,SYS_XCU001_Memory,0,0
2025-07-02 22:42:03,29.0,SYS_XCU001_Memory,0,0
2025-07-02 22:42:04,29.0,SYS_XCU001_Memory,0,0
2025-07-02 22:42:05,29.0,SYS_XCU001_Memory,0,0
2025-07-02 22:42:06,29.0,SYS_XCU001_Memory,0,0
2025-07-02 22:42:07,29.0,SYS_XCU001_Memory,0,0
2025-07-02 22:42:08,29.0,SYS_XCU001_Memory,0,0
2025-07-02 22:42:09,29.0,SYS_XCU001_Memory,0,0
2025-07-02 22:42:10,29.0,SYS_XCU001_Memory,0,0
2025-07-02 22:42:11,29.0,SYS_XCU001_Memory,0,0
2025-07-02 22:42:12,29.0,SYS_XCU001_Memory,0,0
2025-07-02 22:42:13,29.0,SYS_XCU001_Memory,0,0
2025-07-02 22:42:14,29.0,SYS_XCU001_Memory,0,0
2025-07-02 22:42:15,29.0,SYS_XCU001_Memory,0,0
2025-07-02 22:42:16,29.0,SYS_XCU001_Memory,0,0
2025-07-02 22:42:17,29.0,SYS_XCU001_Memory,0,0
2025-07-02 22:42:18,29.0,SYS_XCU001_Memory,0,0
2025-07-02 22:42:19,29.0,SYS_XCU001_Memory,0,0
2025-07-02 22:42:20,29.0,SYS_XCU001_Memory,0,0
2025-07-02 22:42:21,29.0,SYS_XCU001_Memory,0,0
2025-07-02 22:42:22,29.0,SYS_XCU001_Memory,0,0
2025-07-02 22:42:23,29.0,SYS_XCU001_Memory,0,0
2025-07-02 22:42:24,29.0,SYS_XCU001_Memory,0,0
2025-07-02 22:42:25,29.0,SYS_XCU001_Memory,0,0
2025-07-02 22:42:26,29.0,SYS_XCU001_Memory,0,0
2025-07-02 22:42:27,29.0,SYS_XCU001_Memory,0,0
2025-07-02 22:42:28,29.0,SYS_XCU001_Memory,0,0
2025-07-02 22:42:29,29.0,SYS_XCU001_Memory,0,0
2025-07-02 22:42:30,29.0,SYS_XCU001_Memory,0,0
2025-07-02 22:42:31,29.0,SYS_XCU001_Memory,0,0
2025-07-02 22:42:32,29.0,SYS_XCU001_Memory,0,0
2025-07-02 22:42:33,29.0,SYS_XCU001_Memory,0,0
2025-07-02 22:42:34,29.0,SYS_XCU001_Memory,0,0
2025-07-02 22:42:35,29.0,SYS_XCU001_Memory,0,0
2025-07-02 22:42:36,29.0,SYS_XCU001_Memory,0,0
2025-07-02 22:42:37,29.0,SYS_XCU001_Memory,0,0
2025-07-02 22:42:38,29.0,SYS_XCU001_Memory,0,0
2025-07-02 22:42:39,29.0,SYS_XCU001_Memory,0,0
2025-07-02 22:42:40,29.0,SYS_XCU001_Memory,0,0
2025-07-02 22:42:41,29.0,SYS_XCU001_Memory,0,0
2025-07-02 22:42:42,29.0,SYS_XCU001_Memory,0,0
2025-07-02 22:42:43,29.0,SYS_XCU001_Memory,0,0
2025-07-02 22:42:44,29.0,SYS_XCU001_Memory,0,0
2025-07-02 22:42:45,29.0,SYS_XCU001_Memory,0,0
2025-07-02 22:42:46,29.0,SYS_XCU001_Memory,0,0
2025-07-02 22:42:47,29.0,SYS_XCU001_Memory,0,0
2025-07-02 22:42:48,29.0,SYS_XCU001_Memory,0,0
2025-07-02 22:42:49,29.0,SYS_XCU001_Memory,0,0
2025-07-02 22:42:50,29.0,SYS_XCU001_Memory,0,0
2025-07-02 22:42:51,29.0,SYS_XCU001_Memory,0,0
2025-07-02 22:42:52,29.0,SYS_XCU001_Memory,0,0
2025-07-02 22:42:53,29.0,SYS_XCU001_Memory,0,0
2025-07-02 22:42:54,29.0,SYS_XCU001_Memory,0,0
2025-07-02 22:42:55,29.0,SYS_XCU001_Memory,0,0
2025-07-02 22:42:56,29.0,SYS_XCU001_Memory,0,0
2025-07-02 22:42:57,29.0,SYS_XCU001_Memory,0,0
2025-07-02 22:42:58,29.0,SYS_XCU001_Memory,0,0
2025-07-02 22:42:59,29.0,SYS_XCU001_Memory,0,0
2025-07-02 22:43:00,29.0,SYS_XCU001_Memory,0,0
2025-07-02 22:43:01,29.0,SYS_XCU001_Memory,0,0
2025-07-02 22:43:02,29.0,SYS_XCU001_Memory,0,0
2025-07-02 22:43:03,29.0,SYS_XCU001_Memory,0,0
2025-07-02 22:43:04,29.0,SYS_XCU001_Memory,0,0
2025-07-02 22:43:05,29.0,SYS_XCU001_Memory,0,0
2025-07-02 22:43:06,29.0,SYS_XCU001_Memory,0,0
2025-07-02 22:43:07,29.0,SYS_XCU001_Memory,0,0
2025-07-02 22:43:08,29.0,SYS_XCU001_Memory,0,0
2025-07-02 22:43:09,29.0,SYS_XCU001_Memory,0,0
2025-07-02 22:43:10,29.0,SYS_XCU001_Memory,0,0
2025-07-02 22:43:11,29.0,SYS_XCU001_Memory,0,0
2025-07-02 22:43:12,29.0,SYS_XCU001_Memory,0,0
2025-07-02 22:43:13,29.0,SYS_XCU001_Memory,0,0
2025-07-02 22:43:14,29.0,SYS_XCU001_Memory,0,0
2025-07-02 22:43:15,29.0,SYS_XCU001_Memory,0,0
2025-07-02 22:43:16,29.0,SYS_XCU001_Memory,0,0
2025-07-02 22:43:17,29.0,SYS_XCU001_Memory,0,0
2025-07-02 22:43:18,29.0,SYS_XCU001_Memory,0,0
2025-07-02 22:43:19,29.0,SYS_XCU001_Memory,0,0
2025-07-02 22:43:20,29.0,SYS_XCU001_Memory,0,0
2025-07-02 22:43:21,29.0,SYS_XCU001_Memory,0,0
2025-07-02 22:43:22,29.0,SYS_XCU001_Memory,0,0
2025-07-02 22:43:23,29.0,SYS_XCU001_Memory,0,0
2025-07-02 22:43:24,29.0,SYS_XCU001_Memory,0,0
2025-07-02 22:43:25,29.0,SYS_XCU001_Memory,0,0
2025-07-02 22:43:26,29.0,SYS_XCU001_Memory,0,0
2025-07-02 22:43:27,29.0,SYS_XCU001_Memory,0,0
2025-07-02 22:43:28,29.0,SYS_XCU001_Memory,0,0
2025-07-02 22:43:29,29.0,SYS_XCU001_Memory,0,0
2025-07-02 22:43:30,29.0,SYS_XCU001_Memory,0,0
2025-07-02 22:43:31,29.0,SYS_XCU001_Memory,0,0
2025-07-02 22:43:32,29.0,SYS_XCU001_Memory,0,0
2025-07-02 22:43:33,29.0,SYS_XCU001_Memory,0,0
2025-07-02 22:43:34,29.0,SYS_XCU001_Memory,0,0
2025-07-02 22:43:35,29.0,SYS_XCU001_Memory,0,0
2025-07-02 22:43:36,29.0,SYS_XCU001_Memory,0,0
2025-07-02 22:43:37,29.0,SYS_XCU001_Memory,0,0
2025-07-02 22:43:38,29.0,SYS_XCU001_Memory,0,0
2025-07-02 22:43:39,29.0,SYS_XCU001_Memory,0,0
2025-07-02 22:43:40,29.0,SYS_XCU001_Memory,0,0
2025-07-02 22:43:41,29.0,SYS_XCU001_Memory,0,0
2025-07-02 22:43:42,29.0,SYS_XCU001_Memory,0,0
2025-07-02 22:43:43,29.0,SYS_XCU001_Memory,0,0
2025-07-02 22:43:44,29.0,SYS_XCU001_Memory,0,0
2025-07-02 22:43:45,29.0,SYS_XCU001_Memory,0,0
2025-07-02 22:43:46,29.0,SYS_XCU001_Memory,0,0
2025-07-02 22:43:47,29.0,SYS_XCU001_Memory,0,0
2025-07-02 22:43:48,29.0,SYS_XCU001_Memory,0,0
2025-07-02 22:43:49,29.0,SYS_XCU001_Memory,0,0
2025-07-02 22:43:50,29.0,SYS_XCU001_Memory,0,0
2025-07-02 22:43:51,29.0,SYS_XCU001_Memory,0,0
2025-07-02 22:43:52,29.0,SYS_XCU001_Memory,0,0
2025-07-02 22:43:53,29.0,SYS_XCU001_Memory,0,0
2025-07-02 22:43:54,29.0,SYS_XCU001_Memory,0,0
2025-07-02 22:43:55,29.0,SYS_XCU001_Memory,0,0
2025-07-02 22:43:56,29.0,SYS_XCU001_Memory,0,0
2025-07-02 22:43:57,29.0,SYS_XCU001_Memory,0,0
2025-07-02 22:43:58,29.0,SYS_XCU001_Memory,0,0
2025-07-02 22:43:59,29.0,SYS_XCU001_Memory,0,0
2025-07-02 22:44:00,29.0,SYS_XCU001_Memory,0,0
2025-07-02 22:44:01,29.0,SYS_XCU001_Memory,0,0
2025-07-02 22:44:02,29.0,SYS_XCU001_Memory,0,0
2025-07-02 22:44:03,29.0,SYS_XCU001_Memory,0,0
2025-07-02 22:44:04,29.0,SYS_XCU001_Memory,0,0
2025-07-02 22:44:05,29.0,SYS_XCU001_Memory,0,0
2025-07-02 22:44:06,29.0,SYS_XCU001_Memory,0,0
2025-07-02 22:44:07,29.0,SYS_XCU001_Memory,0,0
2025-07-02 22:44:08,29.0,SYS_XCU001_Memory,0,0
2025-07-02 22:44:09,29.0,SYS_XCU001_Memory,0,0
2025-07-02 22:44:10,29.0,SYS_XCU001_Memory,0,0
2025-07-02 22:44:11,29.0,SYS_XCU001_Memory,0,0
2025-07-02 22:44:12,29.0,SYS_XCU001_Memory,0,0
2025-07-02 22:44:13,29.0,SYS_XCU001_Memory,0,0
2025-07-02 22:44:14,29.0,SYS_XCU001_Memory,0,0
2025-07-02 22:44:15,29.0,SYS_XCU001_Memory,0,0
2025-07-02 22:44:16,29.0,SYS_XCU001_Memory,0,0
2025-07-02 22:44:17,29.0,SYS_XCU001_Memory,0,0
2025-07-02 22:44:18,29.0,SYS_XCU001_Memory,0,0
2025-07-02 22:44:19,29.0,SYS_XCU001_Memory,0,0
2025-07-02 22:44:20,29.0,SYS_XCU001_Memory,0,0
2025-07-02 22:44:21,29.0,SYS_XCU001_Memory,0,0
2025-07-02 22:44:22,29.0,SYS_XCU001_Memory,0,0
2025-07-02 22:44:23,29.0,SYS_XCU001_Memory,0,0
2025-07-02 22:44:24,29.0,SYS_XCU001_Memory,0,0
2025-07-02 22:44:25,29.0,SYS_XCU001_Memory,0,0
2025-07-02 22:44:26,29.0,SYS_XCU001_Memory,0,0
2025-07-02 22:44:27,29.0,SYS_XCU001_Memory,0,0
2025-07-02 22:44:28,29.0,SYS_XCU001_Memory,0,0
2025-07-02 22:44:29,29.0,SYS_XCU001_Memory,0,0
2025-07-02 22:44:30,29.0,SYS_XCU001_Memory,0,0
2025-07-02 22:44:31,29.0,SYS_XCU001_Memory,0,0
2025-07-02 22:44:32,29.0,SYS_XCU001_Memory,0,0
2025-07-02 22:44:33,29.0,SYS_XCU001_Memory,0,0
2025-07-02 22:44:34,29.0,SYS_XCU001_Memory,0,0
2025-07-02 22:44:35,29.0,SYS_XCU001_Memory,0,0
2025-07-02 22:44:36,29.0,SYS_XCU001_Memory,0,0
2025-07-02 22:44:37,29.0,SYS_XCU001_Memory,0,0
2025-07-02 22:44:38,29.0,SYS_XCU001_Memory,0,0
2025-07-02 22:44:39,29.0,SYS_XCU001_Memory,0,0
2025-07-02 22:44:40,29.0,SYS_XCU001_Memory,0,0
2025-07-02 22:44:41,29.0,SYS_XCU001_Memory,0,0
2025-07-02 22:44:42,29.0,SYS_XCU001_Memory,0,0
2025-07-02 22:44:43,29.0,SYS_XCU001_Memory,0,0
2025-07-02 22:44:44,29.0,SYS_XCU001_Memory,0,0
2025-07-02 22:44:45,29.0,SYS_XCU001_Memory,0,0
2025-07-02 22:44:46,29.0,SYS_XCU001_Memory,0,0
2025-07-02 22:44:47,29.0,SYS_XCU001_Memory,0,0
2025-07-02 22:44:48,29.0,SYS_XCU001_Memory,0,0
2025-07-02 22:44:49,29.0,SYS_XCU001_Memory,0,0
2025-07-02 22:44:50,29.0,SYS_XCU001_Memory,0,0
2025-07-02 22:44:51,29.0,SYS_XCU001_Memory,0,0
2025-07-02 22:44:52,29.0,SYS_XCU001_Memory,0,0
2025-07-02 22:44:53,29.0,SYS_XCU001_Memory,0,0
2025-07-02 22:44:54,29.0,SYS_XCU001_Memory,0,0
2025-07-02 22:44:55,29.0,SYS_XCU001_Memory,0,0
2025-07-02 22:44:56,29.0,SYS_XCU001_Memory,0,0
2025-07-02 22:44:57,29.0,SYS_XCU001_Memory,0,0
2025-07-02 22:44:58,29.0,SYS_XCU001_Memory,0,0
2025-07-02 22:44:59,29.0,SYS_XCU001_Memory,0,0
2025-07-02 22:45:00,29.0,SYS_XCU001_Memory,0,0
2025-07-02 22:45:01,29.0,SYS_XCU001_Memory,0,0
2025-07-02 22:45:02,29.0,SYS_XCU001_Memory,0,0
2025-07-02 22:45:03,29.0,SYS_XCU001_Memory,0,0
2025-07-02 22:45:04,29.0,SYS_XCU001_Memory,0,0
2025-07-02 22:45:05,29.0,SYS_XCU001_Memory,0,0
2025-07-02 22:45:06,29.0,SYS_XCU001_Memory,0,0
2025-07-02 22:45:07,29.0,SYS_XCU001_Memory,0,0
2025-07-02 22:45:08,29.0,SYS_XCU001_Memory,0,0
2025-07-02 22:45:09,29.0,SYS_XCU001_Memory,0,0
2025-07-02 22:45:10,29.0,SYS_XCU001_Memory,0,0
2025-07-02 22:45:11,29.0,SYS_XCU001_Memory,0,0
2025-07-02 22:45:12,29.0,SYS_XCU001_Memory,0,0
2025-07-02 22:45:13,29.0,SYS_XCU001_Memory,0,0
2025-07-02 22:45:14,29.0,SYS_XCU001_Memory,0,0
2025-07-02 22:45:15,29.0,SYS_XCU001_Memory,0,0
2025-07-02 22:45:16,29.0,SYS_XCU001_Memory,0,0
2025-07-02 22:45:17,29.0,SYS_XCU001_Memory,0,0
2025-07-02 22:45:18,29.0,SYS_XCU001_Memory,0,0
2025-07-02 22:45:19,29.0,SYS_XCU001_Memory,0,0
2025-07-02 22:45:20,29.0,SYS_XCU001_Memory,0,0
2025-07-02 22:45:21,29.0,SYS_XCU001_Memory,0,0
2025-07-02 22:45:22,29.0,SYS_XCU001_Memory,0,0
2025-07-02 22:45:23,29.0,SYS_XCU001_Memory,0,0
2025-07-02 22:45:24,29.0,SYS_XCU001_Memory,0,0
2025-07-02 22:45:25,29.0,SYS_XCU001_Memory,0,0
2025-07-02 22:45:26,29.0,SYS_XCU001_Memory,0,0
2025-07-02 22:45:27,29.0,SYS_XCU001_Memory,0,0
2025-07-02 22:45:28,29.0,SYS_XCU001_Memory,0,0
2025-07-02 22:45:29,29.0,SYS_XCU001_Memory,0,0
2025-07-02 22:45:30,29.0,SYS_XCU001_Memory,0,0
2025-07-02 22:45:31,29.0,SYS_XCU001_Memory,0,0
2025-07-02 22:45:32,29.0,SYS_XCU001_Memory,0,0
2025-07-02 22:45:33,29.0,SYS_XCU001_Memory,0,0
2025-07-02 22:45:34,29.0,SYS_XCU001_Memory,0,0
2025-07-02 22:45:35,29.0,SYS_XCU001_Memory,0,0
2025-07-02 22:45:36,29.0,SYS_XCU001_Memory,0,0
2025-07-02 22:45:37,29.0,SYS_XCU001_Memory,0,0
2025-07-02 22:45:38,29.0,SYS_XCU001_Memory,0,0
2025-07-02 22:45:39,29.0,SYS_XCU001_Memory,0,0
2025-07-02 22:45:40,29.0,SYS_XCU001_Memory,0,0
2025-07-02 22:45:41,29.0,SYS_XCU001_Memory,0,0
2025-07-02 22:45:42,29.0,SYS_XCU001_Memory,0,0
2025-07-02 22:45:43,29.0,SYS_XCU001_Memory,0,0
2025-07-02 22:45:44,29.0,SYS_XCU001_Memory,0,0
2025-07-02 22:45:45,29.0,SYS_XCU001_Memory,0,0
2025-07-02 22:45:46,29.0,SYS_XCU001_Memory,0,0
2025-07-02 22:45:47,29.0,SYS_XCU001_Memory,0,0
2025-07-02 22:45:48,29.0,SYS_XCU001_Memory,0,0
2025-07-02 22:45:49,29.0,SYS_XCU001_Memory,0,0
2025-07-02 22:45:50,29.0,SYS_XCU001_Memory,0,0
2025-07-02 22:45:51,29.0,SYS_XCU001_Memory,0,0
2025-07-02 22:45:52,29.0,SYS_XCU001_Memory,0,0
2025-07-02 22:45:53,29.0,SYS_XCU001_Memory,0,0
2025-07-02 22:45:54,29.0,SYS_XCU001_Memory,0,0
2025-07-02 22:45:55,29.0,SYS_XCU001_Memory,0,0
2025-07-02 22:45:56,29.0,SYS_XCU001_Memory,0,0
2025-07-02 22:45:57,29.0,SYS_XCU001_Memory,0,0
2025-07-02 22:45:58,29.0,SYS_XCU001_Memory,0,0
2025-07-02 22:45:59,29.0,SYS_XCU001_Memory,0,0
2025-07-02 22:46:00,29.0,SYS_XCU001_Memory,0,0
2025-07-02 22:46:01,29.0,SYS_XCU001_Memory,0,0
2025-07-02 22:46:02,29.0,SYS_XCU001_Memory,0,0
2025-07-02 22:46:03,29.0,SYS_XCU001_Memory,0,0
2025-07-02 22:46:04,29.0,SYS_XCU001_Memory,0,0
2025-07-02 22:46:05,29.0,SYS_XCU001_Memory,0,0
2025-07-02 22:46:06,29.0,SYS_XCU001_Memory,0,0
2025-07-02 22:46:07,29.0,SYS_XCU001_Memory,0,0
2025-07-02 22:46:08,29.0,SYS_XCU001_Memory,0,0
2025-07-02 22:46:09,29.0,SYS_XCU001_Memory,0,0
2025-07-02 22:46:10,29.0,SYS_XCU001_Memory,0,0
2025-07-02 22:46:11,29.0,SYS_XCU001_Memory,0,0
2025-07-02 22:46:12,29.0,SYS_XCU001_Memory,0,0
2025-07-02 22:46:13,29.0,SYS_XCU001_Memory,0,0
2025-07-02 22:46:14,29.0,SYS_XCU001_Memory,0,0
2025-07-02 22:46:15,29.0,SYS_XCU001_Memory,0,0
2025-07-02 22:46:16,29.0,SYS_XCU001_Memory,0,0
2025-07-02 22:46:17,29.0,SYS_XCU001_Memory,0,0
2025-07-02 22:46:18,29.0,SYS_XCU001_Memory,0,0
2025-07-02 22:46:19,29.0,SYS_XCU001_Memory,0,0
2025-07-02 22:46:20,29.0,SYS_XCU001_Memory,0,0
2025-07-02 22:46:21,29.0,SYS_XCU001_Memory,0,0
2025-07-02 22:46:22,29.0,SYS_XCU001_Memory,0,0
2025-07-02 22:46:23,29.0,SYS_XCU001_Memory,0,0
2025-07-02 22:46:24,29.0,SYS_XCU001_Memory,0,0
2025-07-02 22:46:25,29.0,SYS_XCU001_Memory,0,0
2025-07-02 22:46:26,29.0,SYS_XCU001_Memory,0,0
2025-07-02 22:46:27,29.0,SYS_XCU001_Memory,0,0
2025-07-02 22:46:28,29.0,SYS_XCU001_Memory,0,0
2025-07-02 22:46:29,29.0,SYS_XCU001_Memory,0,0
2025-07-02 22:46:30,29.0,SYS_XCU001_Memory,0,0
2025-07-02 22:46:31,29.0,SYS_XCU001_Memory,0,0
2025-07-02 22:46:32,29.0,SYS_XCU001_Memory,0,0
2025-07-02 22:46:33,29.0,SYS_XCU001_Memory,0,0
2025-07-02 22:46:34,29.0,SYS_XCU001_Memory,0,0
2025-07-02 22:46:35,29.0,SYS_XCU001_Memory,0,0
2025-07-02 22:46:36,29.0,SYS_XCU001_Memory,0,0
2025-07-02 22:46:37,29.0,SYS_XCU001_Memory,0,0
2025-07-02 22:46:38,29.0,SYS_XCU001_Memory,0,0
2025-07-02 22:46:39,29.0,SYS_XCU001_Memory,0,0
2025-07-02 22:46:40,29.0,SYS_XCU001_Memory,0,0
2025-07-02 22:46:41,29.0,SYS_XCU001_Memory,0,0
2025-07-02 22:46:42,29.0,SYS_XCU001_Memory,0,0
2025-07-02 22:46:43,29.0,SYS_XCU001_Memory,0,0
2025-07-02 22:46:44,29.0,SYS_XCU001_Memory,0,0
2025-07-02 22:46:45,29.0,SYS_XCU001_Memory,0,0
2025-07-02 22:46:46,29.0,SYS_XCU001_Memory,0,0
2025-07-02 22:46:47,29.0,SYS_XCU001_Memory,0,0
2025-07-02 22:46:48,29.0,SYS_XCU001_Memory,0,0
2025-07-02 22:46:49,29.0,SYS_XCU001_Memory,0,0
2025-07-02 22:46:50,29.0,SYS_XCU001_Memory,0,0
2025-07-02 22:46:51,29.0,SYS_XCU001_Memory,0,0
2025-07-02 22:46:52,29.0,SYS_XCU001_Memory,0,0
2025-07-02 22:46:53,29.0,SYS_XCU001_Memory,0,0
2025-07-02 22:46:54,29.0,SYS_XCU001_Memory,0,0
2025-07-02 22:46:55,29.0,SYS_XCU001_Memory,0,0
2025-07-02 22:46:56,29.0,SYS_XCU001_Memory,0,0
2025-07-02 22:46:57,29.0,SYS_XCU001_Memory,0,0
2025-07-02 22:46:58,29.0,SYS_XCU001_Memory,0,0
2025-07-02 22:46:59,29.0,SYS_XCU001_Memory,0,0
2025-07-02 22:47:00,29.0,SYS_XCU001_Memory,0,0
2025-07-02 22:47:01,29.0,SYS_XCU001_Memory,0,0
2025-07-02 22:47:02,29.0,SYS_XCU001_Memory,0,0
2025-07-02 22:47:03,29.0,SYS_XCU001_Memory,0,0
2025-07-02 22:47:04,29.0,SYS_XCU001_Memory,0,0
2025-07-02 22:47:05,29.0,SYS_XCU001_Memory,0,0
2025-07-02 22:47:06,29.0,SYS_XCU001_Memory,0,0
2025-07-02 22:47:07,29.0,SYS_XCU001_Memory,0,0
2025-07-02 22:47:08,29.0,SYS_XCU001_Memory,0,0
2025-07-02 22:47:09,29.0,SYS_XCU001_Memory,0,0
2025-07-02 22:47:10,29.0,SYS_XCU001_Memory,0,0
2025-07-02 22:47:11,29.0,SYS_XCU001_Memory,0,0
2025-07-02 22:47:12,29.0,SYS_XCU001_Memory,0,0
2025-07-02 22:47:13,29.0,SYS_XCU001_Memory,0,0
2025-07-02 22:47:14,29.0,SYS_XCU001_Memory,0,0
2025-07-02 22:47:15,29.0,SYS_XCU001_Memory,0,0
2025-07-02 22:47:16,29.0,SYS_XCU001_Memory,0,0
2025-07-02 22:47:17,29.0,SYS_XCU001_Memory,0,0
2025-07-02 22:47:18,29.0,SYS_XCU001_Memory,0,0
2025-07-02 22:47:19,29.0,SYS_XCU001_Memory,0,0
2025-07-02 22:47:20,29.0,SYS_XCU001_Memory,0,0
2025-07-02 22:47:21,29.0,SYS_XCU001_Memory,0,0
2025-07-02 22:47:22,29.0,SYS_XCU001_Memory,0,0
2025-07-02 22:47:23,29.0,SYS_XCU001_Memory,0,0
2025-07-02 22:47:24,29.0,SYS_XCU001_Memory,0,0
2025-07-02 22:47:25,29.0,SYS_XCU001_Memory,0,0
2025-07-02 22:47:26,29.0,SYS_XCU001_Memory,0,0
2025-07-02 22:47:27,29.0,SYS_XCU001_Memory,0,0
2025-07-02 22:47:28,29.0,SYS_XCU001_Memory,0,0
2025-07-02 22:47:29,29.0,SYS_XCU001_Memory,0,0
2025-07-02 22:47:30,29.0,SYS_XCU001_Memory,0,0
2025-07-02 22:47:31,29.0,SYS_XCU001_Memory,0,0
2025-07-02 22:47:32,29.0,SYS_XCU001_Memory,0,0
2025-07-02 22:47:33,29.0,SYS_XCU001_Memory,0,0
2025-07-02 22:47:34,29.0,SYS_XCU001_Memory,0,0
2025-07-02 22:47:35,29.0,SYS_XCU001_Memory,0,0
2025-07-02 22:47:36,29.0,SYS_XCU001_Memory,0,0
2025-07-02 22:47:37,29.0,SYS_XCU001_Memory,0,0
2025-07-02 22:47:38,29.0,SYS_XCU001_Memory,0,0
2025-07-02 22:47:39,29.0,SYS_XCU001_Memory,0,0
2025-07-02 22:47:40,29.0,SYS_XCU001_Memory,0,0
2025-07-02 22:47:41,29.0,SYS_XCU001_Memory,0,0
2025-07-02 22:47:42,29.0,SYS_XCU001_Memory,0,0
2025-07-02 22:47:43,29.0,SYS_XCU001_Memory,0,0
2025-07-02 22:47:44,29.0,SYS_XCU001_Memory,0,0
2025-07-02 22:47:45,29.0,SYS_XCU001_Memory,0,0
2025-07-02 22:47:46,29.0,SYS_XCU001_Memory,0,0
2025-07-02 22:47:47,29.0,SYS_XCU001_Memory,0,0
2025-07-02 22:47:48,29.0,SYS_XCU001_Memory,0,0
2025-07-02 22:47:49,29.0,SYS_XCU001_Memory,0,0
2025-07-02 22:47:50,29.0,SYS_XCU001_Memory,0,0
2025-07-02 22:47:51,29.0,SYS_XCU001_Memory,0,0
2025-07-02 22:47:52,29.0,SYS_XCU001_Memory,0,0
2025-07-02 22:47:53,29.0,SYS_XCU001_Memory,0,0
2025-07-02 22:47:54,29.0,SYS_XCU001_Memory,0,0
2025-07-02 22:47:55,29.0,SYS_XCU001_Memory,0,0
2025-07-02 22:47:56,29.0,SYS_XCU001_Memory,0,0
2025-07-02 22:47:57,29.0,SYS_XCU001_Memory,0,0
2025-07-02 22:47:58,29.0,SYS_XCU001_Memory,0,0
2025-07-02 22:47:59,29.0,SYS_XCU001_Memory,0,0
2025-07-02 22:48:00,29.0,SYS_XCU001_Memory,0,0
2025-07-02 22:48:01,29.0,SYS_XCU001_Memory,0,0
2025-07-02 22:48:02,29.0,SYS_XCU001_Memory,0,0
2025-07-02 22:48:03,29.0,SYS_XCU001_Memory,0,0
2025-07-02 22:48:04,29.0,SYS_XCU001_Memory,0,0
2025-07-02 22:48:05,29.0,SYS_XCU001_Memory,0,0
2025-07-02 22:48:06,29.0,SYS_XCU001_Memory,0,0
2025-07-02 22:48:07,29.0,SYS_XCU001_Memory,0,0
2025-07-02 22:48:08,29.0,SYS_XCU001_Memory,0,0
2025-07-02 22:48:09,29.0,SYS_XCU001_Memory,0,0
2025-07-02 22:48:10,29.0,SYS_XCU001_Memory,0,0
2025-07-02 22:48:11,29.0,SYS_XCU001_Memory,0,0
2025-07-02 22:48:12,29.0,SYS_XCU001_Memory,0,0
2025-07-02 22:48:13,29.0,SYS_XCU001_Memory,0,0
2025-07-02 22:48:14,29.0,SYS_XCU001_Memory,0,0
2025-07-02 22:48:15,29.0,SYS_XCU001_Memory,0,0
2025-07-02 22:48:16,29.0,SYS_XCU001_Memory,0,0
2025-07-02 22:48:17,29.0,SYS_XCU001_Memory,0,0
2025-07-02 22:48:18,29.0,SYS_XCU001_Memory,0,0
2025-07-02 22:48:19,29.0,SYS_XCU001_Memory,0,0
2025-07-02 22:48:20,29.0,SYS_XCU001_Memory,0,0
2025-07-02 22:48:21,29.0,SYS_XCU001_Memory,0,0
2025-07-02 22:48:22,29.0,SYS_XCU001_Memory,0,0
2025-07-02 22:48:23,29.0,SYS_XCU001_Memory,0,0
2025-07-02 22:48:24,29.0,SYS_XCU001_Memory,0,0
2025-07-02 22:48:25,29.0,SYS_XCU001_Memory,0,0
2025-07-02 22:48:26,29.0,SYS_XCU001_Memory,0,0
2025-07-02 22:48:27,29.0,SYS_XCU001_Memory,0,0
2025-07-02 22:48:28,29.0,SYS_XCU001_Memory,0,0
2025-07-02 22:48:29,29.0,SYS_XCU001_Memory,0,0
2025-07-02 22:48:30,29.0,SYS_XCU001_Memory,0,0
2025-07-02 22:48:31,29.0,SYS_XCU001_Memory,0,0
2025-07-02 22:48:32,29.0,SYS_XCU001_Memory,0,0
2025-07-02 22:48:33,29.0,SYS_XCU001_Memory,0,0
2025-07-02 22:48:34,29.0,SYS_XCU001_Memory,0,0
2025-07-02 22:48:35,29.0,SYS_XCU001_Memory,0,0
2025-07-02 22:48:36,29.0,SYS_XCU001_Memory,0,0
2025-07-02 22:48:37,29.0,SYS_XCU001_Memory,0,0
2025-07-02 22:48:38,29.0,SYS_XCU001_Memory,0,0
2025-07-02 22:48:39,29.0,SYS_XCU001_Memory,0,0
2025-07-02 22:48:40,29.0,SYS_XCU001_Memory,0,0
2025-07-02 22:48:41,29.0,SYS_XCU001_Memory,0,0
2025-07-02 22:48:42,29.0,SYS_XCU001_Memory,0,0
2025-07-02 22:48:43,29.0,SYS_XCU001_Memory,0,0
2025-07-02 22:48:44,29.0,SYS_XCU001_Memory,0,0
2025-07-02 22:48:45,29.0,SYS_XCU001_Memory,0,0
2025-07-02 22:48:46,29.0,SYS_XCU001_Memory,0,0
2025-07-02 22:48:47,29.0,SYS_XCU001_Memory,0,0
2025-07-02 22:48:48,29.0,SYS_XCU001_Memory,0,0
2025-07-02 22:48:49,29.0,SYS_XCU001_Memory,0,0
2025-07-02 22:48:50,29.0,SYS_XCU001_Memory,0,0
2025-07-02 22:48:51,29.0,SYS_XCU001_Memory,0,0
2025-07-02 22:48:52,29.0,SYS_XCU001_Memory,0,0
2025-07-02 22:48:53,29.0,SYS_XCU001_Memory,0,0
2025-07-02 22:48:54,29.0,SYS_XCU001_Memory,0,0
2025-07-02 22:48:55,29.0,SYS_XCU001_Memory,0,0
2025-07-02 22:48:56,29.0,SYS_XCU001_Memory,0,0
2025-07-02 22:48:57,29.0,SYS_XCU001_Memory,0,0
2025-07-02 22:48:58,29.0,SYS_XCU001_Memory,0,0
2025-07-02 22:48:59,29.0,SYS_XCU001_Memory,0,0
2025-07-02 22:49:00,29.0,SYS_XCU001_Memory,0,0
2025-07-02 22:49:01,29.0,SYS_XCU001_Memory,0,0
2025-07-02 22:49:02,29.0,SYS_XCU001_Memory,0,0
2025-07-02 22:49:03,29.0,SYS_XCU001_Memory,0,0
2025-07-02 22:49:04,29.0,SYS_XCU001_Memory,0,0
2025-07-02 22:49:05,29.0,SYS_XCU001_Memory,0,0
2025-07-02 22:49:06,29.0,SYS_XCU001_Memory,0,0
2025-07-02 22:49:07,29.0,SYS_XCU001_Memory,0,0
2025-07-02 22:49:08,29.0,SYS_XCU001_Memory,0,0
2025-07-02 22:49:09,29.0,SYS_XCU001_Memory,0,0
2025-07-02 22:49:10,29.0,SYS_XCU001_Memory,0,0
2025-07-02 22:49:11,29.0,SYS_XCU001_Memory,0,0
2025-07-02 22:49:12,29.0,SYS_XCU001_Memory,0,0
2025-07-02 22:49:13,29.0,SYS_XCU001_Memory,0,0
2025-07-02 22:49:14,29.0,SYS_XCU001_Memory,0,0
2025-07-02 22:49:15,29.0,SYS_XCU001_Memory,0,0
2025-07-02 22:49:16,29.0,SYS_XCU001_Memory,0,0
2025-07-02 22:49:17,29.0,SYS_XCU001_Memory,0,0
2025-07-02 22:49:18,29.0,SYS_XCU001_Memory,0,0
2025-07-02 22:49:19,29.0,SYS_XCU001_Memory,0,0
2025-07-02 22:49:20,29.0,SYS_XCU001_Memory,0,0
2025-07-02 22:49:21,29.0,SYS_XCU001_Memory,0,0
2025-07-02 22:49:22,29.0,SYS_XCU001_Memory,0,0
2025-07-02 22:49:23,29.0,SYS_XCU001_Memory,0,0
2025-07-02 22:49:24,29.0,SYS_XCU001_Memory,0,0
2025-07-02 22:49:25,29.0,SYS_XCU001_Memory,0,0
2025-07-02 22:49:26,29.0,SYS_XCU001_Memory,0,0
2025-07-02 22:49:27,29.0,SYS_XCU001_Memory,0,0
2025-07-02 22:49:28,29.0,SYS_XCU001_Memory,0,0
2025-07-02 22:49:29,29.0,SYS_XCU001_Memory,0,0
2025-07-02 22:49:30,29.0,SYS_XCU001_Memory,0,0
2025-07-02 22:49:31,29.0,SYS_XCU001_Memory,0,0
2025-07-02 22:49:32,29.0,SYS_XCU001_Memory,0,0
2025-07-02 22:49:33,29.0,SYS_XCU001_Memory,0,0
2025-07-02 22:49:34,29.0,SYS_XCU001_Memory,0,0
2025-07-02 22:49:35,29.0,SYS_XCU001_Memory,0,0
2025-07-02 22:49:36,29.0,SYS_XCU001_Memory,0,0
2025-07-02 22:49:37,29.0,SYS_XCU001_Memory,0,0
2025-07-02 22:49:38,29.0,SYS_XCU001_Memory,0,0
2025-07-02 22:49:39,29.0,SYS_XCU001_Memory,0,0
2025-07-02 22:49:40,29.0,SYS_XCU001_Memory,0,0
2025-07-02 22:49:41,29.0,SYS_XCU001_Memory,0,0
2025-07-02 22:49:42,29.0,SYS_XCU001_Memory,0,0
2025-07-02 22:49:43,29.0,SYS_XCU001_Memory,0,0
2025-07-02 22:49:44,29.0,SYS_XCU001_Memory,0,0
2025-07-02 22:49:45,29.0,SYS_XCU001_Memory,0,0
2025-07-02 22:49:46,29.0,SYS_XCU001_Memory,0,0
2025-07-02 22:49:47,29.0,SYS_XCU001_Memory,0,0
2025-07-02 22:49:48,29.0,SYS_XCU001_Memory,0,0
2025-07-02 22:49:49,29.0,SYS_XCU001_Memory,0,0
2025-07-02 22:49:50,29.0,SYS_XCU001_Memory,0,0
2025-07-02 22:49:51,29.0,SYS_XCU001_Memory,0,0
2025-07-02 22:49:52,29.0,SYS_XCU001_Memory,0,0
2025-07-02 22:49:53,29.0,SYS_XCU001_Memory,0,0
2025-07-02 22:49:54,29.0,SYS_XCU001_Memory,0,0
2025-07-02 22:49:55,29.0,SYS_XCU001_Memory,0,0
2025-07-02 22:49:56,29.0,SYS_XCU001_Memory,0,0
2025-07-02 22:49:57,29.0,SYS_XCU001_Memory,0,0
2025-07-02 22:49:58,29.0,SYS_XCU001_Memory,0,0
2025-07-02 22:49:59,29.0,SYS_XCU001_Memory,0,0
2025-07-02 22:50:00,29.0,SYS_XCU001_Memory,0,0
2025-07-02 22:50:01,29.0,SYS_XCU001_Memory,0,0
2025-07-02 22:50:02,29.0,SYS_XCU001_Memory,0,0
2025-07-02 22:50:03,29.0,SYS_XCU001_Memory,0,0
2025-07-02 22:50:04,29.0,SYS_XCU001_Memory,0,0
2025-07-02 22:50:05,29.0,SYS_XCU001_Memory,0,0
2025-07-02 22:50:06,29.0,SYS_XCU001_Memory,0,0
2025-07-02 22:50:07,29.0,SYS_XCU001_Memory,0,0
2025-07-02 22:50:08,29.0,SYS_XCU001_Memory,0,0
2025-07-02 22:50:09,29.0,SYS_XCU001_Memory,0,0
2025-07-02 22:50:10,29.0,SYS_XCU001_Memory,0,0
2025-07-02 22:50:11,29.0,SYS_XCU001_Memory,0,0
2025-07-02 22:50:12,29.0,SYS_XCU001_Memory,0,0
2025-07-02 22:50:13,29.0,SYS_XCU001_Memory,0,0
2025-07-02 22:50:14,29.0,SYS_XCU001_Memory,0,0
2025-07-02 22:50:15,29.0,SYS_XCU001_Memory,0,0
2025-07-02 22:50:16,29.0,SYS_XCU001_Memory,0,0
2025-07-02 22:50:17,29.0,SYS_XCU001_Memory,0,0
2025-07-02 22:50:18,29.0,SYS_XCU001_Memory,0,0
2025-07-02 22:50:19,29.0,SYS_XCU001_Memory,0,0
2025-07-02 22:50:20,29.0,SYS_XCU001_Memory,0,0
2025-07-02 22:50:21,29.0,SYS_XCU001_Memory,0,0
2025-07-02 22:50:22,29.0,SYS_XCU001_Memory,0,0
2025-07-02 22:50:23,29.0,SYS_XCU001_Memory,0,0
2025-07-02 22:50:24,29.0,SYS_XCU001_Memory,0,0
2025-07-02 22:50:25,29.0,SYS_XCU001_Memory,0,0
2025-07-02 22:50:26,29.0,SYS_XCU001_Memory,0,0
2025-07-02 22:50:27,29.0,SYS_XCU001_Memory,0,0
2025-07-02 22:50:28,29.0,SYS_XCU001_Memory,0,0
2025-07-02 22:50:29,29.0,SYS_XCU001_Memory,0,0
2025-07-02 22:50:30,29.0,SYS_XCU001_Memory,0,0
2025-07-02 22:50:31,29.0,SYS_XCU001_Memory,0,0
2025-07-02 22:50:32,29.0,SYS_XCU001_Memory,0,0
2025-07-02 22:50:33,29.0,SYS_XCU001_Memory,0,0
2025-07-02 22:50:34,29.0,SYS_XCU001_Memory,0,0
2025-07-02 22:50:35,29.0,SYS_XCU001_Memory,0,0
2025-07-02 22:50:36,29.0,SYS_XCU001_Memory,0,0
2025-07-02 22:50:37,29.0,SYS_XCU001_Memory,0,0
2025-07-02 22:50:38,29.0,SYS_XCU001_Memory,0,0
2025-07-02 22:50:39,29.0,SYS_XCU001_Memory,0,0
2025-07-02 22:50:40,29.0,SYS_XCU001_Memory,0,0
2025-07-02 22:50:41,29.0,SYS_XCU001_Memory,0,0
2025-07-02 22:50:42,29.0,SYS_XCU001_Memory,0,0
2025-07-02 22:50:43,29.0,SYS_XCU001_Memory,0,0
2025-07-02 22:50:44,29.0,SYS_XCU001_Memory,0,0
2025-07-02 22:50:45,29.0,SYS_XCU001_Memory,0,0
2025-07-02 22:50:46,29.0,SYS_XCU001_Memory,0,0
2025-07-02 22:50:47,29.0,SYS_XCU001_Memory,0,0
2025-07-02 22:50:48,29.0,SYS_XCU001_Memory,0,0
2025-07-02 22:50:49,29.0,SYS_XCU001_Memory,0,0
2025-07-02 22:50:50,29.0,SYS_XCU001_Memory,0,0
2025-07-02 22:50:51,29.0,SYS_XCU001_Memory,0,0
2025-07-02 22:50:52,29.0,SYS_XCU001_Memory,0,0
2025-07-02 22:50:53,29.0,SYS_XCU001_Memory,0,0
2025-07-02 22:50:54,29.0,SYS_XCU001_Memory,0,0
2025-07-02 22:50:55,29.0,SYS_XCU001_Memory,0,0
2025-07-02 22:50:56,29.0,SYS_XCU001_Memory,0,0
2025-07-02 22:50:57,29.0,SYS_XCU001_Memory,0,0
2025-07-02 22:50:58,29.0,SYS_XCU001_Memory,0,0
2025-07-02 22:50:59,29.0,SYS_XCU001_Memory,0,0
2025-07-02 22:51:00,29.0,SYS_XCU001_Memory,0,0
2025-07-02 22:51:01,29.0,SYS_XCU001_Memory,0,0
2025-07-02 22:51:02,29.0,SYS_XCU001_Memory,0,0
2025-07-02 22:51:03,29.0,SYS_XCU001_Memory,0,0
2025-07-02 22:51:04,29.0,SYS_XCU001_Memory,0,0
2025-07-02 22:51:05,29.0,SYS_XCU001_Memory,0,0
2025-07-02 22:51:06,29.0,SYS_XCU001_Memory,0,0
2025-07-02 22:51:07,29.0,SYS_XCU001_Memory,0,0
2025-07-02 22:51:08,29.0,SYS_XCU001_Memory,0,0
2025-07-02 22:51:09,29.0,SYS_XCU001_Memory,0,0
2025-07-02 22:51:10,29.0,SYS_XCU001_Memory,0,0
2025-07-02 22:51:11,29.0,SYS_XCU001_Memory,0,0
2025-07-02 22:51:12,29.0,SYS_XCU001_Memory,0,0
2025-07-02 22:51:13,29.0,SYS_XCU001_Memory,0,0
2025-07-02 22:51:14,29.0,SYS_XCU001_Memory,0,0
2025-07-02 22:51:15,29.0,SYS_XCU001_Memory,0,0
2025-07-02 22:51:16,29.0,SYS_XCU001_Memory,0,0
2025-07-02 22:51:17,29.0,SYS_XCU001_Memory,0,0
2025-07-02 22:51:18,29.0,SYS_XCU001_Memory,0,0
2025-07-02 22:51:19,29.0,SYS_XCU001_Memory,0,0
2025-07-02 22:51:20,29.0,SYS_XCU001_Memory,0,0
2025-07-02 22:51:21,29.0,SYS_XCU001_Memory,0,0
2025-07-02 22:51:22,29.0,SYS_XCU001_Memory,0,0
2025-07-02 22:51:23,29.0,SYS_XCU001_Memory,0,0
2025-07-02 22:51:24,29.0,SYS_XCU001_Memory,0,0
2025-07-02 22:51:25,29.0,SYS_XCU001_Memory,0,0
2025-07-02 22:51:26,29.0,SYS_XCU001_Memory,0,0
2025-07-02 22:51:27,29.0,SYS_XCU001_Memory,0,0
2025-07-02 22:51:28,29.0,SYS_XCU001_Memory,0,0
2025-07-02 22:51:29,29.0,SYS_XCU001_Memory,0,0
2025-07-02 22:51:30,29.0,SYS_XCU001_Memory,0,0
2025-07-02 22:51:31,29.0,SYS_XCU001_Memory,0,0
2025-07-02 22:51:32,29.0,SYS_XCU001_Memory,0,0
2025-07-02 22:51:33,29.0,SYS_XCU001_Memory,0,0
2025-07-02 22:51:34,29.0,SYS_XCU001_Memory,0,0
2025-07-02 22:51:35,29.0,SYS_XCU001_Memory,0,0
2025-07-02 22:51:36,29.0,SYS_XCU001_Memory,0,0
2025-07-02 22:51:37,29.0,SYS_XCU001_Memory,0,0
2025-07-02 22:51:38,29.0,SYS_XCU001_Memory,0,0
2025-07-02 22:51:39,29.0,SYS_XCU001_Memory,0,0
2025-07-02 22:51:40,29.0,SYS_XCU001_Memory,0,0
2025-07-02 22:51:41,29.0,SYS_XCU001_Memory,0,0
2025-07-02 22:51:42,29.0,SYS_XCU001_Memory,0,0
2025-07-02 22:51:43,29.0,SYS_XCU001_Memory,0,0
2025-07-02 22:51:44,29.0,SYS_XCU001_Memory,0,0
2025-07-02 22:51:45,29.0,SYS_XCU001_Memory,0,0
2025-07-02 22:51:46,29.0,SYS_XCU001_Memory,0,0
2025-07-02 22:51:47,29.0,SYS_XCU001_Memory,0,0
2025-07-02 22:51:48,29.0,SYS_XCU001_Memory,0,0
2025-07-02 22:51:49,29.0,SYS_XCU001_Memory,0,0
2025-07-02 22:51:50,29.0,SYS_XCU001_Memory,0,0
2025-07-02 22:51:51,29.0,SYS_XCU001_Memory,0,0
2025-07-02 22:51:52,29.0,SYS_XCU001_Memory,0,0
2025-07-02 22:51:53,29.0,SYS_XCU001_Memory,0,0
2025-07-02 22:51:54,29.0,SYS_XCU001_Memory,0,0
2025-07-02 22:51:55,29.0,SYS_XCU001_Memory,0,0
2025-07-02 22:51:56,29.0,SYS_XCU001_Memory,0,0
2025-07-02 22:51:57,29.0,SYS_XCU001_Memory,0,0
2025-07-02 22:51:58,29.0,SYS_XCU001_Memory,0,0
2025-07-02 22:51:59,29.0,SYS_XCU001_Memory,0,0
2025-07-02 22:52:00,29.0,SYS_XCU001_Memory,0,0
2025-07-02 22:52:01,29.0,SYS_XCU001_Memory,0,0
2025-07-02 22:52:02,29.0,SYS_XCU001_Memory,0,0
2025-07-02 22:52:03,29.0,SYS_XCU001_Memory,0,0
2025-07-02 22:52:04,29.0,SYS_XCU001_Memory,0,0
2025-07-02 22:52:05,29.0,SYS_XCU001_Memory,0,0
2025-07-02 22:52:06,29.0,SYS_XCU001_Memory,0,0
2025-07-02 22:52:07,29.0,SYS_XCU001_Memory,0,0
2025-07-02 22:52:08,29.0,SYS_XCU001_Memory,0,0
2025-07-02 22:52:09,29.0,SYS_XCU001_Memory,0,0
2025-07-02 22:52:10,29.0,SYS_XCU001_Memory,0,0
2025-07-02 22:52:11,29.0,SYS_XCU001_Memory,0,0
2025-07-02 22:52:12,29.0,SYS_XCU001_Memory,0,0
2025-07-02 22:52:13,29.0,SYS_XCU001_Memory,0,0
2025-07-02 22:52:14,29.0,SYS_XCU001_Memory,0,0
2025-07-02 22:52:15,29.0,SYS_XCU001_Memory,0,0
2025-07-02 22:52:16,29.0,SYS_XCU001_Memory,0,0
2025-07-02 22:52:17,29.0,SYS_XCU001_Memory,0,0
2025-07-02 22:52:18,29.0,SYS_XCU001_Memory,0,0
2025-07-02 22:52:19,29.0,SYS_XCU001_Memory,0,0
2025-07-02 22:52:20,29.0,SYS_XCU001_Memory,0,0
2025-07-02 22:52:21,29.0,SYS_XCU001_Memory,0,0
2025-07-02 22:52:22,29.0,SYS_XCU001_Memory,0,0
2025-07-02 22:52:23,29.0,SYS_XCU001_Memory,0,0
2025-07-02 22:52:24,29.0,SYS_XCU001_Memory,0,0
2025-07-02 22:52:25,29.0,SYS_XCU001_Memory,0,0
2025-07-02 22:52:26,29.0,SYS_XCU001_Memory,0,0
2025-07-02 22:52:27,29.0,SYS_XCU001_Memory,0,0
2025-07-02 22:52:28,29.0,SYS_XCU001_Memory,0,0
2025-07-02 22:52:29,29.0,SYS_XCU001_Memory,0,0
2025-07-02 22:52:30,29.0,SYS_XCU001_Memory,0,0
2025-07-02 22:52:31,29.0,SYS_XCU001_Memory,0,0
2025-07-02 22:52:32,29.0,SYS_XCU001_Memory,0,0
2025-07-02 22:52:33,29.0,SYS_XCU001_Memory,0,0
2025-07-02 22:52:34,29.0,SYS_XCU001_Memory,0,0
2025-07-02 22:52:35,29.0,SYS_XCU001_Memory,0,0
2025-07-02 22:52:36,29.0,SYS_XCU001_Memory,0,0
2025-07-02 22:52:37,29.0,SYS_XCU001_Memory,0,0
2025-07-02 22:52:38,29.0,SYS_XCU001_Memory,0,0
2025-07-02 22:52:39,29.0,SYS_XCU001_Memory,0,0
2025-07-02 22:52:40,29.0,SYS_XCU001_Memory,0,0
2025-07-02 22:52:41,29.0,SYS_XCU001_Memory,0,0
2025-07-02 22:52:42,29.0,SYS_XCU001_Memory,0,0
2025-07-02 22:52:43,29.0,SYS_XCU001_Memory,0,0
2025-07-02 22:52:44,29.0,SYS_XCU001_Memory,0,0
2025-07-02 22:52:45,29.0,SYS_XCU001_Memory,0,0
2025-07-02 22:52:46,29.0,SYS_XCU001_Memory,0,0
2025-07-02 22:52:47,29.0,SYS_XCU001_Memory,0,0
2025-07-02 22:52:48,29.0,SYS_XCU001_Memory,0,0
2025-07-02 22:52:49,29.0,SYS_XCU001_Memory,0,0
2025-07-02 22:52:50,29.0,SYS_XCU001_Memory,0,0
2025-07-02 22:52:51,29.0,SYS_XCU001_Memory,0,0
2025-07-02 22:52:52,29.0,SYS_XCU001_Memory,0,0
2025-07-02 22:52:53,29.0,SYS_XCU001_Memory,0,0
2025-07-02 22:52:54,29.0,SYS_XCU001_Memory,0,0
2025-07-02 22:52:55,29.0,SYS_XCU001_Memory,0,0
2025-07-02 22:52:56,29.0,SYS_XCU001_Memory,0,0
2025-07-02 22:52:57,29.0,SYS_XCU001_Memory,0,0
2025-07-02 22:52:58,29.0,SYS_XCU001_Memory,0,0
2025-07-02 22:52:59,29.0,SYS_XCU001_Memory,0,0
2025-07-02 22:53:00,29.0,SYS_XCU001_Memory,0,0
2025-07-02 22:53:01,29.0,SYS_XCU001_Memory,0,0
2025-07-02 22:53:02,29.0,SYS_XCU001_Memory,0,0
2025-07-02 22:53:03,29.0,SYS_XCU001_Memory,0,0
2025-07-02 22:53:04,29.0,SYS_XCU001_Memory,0,0
2025-07-02 22:53:05,29.0,SYS_XCU001_Memory,0,0
2025-07-02 22:53:06,29.0,SYS_XCU001_Memory,0,0
2025-07-02 22:53:07,29.0,SYS_XCU001_Memory,0,0
2025-07-02 22:53:08,29.0,SYS_XCU001_Memory,0,0
2025-07-02 22:53:09,29.0,SYS_XCU001_Memory,0,0
2025-07-02 22:53:10,29.0,SYS_XCU001_Memory,0,0
2025-07-02 22:53:11,29.0,SYS_XCU001_Memory,0,0
2025-07-02 22:53:12,29.0,SYS_XCU001_Memory,0,0
2025-07-02 22:53:13,29.0,SYS_XCU001_Memory,0,0
2025-07-02 22:53:14,29.0,SYS_XCU001_Memory,0,0
2025-07-02 22:53:15,29.0,SYS_XCU001_Memory,0,0
2025-07-02 22:53:16,29.0,SYS_XCU001_Memory,0,0
2025-07-02 22:53:17,29.0,SYS_XCU001_Memory,0,0
2025-07-02 22:53:18,29.0,SYS_XCU001_Memory,0,0
2025-07-02 22:53:19,29.0,SYS_XCU001_Memory,0,0
2025-07-02 22:53:20,29.0,SYS_XCU001_Memory,0,0
2025-07-02 22:53:21,29.0,SYS_XCU001_Memory,0,0
2025-07-02 22:53:22,29.0,SYS_XCU001_Memory,0,0
2025-07-02 22:53:23,29.0,SYS_XCU001_Memory,0,0
2025-07-02 22:53:24,29.0,SYS_XCU001_Memory,0,0
2025-07-02 22:53:25,29.0,SYS_XCU001_Memory,0,0
2025-07-02 22:53:26,29.0,SYS_XCU001_Memory,0,0
2025-07-02 22:53:27,29.0,SYS_XCU001_Memory,0,0
2025-07-02 22:53:28,29.0,SYS_XCU001_Memory,0,0
2025-07-02 22:53:29,29.0,SYS_XCU001_Memory,0,0
2025-07-02 22:53:30,29.0,SYS_XCU001_Memory,0,0
2025-07-02 22:53:31,29.0,SYS_XCU001_Memory,0,0
2025-07-02 22:53:32,29.0,SYS_XCU001_Memory,0,0
2025-07-02 22:53:33,29.0,SYS_XCU001_Memory,0,0
2025-07-02 22:53:34,29.0,SYS_XCU001_Memory,0,0
2025-07-02 22:53:35,29.0,SYS_XCU001_Memory,0,0
2025-07-02 22:53:36,29.0,SYS_XCU001_Memory,0,0
2025-07-02 22:53:37,29.0,SYS_XCU001_Memory,0,0
2025-07-02 22:53:38,29.0,SYS_XCU001_Memory,0,0
2025-07-02 22:53:39,29.0,SYS_XCU001_Memory,0,0
2025-07-02 22:53:40,29.0,SYS_XCU001_Memory,0,0
2025-07-02 22:53:41,29.0,SYS_XCU001_Memory,0,0
2025-07-02 22:53:42,29.0,SYS_XCU001_Memory,0,0
2025-07-02 22:53:43,29.0,SYS_XCU001_Memory,0,0
2025-07-02 22:53:44,29.0,SYS_XCU001_Memory,0,0
2025-07-02 22:53:45,29.0,SYS_XCU001_Memory,0,0
2025-07-02 22:53:46,29.0,SYS_XCU001_Memory,0,0
2025-07-02 22:53:47,29.0,SYS_XCU001_Memory,0,0
2025-07-02 22:53:48,29.0,SYS_XCU001_Memory,0,0
2025-07-02 22:53:49,29.0,SYS_XCU001_Memory,0,0
2025-07-02 22:53:50,29.0,SYS_XCU001_Memory,0,0
2025-07-02 22:53:51,29.0,SYS_XCU001_Memory,0,0
2025-07-02 22:53:52,29.0,SYS_XCU001_Memory,0,0
2025-07-02 22:53:53,29.0,SYS_XCU001_Memory,0,0
2025-07-02 22:53:54,29.0,SYS_XCU001_Memory,0,0
2025-07-02 22:53:55,29.0,SYS_XCU001_Memory,0,0
2025-07-02 22:53:56,29.0,SYS_XCU001_Memory,0,0
2025-07-02 22:53:57,29.0,SYS_XCU001_Memory,0,0
2025-07-02 22:53:58,29.0,SYS_XCU001_Memory,0,0
2025-07-02 22:53:59,29.0,SYS_XCU001_Memory,0,0
2025-07-02 22:54:00,29.0,SYS_XCU001_Memory,0,0
2025-07-02 22:54:01,29.0,SYS_XCU001_Memory,0,0
2025-07-02 22:54:02,29.0,SYS_XCU001_Memory,0,0
2025-07-02 22:54:03,29.0,SYS_XCU001_Memory,0,0
2025-07-02 22:54:04,29.0,SYS_XCU001_Memory,0,0
2025-07-02 22:54:05,29.0,SYS_XCU001_Memory,0,0
2025-07-02 22:54:06,29.0,SYS_XCU001_Memory,0,0
2025-07-02 22:54:07,29.0,SYS_XCU001_Memory,0,0
2025-07-02 22:54:08,29.0,SYS_XCU001_Memory,0,0
2025-07-02 22:54:09,29.0,SYS_XCU001_Memory,0,0
2025-07-02 22:54:10,29.0,SYS_XCU001_Memory,0,0
2025-07-02 22:54:11,29.0,SYS_XCU001_Memory,0,0
2025-07-02 22:54:12,29.0,SYS_XCU001_Memory,0,0
2025-07-02 22:54:13,29.0,SYS_XCU001_Memory,0,0
2025-07-02 22:54:14,29.0,SYS_XCU001_Memory,0,0
2025-07-02 22:54:15,29.0,SYS_XCU001_Memory,0,0
2025-07-02 22:54:16,29.0,SYS_XCU001_Memory,0,0
2025-07-02 22:54:17,29.0,SYS_XCU001_Memory,0,0
2025-07-02 22:54:18,29.0,SYS_XCU001_Memory,0,0
2025-07-02 22:54:19,29.0,SYS_XCU001_Memory,0,0
2025-07-02 22:54:20,29.0,SYS_XCU001_Memory,0,0
2025-07-02 22:54:21,29.0,SYS_XCU001_Memory,0,0
2025-07-02 22:54:22,29.0,SYS_XCU001_Memory,0,0
2025-07-02 22:54:23,29.0,SYS_XCU001_Memory,0,0
2025-07-02 22:54:24,29.0,SYS_XCU001_Memory,0,0
2025-07-02 22:54:25,29.0,SYS_XCU001_Memory,0,0
2025-07-02 22:54:26,29.0,SYS_XCU001_Memory,0,0
2025-07-02 22:54:27,29.0,SYS_XCU001_Memory,0,0
2025-07-02 22:54:28,29.0,SYS_XCU001_Memory,0,0
2025-07-02 22:54:29,29.0,SYS_XCU001_Memory,0,0
2025-07-02 22:54:30,29.0,SYS_XCU001_Memory,0,0
2025-07-02 22:54:31,29.0,SYS_XCU001_Memory,0,0
2025-07-02 22:54:32,29.0,SYS_XCU001_Memory,0,0
2025-07-02 22:54:33,29.0,SYS_XCU001_Memory,0,0
2025-07-02 22:54:34,29.0,SYS_XCU001_Memory,0,0
2025-07-02 22:54:35,29.0,SYS_XCU001_Memory,0,0
2025-07-02 22:54:36,29.0,SYS_XCU001_Memory,0,0
2025-07-02 22:54:37,29.0,SYS_XCU001_Memory,0,0
2025-07-02 22:54:38,29.0,SYS_XCU001_Memory,0,0
2025-07-02 22:54:39,29.0,SYS_XCU001_Memory,0,0
2025-07-02 22:54:40,29.0,SYS_XCU001_Memory,0,0
2025-07-02 22:54:41,29.0,SYS_XCU001_Memory,0,0
2025-07-02 22:54:42,29.0,SYS_XCU001_Memory,0,0
2025-07-02 22:54:43,29.0,SYS_XCU001_Memory,0,0
2025-07-02 22:54:44,29.0,SYS_XCU001_Memory,0,0
2025-07-02 22:54:45,29.0,SYS_XCU001_Memory,0,0
2025-07-02 22:54:46,29.0,SYS_XCU001_Memory,0,0
2025-07-02 22:54:47,29.0,SYS_XCU001_Memory,0,0
2025-07-02 22:54:48,29.0,SYS_XCU001_Memory,0,0
2025-07-02 22:54:49,29.0,SYS_XCU001_Memory,0,0
2025-07-02 22:54:50,29.0,SYS_XCU001_Memory,0,0
2025-07-02 22:54:51,29.0,SYS_XCU001_Memory,0,0
2025-07-02 22:54:52,29.0,SYS_XCU001_Memory,0,0
2025-07-02 22:54:53,29.0,SYS_XCU001_Memory,0,0
2025-07-02 22:54:54,29.0,SYS_XCU001_Memory,0,0
2025-07-02 22:54:55,29.0,SYS_XCU001_Memory,0,0
2025-07-02 22:54:56,29.0,SYS_XCU001_Memory,0,0
2025-07-02 22:54:57,29.0,SYS_XCU001_Memory,0,0
2025-07-02 22:54:58,29.0,SYS_XCU001_Memory,0,0
2025-07-02 22:54:59,29.0,SYS_XCU001_Memory,0,0
2025-07-02 22:55:00,29.0,SYS_XCU001_Memory,0,0
2025-07-02 22:55:01,29.0,SYS_XCU001_Memory,0,0
2025-07-02 22:55:02,29.0,SYS_XCU001_Memory,0,0
2025-07-02 22:55:03,29.0,SYS_XCU001_Memory,0,0
2025-07-02 22:55:04,29.0,SYS_XCU001_Memory,0,0
2025-07-02 22:55:05,29.0,SYS_XCU001_Memory,0,0
2025-07-02 22:55:06,29.0,SYS_XCU001_Memory,0,0
2025-07-02 22:55:07,29.0,SYS_XCU001_Memory,0,0
2025-07-02 22:55:08,29.0,SYS_XCU001_Memory,0,0
2025-07-02 22:55:09,29.0,SYS_XCU001_Memory,0,0
2025-07-02 22:55:10,29.0,SYS_XCU001_Memory,0,0
2025-07-02 22:55:11,29.0,SYS_XCU001_Memory,0,0
2025-07-02 22:55:12,29.0,SYS_XCU001_Memory,0,0
2025-07-02 22:55:13,29.0,SYS_XCU001_Memory,0,0
2025-07-02 22:55:14,29.0,SYS_XCU001_Memory,0,0
2025-07-02 22:55:15,29.0,SYS_XCU001_Memory,0,0
2025-07-02 22:55:16,29.0,SYS_XCU001_Memory,0,0
2025-07-02 22:55:17,29.0,SYS_XCU001_Memory,0,0
2025-07-02 22:55:18,29.0,SYS_XCU001_Memory,0,0
2025-07-02 22:55:19,29.0,SYS_XCU001_Memory,0,0
2025-07-02 22:55:20,29.0,SYS_XCU001_Memory,0,0
2025-07-02 22:55:21,29.0,SYS_XCU001_Memory,0,0
2025-07-02 22:55:22,29.0,SYS_XCU001_Memory,0,0
2025-07-02 22:55:23,29.0,SYS_XCU001_Memory,0,0
2025-07-02 22:55:24,29.0,SYS_XCU001_Memory,0,0
2025-07-02 22:55:25,29.0,SYS_XCU001_Memory,0,0
2025-07-02 22:55:26,29.0,SYS_XCU001_Memory,0,0
2025-07-02 22:55:27,29.0,SYS_XCU001_Memory,0,0
2025-07-02 22:55:28,29.0,SYS_XCU001_Memory,0,0
2025-07-02 22:55:29,29.0,SYS_XCU001_Memory,0,0
2025-07-02 22:55:30,29.0,SYS_XCU001_Memory,0,0
2025-07-02 22:55:31,29.0,SYS_XCU001_Memory,0,0
2025-07-02 22:55:32,29.0,SYS_XCU001_Memory,0,0
2025-07-02 22:55:33,29.0,SYS_XCU001_Memory,0,0
2025-07-02 22:55:34,29.0,SYS_XCU001_Memory,0,0
2025-07-02 22:55:35,29.0,SYS_XCU001_Memory,0,0
2025-07-02 22:55:36,29.0,SYS_XCU001_Memory,0,0
2025-07-02 22:55:37,29.0,SYS_XCU001_Memory,0,0
2025-07-02 22:55:38,29.0,SYS_XCU001_Memory,0,0
2025-07-02 22:55:39,29.0,SYS_XCU001_Memory,0,0
2025-07-02 22:55:40,29.0,SYS_XCU001_Memory,0,0
2025-07-02 22:55:41,29.0,SYS_XCU001_Memory,0,0
2025-07-02 22:55:42,29.0,SYS_XCU001_Memory,0,0
2025-07-02 22:55:43,29.0,SYS_XCU001_Memory,0,0
2025-07-02 22:55:44,29.0,SYS_XCU001_Memory,0,0
2025-07-02 22:55:45,29.0,SYS_XCU001_Memory,0,0
2025-07-02 22:55:46,29.0,SYS_XCU001_Memory,0,0
2025-07-02 22:55:47,29.0,SYS_XCU001_Memory,0,0
2025-07-02 22:55:48,29.0,SYS_XCU001_Memory,0,0
2025-07-02 22:55:49,29.0,SYS_XCU001_Memory,0,0
2025-07-02 22:55:50,29.0,SYS_XCU001_Memory,0,0
2025-07-02 22:55:51,29.0,SYS_XCU001_Memory,0,0
2025-07-02 22:55:52,29.0,SYS_XCU001_Memory,0,0
2025-07-02 22:55:53,29.0,SYS_XCU001_Memory,0,0
2025-07-02 22:55:54,29.0,SYS_XCU001_Memory,0,0
2025-07-02 22:55:55,29.0,SYS_XCU001_Memory,0,0
2025-07-02 22:55:56,29.0,SYS_XCU001_Memory,0,0
2025-07-02 22:55:57,29.0,SYS_XCU001_Memory,0,0
2025-07-02 22:55:58,29.0,SYS_XCU001_Memory,0,0
2025-07-02 22:55:59,29.0,SYS_XCU001_Memory,0,0
2025-07-02 22:56:00,29.0,SYS_XCU001_Memory,0,0
2025-07-02 22:56:01,29.0,SYS_XCU001_Memory,0,0
2025-07-02 22:56:02,29.0,SYS_XCU001_Memory,0,0
2025-07-02 22:56:03,29.0,SYS_XCU001_Memory,0,0
2025-07-02 22:56:04,29.0,SYS_XCU001_Memory,0,0
2025-07-02 22:56:05,29.0,SYS_XCU001_Memory,0,0
2025-07-02 22:56:06,29.0,SYS_XCU001_Memory,0,0
2025-07-02 22:56:07,29.0,SYS_XCU001_Memory,0,0
2025-07-02 22:56:08,29.0,SYS_XCU001_Memory,0,0
2025-07-02 22:56:09,29.0,SYS_XCU001_Memory,0,0
2025-07-02 22:56:10,29.0,SYS_XCU001_Memory,0,0
2025-07-02 22:56:11,29.0,SYS_XCU001_Memory,0,0
2025-07-02 22:56:12,29.0,SYS_XCU001_Memory,0,0
2025-07-02 22:56:13,29.0,SYS_XCU001_Memory,0,0
2025-07-02 22:56:14,29.0,SYS_XCU001_Memory,0,0
2025-07-02 22:56:15,29.0,SYS_XCU001_Memory,0,0
2025-07-02 22:56:16,29.0,SYS_XCU001_Memory,0,0
2025-07-02 22:56:17,29.0,SYS_XCU001_Memory,0,0
2025-07-02 22:56:18,29.0,SYS_XCU001_Memory,0,0
2025-07-02 22:56:19,29.0,SYS_XCU001_Memory,0,0
2025-07-02 22:56:20,29.0,SYS_XCU001_Memory,0,0
2025-07-02 22:56:21,29.0,SYS_XCU001_Memory,0,0
2025-07-02 22:56:22,29.0,SYS_XCU001_Memory,0,0
2025-07-02 22:56:23,29.0,SYS_XCU001_Memory,0,0
2025-07-02 22:56:24,29.0,SYS_XCU001_Memory,0,0
2025-07-02 22:56:25,29.0,SYS_XCU001_Memory,0,0
2025-07-02 22:56:26,29.0,SYS_XCU001_Memory,0,0
2025-07-02 22:56:27,29.0,SYS_XCU001_Memory,0,0
2025-07-02 22:56:28,29.0,SYS_XCU001_Memory,0,0
2025-07-02 22:56:29,29.0,SYS_XCU001_Memory,0,0
2025-07-02 22:56:30,29.0,SYS_XCU001_Memory,0,0
2025-07-02 22:56:31,29.0,SYS_XCU001_Memory,0,0
2025-07-02 22:56:32,29.0,SYS_XCU001_Memory,0,0
2025-07-02 22:56:33,29.0,SYS_XCU001_Memory,0,0
2025-07-02 22:56:34,29.0,SYS_XCU001_Memory,0,0
2025-07-02 22:56:35,29.0,SYS_XCU001_Memory,0,0
2025-07-02 22:56:36,29.0,SYS_XCU001_Memory,0,0
2025-07-02 22:56:37,29.0,SYS_XCU001_Memory,0,0
2025-07-02 22:56:38,29.0,SYS_XCU001_Memory,0,0
2025-07-02 22:56:39,29.0,SYS_XCU001_Memory,0,0
2025-07-02 22:56:40,29.0,SYS_XCU001_Memory,0,0
2025-07-02 22:56:41,29.0,SYS_XCU001_Memory,0,0
2025-07-02 22:56:42,29.0,SYS_XCU001_Memory,0,0
2025-07-02 22:56:43,29.0,SYS_XCU001_Memory,0,0
2025-07-02 22:56:44,29.0,SYS_XCU001_Memory,0,0
2025-07-02 22:56:45,29.0,SYS_XCU001_Memory,0,0
2025-07-02 22:56:46,29.0,SYS_XCU001_Memory,0,0
2025-07-02 22:56:47,29.0,SYS_XCU001_Memory,0,0
2025-07-02 22:56:48,29.0,SYS_XCU001_Memory,0,0
2025-07-02 22:56:49,29.0,SYS_XCU001_Memory,0,0
2025-07-02 22:56:50,29.0,SYS_XCU001_Memory,0,0
2025-07-02 22:56:51,29.0,SYS_XCU001_Memory,0,0
2025-07-02 22:56:52,29.0,SYS_XCU001_Memory,0,0
2025-07-02 22:56:53,29.0,SYS_XCU001_Memory,0,0
2025-07-02 22:56:54,29.0,SYS_XCU001_Memory,0,0
2025-07-02 22:56:55,29.0,SYS_XCU001_Memory,0,0
2025-07-02 22:56:56,29.0,SYS_XCU001_Memory,0,0
2025-07-02 22:56:57,29.0,SYS_XCU001_Memory,0,0
2025-07-02 22:56:58,29.0,SYS_XCU001_Memory,0,0
2025-07-02 22:56:59,29.0,SYS_XCU001_Memory,0,0
2025-07-02 22:57:00,29.0,SYS_XCU001_Memory,0,0
2025-07-02 22:57:01,29.0,SYS_XCU001_Memory,0,0
2025-07-02 22:57:02,29.0,SYS_XCU001_Memory,0,0
2025-07-02 22:57:03,29.0,SYS_XCU001_Memory,0,0
2025-07-02 22:57:04,29.0,SYS_XCU001_Memory,0,0
2025-07-02 22:57:05,29.0,SYS_XCU001_Memory,0,0
2025-07-02 22:57:06,29.0,SYS_XCU001_Memory,0,0
2025-07-02 22:57:07,29.0,SYS_XCU001_Memory,0,0
2025-07-02 22:57:08,29.0,SYS_XCU001_Memory,0,0
2025-07-02 22:57:09,29.0,SYS_XCU001_Memory,0,0
2025-07-02 22:57:10,29.0,SYS_XCU001_Memory,0,0
2025-07-02 22:57:11,29.0,SYS_XCU001_Memory,0,0
2025-07-02 22:57:12,29.0,SYS_XCU001_Memory,0,0
2025-07-02 22:57:13,29.0,SYS_XCU001_Memory,0,0
2025-07-02 22:57:14,29.0,SYS_XCU001_Memory,0,0
2025-07-02 22:57:15,29.0,SYS_XCU001_Memory,0,0
2025-07-02 22:57:16,29.0,SYS_XCU001_Memory,0,0
2025-07-02 22:57:17,29.0,SYS_XCU001_Memory,0,0
2025-07-02 22:57:18,29.0,SYS_XCU001_Memory,0,0
2025-07-02 22:57:19,29.0,SYS_XCU001_Memory,0,0
2025-07-02 22:57:20,29.0,SYS_XCU001_Memory,0,0
2025-07-02 22:57:21,29.0,SYS_XCU001_Memory,0,0
2025-07-02 22:57:22,29.0,SYS_XCU001_Memory,0,0
2025-07-02 22:57:23,29.0,SYS_XCU001_Memory,0,0
2025-07-02 22:57:24,29.0,SYS_XCU001_Memory,0,0
2025-07-02 22:57:25,29.0,SYS_XCU001_Memory,0,0
2025-07-02 22:57:26,29.0,SYS_XCU001_Memory,0,0
2025-07-02 22:57:27,29.0,SYS_XCU001_Memory,0,0
2025-07-02 22:57:28,29.0,SYS_XCU001_Memory,0,0
2025-07-02 22:57:29,29.0,SYS_XCU001_Memory,0,0
2025-07-02 22:57:30,29.0,SYS_XCU001_Memory,0,0
2025-07-02 22:57:31,29.0,SYS_XCU001_Memory,0,0
2025-07-02 22:57:32,29.0,SYS_XCU001_Memory,0,0
2025-07-02 22:57:33,29.0,SYS_XCU001_Memory,0,0
2025-07-02 22:57:34,29.0,SYS_XCU001_Memory,0,0
2025-07-02 22:57:35,29.0,SYS_XCU001_Memory,0,0
2025-07-02 22:57:36,29.0,SYS_XCU001_Memory,0,0
2025-07-02 22:57:37,29.0,SYS_XCU001_Memory,0,0
2025-07-02 22:57:38,29.0,SYS_XCU001_Memory,0,0
2025-07-02 22:57:39,29.0,SYS_XCU001_Memory,0,0
2025-07-02 22:57:40,29.0,SYS_XCU001_Memory,0,0
2025-07-02 22:57:41,29.0,SYS_XCU001_Memory,0,0
2025-07-02 22:57:42,29.0,SYS_XCU001_Memory,0,0
2025-07-02 22:57:43,29.0,SYS_XCU001_Memory,0,0
2025-07-02 22:57:44,29.0,SYS_XCU001_Memory,0,0
2025-07-02 22:57:45,29.0,SYS_XCU001_Memory,0,0
2025-07-02 22:57:46,29.0,SYS_XCU001_Memory,0,0
2025-07-02 22:57:47,29.0,SYS_XCU001_Memory,0,0
2025-07-02 22:57:48,29.0,SYS_XCU001_Memory,0,0
2025-07-02 22:57:49,29.0,SYS_XCU001_Memory,0,0
2025-07-02 22:57:50,29.0,SYS_XCU001_Memory,0,0
2025-07-02 22:57:51,29.0,SYS_XCU001_Memory,0,0
2025-07-02 22:57:52,29.0,SYS_XCU001_Memory,0,0
2025-07-02 22:57:53,29.0,SYS_XCU001_Memory,0,0
2025-07-02 22:57:54,29.0,SYS_XCU001_Memory,0,0
2025-07-02 22:57:55,29.0,SYS_XCU001_Memory,0,0
2025-07-02 22:57:56,29.0,SYS_XCU001_Memory,0,0
2025-07-02 22:57:57,29.0,SYS_XCU001_Memory,0,0
2025-07-02 22:57:58,29.0,SYS_XCU001_Memory,0,0
2025-07-02 22:57:59,29.0,SYS_XCU001_Memory,0,0
2025-07-02 22:58:00,29.0,SYS_XCU001_Memory,0,0
2025-07-02 22:58:01,29.0,SYS_XCU001_Memory,0,0
2025-07-02 22:58:02,29.0,SYS_XCU001_Memory,0,0
2025-07-02 22:58:03,29.0,SYS_XCU001_Memory,0,0
2025-07-02 22:58:04,29.0,SYS_XCU001_Memory,0,0
2025-07-02 22:58:05,29.0,SYS_XCU001_Memory,0,0
2025-07-02 22:58:06,29.0,SYS_XCU001_Memory,0,0
2025-07-02 22:58:07,29.0,SYS_XCU001_Memory,0,0
2025-07-02 22:58:08,29.0,SYS_XCU001_Memory,0,0
2025-07-02 22:58:09,29.0,SYS_XCU001_Memory,0,0
2025-07-02 22:58:10,29.0,SYS_XCU001_Memory,0,0
2025-07-02 22:58:11,29.0,SYS_XCU001_Memory,0,0
2025-07-02 22:58:12,29.0,SYS_XCU001_Memory,0,0
2025-07-02 22:58:13,29.0,SYS_XCU001_Memory,0,0
2025-07-02 22:58:14,29.0,SYS_XCU001_Memory,0,0
2025-07-02 22:58:15,29.0,SYS_XCU001_Memory,0,0
2025-07-02 22:58:16,29.0,SYS_XCU001_Memory,0,0
2025-07-02 22:58:17,29.0,SYS_XCU001_Memory,0,0
2025-07-02 22:58:18,29.0,SYS_XCU001_Memory,0,0
2025-07-02 22:58:19,29.0,SYS_XCU001_Memory,0,0
2025-07-02 22:58:20,29.0,SYS_XCU001_Memory,0,0
2025-07-02 22:58:21,29.0,SYS_XCU001_Memory,0,0
2025-07-02 22:58:22,29.0,SYS_XCU001_Memory,0,0
2025-07-02 22:58:23,29.0,SYS_XCU001_Memory,0,0
2025-07-02 22:58:24,29.0,SYS_XCU001_Memory,0,0
2025-07-02 22:58:25,29.0,SYS_XCU001_Memory,0,0
2025-07-02 22:58:26,29.0,SYS_XCU001_Memory,0,0
2025-07-02 22:58:27,29.0,SYS_XCU001_Memory,0,0
2025-07-02 22:58:28,29.0,SYS_XCU001_Memory,0,0
2025-07-02 22:58:29,29.0,SYS_XCU001_Memory,0,0
2025-07-02 22:58:30,29.0,SYS_XCU001_Memory,0,0
2025-07-02 22:58:31,29.0,SYS_XCU001_Memory,0,0
2025-07-02 22:58:32,29.0,SYS_XCU001_Memory,0,0
2025-07-02 22:58:33,29.0,SYS_XCU001_Memory,0,0
2025-07-02 22:58:34,29.0,SYS_XCU001_Memory,0,0
2025-07-02 22:58:35,29.0,SYS_XCU001_Memory,0,0
2025-07-02 22:58:36,29.0,SYS_XCU001_Memory,0,0
2025-07-02 22:58:37,29.0,SYS_XCU001_Memory,0,0
2025-07-02 22:58:38,29.0,SYS_XCU001_Memory,0,0
2025-07-02 22:58:39,29.0,SYS_XCU001_Memory,0,0
2025-07-02 22:58:40,29.0,SYS_XCU001_Memory,0,0
2025-07-02 22:58:41,29.0,SYS_XCU001_Memory,0,0
2025-07-02 22:58:42,29.0,SYS_XCU001_Memory,0,0
2025-07-02 22:58:43,29.0,SYS_XCU001_Memory,0,0
2025-07-02 22:58:44,29.0,SYS_XCU001_Memory,0,0
2025-07-02 22:58:45,29.0,SYS_XCU001_Memory,0,0
2025-07-02 22:58:46,29.0,SYS_XCU001_Memory,0,0
2025-07-02 22:58:47,29.0,SYS_XCU001_Memory,0,0
2025-07-02 22:58:48,29.0,SYS_XCU001_Memory,0,0
2025-07-02 22:58:49,29.0,SYS_XCU001_Memory,0,0
2025-07-02 22:58:50,29.0,SYS_XCU001_Memory,0,0
2025-07-02 22:58:51,29.0,SYS_XCU001_Memory,0,0
2025-07-02 22:58:52,29.0,SYS_XCU001_Memory,0,0
2025-07-02 22:58:53,29.0,SYS_XCU001_Memory,0,0
2025-07-02 22:58:54,29.0,SYS_XCU001_Memory,0,0
2025-07-02 22:58:55,29.0,SYS_XCU001_Memory,0,0
2025-07-02 22:58:56,29.0,SYS_XCU001_Memory,0,0
2025-07-02 22:58:57,29.0,SYS_XCU001_Memory,0,0
2025-07-02 22:58:58,29.0,SYS_XCU001_Memory,0,0
2025-07-02 22:58:59,29.0,SYS_XCU001_Memory,0,0
2025-07-02 22:59:00,29.0,SYS_XCU001_Memory,0,0
2025-07-02 22:59:01,29.0,SYS_XCU001_Memory,0,0
2025-07-02 22:59:02,29.0,SYS_XCU001_Memory,0,0
2025-07-02 22:59:03,29.0,SYS_XCU001_Memory,0,0
2025-07-02 22:59:04,29.0,SYS_XCU001_Memory,0,0
2025-07-02 22:59:05,29.0,SYS_XCU001_Memory,0,0
2025-07-02 22:59:06,29.0,SYS_XCU001_Memory,0,0
2025-07-02 22:59:07,29.0,SYS_XCU001_Memory,0,0
2025-07-02 22:59:08,29.0,SYS_XCU001_Memory,0,0
2025-07-02 22:59:09,29.0,SYS_XCU001_Memory,0,0
2025-07-02 22:59:10,29.0,SYS_XCU001_Memory,0,0
2025-07-02 22:59:11,29.0,SYS_XCU001_Memory,0,0
2025-07-02 22:59:12,29.0,SYS_XCU001_Memory,0,0
2025-07-02 22:59:13,29.0,SYS_XCU001_Memory,0,0
2025-07-02 22:59:14,29.0,SYS_XCU001_Memory,0,0
2025-07-02 22:59:15,29.0,SYS_XCU001_Memory,0,0
2025-07-02 22:59:16,29.0,SYS_XCU001_Memory,0,0
2025-07-02 22:59:17,29.0,SYS_XCU001_Memory,0,0
2025-07-02 22:59:18,29.0,SYS_XCU001_Memory,0,0
2025-07-02 22:59:19,29.0,SYS_XCU001_Memory,0,0
2025-07-02 22:59:20,29.0,SYS_XCU001_Memory,0,0
2025-07-02 22:59:21,29.0,SYS_XCU001_Memory,0,0
2025-07-02 22:59:22,29.0,SYS_XCU001_Memory,0,0
2025-07-02 22:59:23,29.0,SYS_XCU001_Memory,0,0
2025-07-02 22:59:24,29.0,SYS_XCU001_Memory,0,0
2025-07-02 22:59:25,29.0,SYS_XCU001_Memory,0,0
2025-07-02 22:59:26,29.0,SYS_XCU001_Memory,0,0
2025-07-02 22:59:27,29.0,SYS_XCU001_Memory,0,0
2025-07-02 22:59:28,29.0,SYS_XCU001_Memory,0,0
2025-07-02 22:59:29,29.0,SYS_XCU001_Memory,0,0
2025-07-02 22:59:30,29.0,SYS_XCU001_Memory,0,0
2025-07-02 22:59:31,29.0,SYS_XCU001_Memory,0,0
2025-07-02 22:59:32,29.0,SYS_XCU001_Memory,0,0
2025-07-02 22:59:33,29.0,SYS_XCU001_Memory,0,0
2025-07-02 22:59:34,29.0,SYS_XCU001_Memory,0,0
2025-07-02 22:59:35,29.0,SYS_XCU001_Memory,0,0
2025-07-02 22:59:36,29.0,SYS_XCU001_Memory,0,0
2025-07-02 22:59:37,29.0,SYS_XCU001_Memory,0,0
2025-07-02 22:59:38,29.0,SYS_XCU001_Memory,0,0
2025-07-02 22:59:39,29.0,SYS_XCU001_Memory,0,0
2025-07-02 22:59:40,29.0,SYS_XCU001_Memory,0,0
2025-07-02 22:59:41,29.0,SYS_XCU001_Memory,0,0
2025-07-02 22:59:42,29.0,SYS_XCU001_Memory,0,0
2025-07-02 22:59:43,29.0,SYS_XCU001_Memory,0,0
2025-07-02 22:59:44,29.0,SYS_XCU001_Memory,0,0
2025-07-02 22:59:45,29.0,SYS_XCU001_Memory,0,0
2025-07-02 22:59:46,29.0,SYS_XCU001_Memory,0,0
2025-07-02 22:59:47,29.0,SYS_XCU001_Memory,0,0
2025-07-02 22:59:48,29.0,SYS_XCU001_Memory,0,0
2025-07-02 22:59:49,29.0,SYS_XCU001_Memory,0,0
2025-07-02 22:59:50,29.0,SYS_XCU001_Memory,0,0
2025-07-02 22:59:51,29.0,SYS_XCU001_Memory,0,0
2025-07-02 22:59:52,29.0,SYS_XCU001_Memory,0,0
2025-07-02 22:59:53,29.0,SYS_XCU001_Memory,0,0
2025-07-02 22:59:54,29.0,SYS_XCU001_Memory,0,0
2025-07-02 22:59:55,29.0,SYS_XCU001_Memory,0,0
2025-07-02 22:59:56,29.0,SYS_XCU001_Memory,0,0
2025-07-02 22:59:57,29.0,SYS_XCU001_Memory,0,0
2025-07-02 22:59:58,29.0,SYS_XCU001_Memory,0,0
2025-07-02 22:59:59,29.0,SYS_XCU001_Memory,0,0
